Food_Code,Food_Group,Food_Name,Source,Data_Type,Energy_kcal,Energy_kJ,Protein_g,Carbohydrate_g,Fat_g,Free_Sugar_g,Dietary_Fiber_g,Moisture_g,Ash_g,SFA_mg,MUFA_mg,PUFA_mg,Cholesterol_mg,Calcium_mg,Phosphorus_mg,Magnesium_mg,Sodium_mg,Potassium_mg,Iron_mg,Zinc_mg,Copper_mg,Selenium_ug,Vitamin_A_ug,Beta_Carotene_ug,Total_Carotenoids_ug,Vitamin_D2_ug,Vitamin_D3_ug,Vitamin_E_mg,Vitamin_K1_ug,Vitamin_K2_ug,Vitamin_B1_Thiamine_mg,Vitamin_B2_Riboflavin_mg,Vitamin_B3_Niacin_mg,Vitamin_B5_PantothenicAcid_mg,Vitamin_B6_mg,Vitamin_B7_Biotin_ug,Vitamin_B9_Folate_ug,Vitamin_C_mg,Serving_Unit,Serving_Size_g,Servings_Per_Recipe,Serving_Energy_kcal,Serving_Protein_g,Serving_Carb_g,Serving_Fat_g,Serving_Fiber_g
A001,Cereals and Millets,"Amaranth seed, black (Amaranthus cruentus)",IFCT_2017,Raw_Ingredient,356.1,1490,14.59,59.98,5.74,,7.02,9.89,2.78,,,,,,,,,,,,,,,,121,58.67,,0.17,1.8,,0.04,0.04,0.45,0.24,0.5,1.92,27.44,,,,,,,,,
A002,Cereals and Millets,"Amaranth seed, pale brown (Amaranthus cruentus)",IFCT_2017,Raw_Ingredient,355.9,1489,13.27,61.46,5.56,,7.47,9.2,3.05,,,,,,,,,,,,,,,,59.68,53.98,,0.15,2.5,,0.04,0.04,0.52,0.28,0.33,1.87,24.65,,,,,,,,,
A003,Cereals and Millets,Bajra (Pennisetum typhoideum),IFCT_2017,Raw_Ingredient,348,1456,10.96,61.78,5.43,,11.49,8.97,1.37,,,,,,,,,,,,,,,28.23,293,5.65,,0.24,2.85,,0.25,0.2,0.86,0.5,0.27,0.64,36.11,,,,,,,,,
A004,Cereals and Millets,Barley (Hordeum vulgare),IFCT_2017,Raw_Ingredient,315.7,1321,10.94,61.29,1.3,,15.64,9.77,1.06,,,,,,,,,,,,,,,,69.87,,,0.01,1.85,,0.36,0.18,2.84,0.14,0.31,2.38,31.58,,,,,,,,,
A005,Cereals and Millets,Jowar (Sorghum vulgare),IFCT_2017,Raw_Ingredient,334.1,1398,9.97,67.68,1.73,,10.22,9.01,1.39,,,,,,,,,,,,,,,8.29,212,3.96,,0.06,43.82,,0.35,0.14,2.1,0.27,0.28,0.7,39.42,,,,,,,,,
A006,Cereals and Millets,"Maize, dry (Zea mays)",IFCT_2017,Raw_Ingredient,334.1,1398,8.8,64.77,3.77,,12.24,9.26,1.17,,,,,,,,,,,,,,,186,893,33.6,,0.36,2.5,,0.33,0.09,2.69,0.34,0.34,0.49,25.81,,,,,,,,,
A007,Cereals and Millets,"Maize, tender, local (Zea mays)",IFCT_2017,Raw_Ingredient,120,502,3.57,22.69,1.4,,3.67,68.29,0.38,,,,,,,,,,,,,,,36.27,1428,42.34,,0.09,2,,0.17,0.12,1.13,0.35,0.45,1.7,62.96,4.26,,,,,,,,
A008,Cereals and Millets,"Maize, tender, sweet (Zea mays)",IFCT_2017,Raw_Ingredient,96.8,405,4.16,16.42,1.35,,3.3,74.4,0.36,,,,,,,,,,,,,,,47.01,1035,16.94,,0.1,1.8,,0.1,0.14,1.14,0.32,0.38,1.91,59.71,5.72,,,,,,,,
A009,Cereals and Millets,Quinoa (Chenopodium quinoa),IFCT_2017,Raw_Ingredient,328.4,1374,13.11,53.65,5.5,,14.66,10.43,2.65,,,,,,,,,,,,,,,5.12,153,,,2.08,2,,0.83,0.22,1.7,0.62,0.21,0.62,173,,,,,,,,,
A010,Cereals and Millets,Ragi (Eleusine coracana),IFCT_2017,Raw_Ingredient,320.7,1342,7.16,66.82,1.92,,11.18,10.89,2.04,,,,,,,,,,,,,,,1.53,154,41.46,,0.16,3,,0.37,0.17,1.34,0.29,0.05,0.88,34.66,,,,,,,,,
A011,Cereals and Millets,Rice flakes (Oryza sativa ),IFCT_2017,Raw_Ingredient,353.7,1480,7.44,76.75,1.14,,3.46,10.36,0.85,,,,,,,,,,,,,,,,33.61,,,0.05,1,,0.12,0.04,1.6,0.48,0.02,0.39,8.46,,,,,,,,,
A012,Cereals and Millets,Rice puffed (Oryza sativa ),IFCT_2017,Raw_Ingredient,361.9,1514,7.47,77.68,1.62,,2.56,9.4,1.28,,,,,,,,,,,,,,,,50.46,,,0.04,1,,0.11,0.04,1.87,0.38,0.07,1.26,,,,,,,,,,
A013,Cereals and Millets,"Rice, raw, brown (Oryza sativa )",IFCT_2017,Raw_Ingredient,353.7,1480,9.16,74.8,1.24,,4.43,9.33,1.04,,,,,,,,,,,,,,,,159,,,0.69,2,,0.27,0.06,3.4,0.61,0.37,1.38,11.51,,,,,,,,,
A014,Cereals and Millets,"Rice, parboiled, milled (Oryza sativa )",IFCT_2017,Raw_Ingredient,351.6,1471,7.81,77.16,0.55,,3.74,10.09,0.65,,,,,,,,,,,,,,,,46.9,,,0.09,1.5,,0.17,0.06,2.51,0.55,0.22,0.31,9.75,,,,,,,,,
A015,Cereals and Millets,"Rice, raw, milled (Oryza sativa )",IFCT_2017,Raw_Ingredient,356.4,1491,7.94,78.24,0.52,,2.81,9.93,0.56,,,,,,,,,,,,,,,,16.87,,,0.06,1.5,,0.05,0.05,1.69,0.57,0.12,0.6,9.32,,,,,,,,,
A016,Cereals and Millets,Samai (Panicum miliare),IFCT_2017,Raw_Ingredient,346.3,1449,10.13,65.55,3.89,,7.72,11.36,1.34,,,,,,,,,,,,,,,1.91,120,3.75,,0.55,4.47,,0.26,0.05,1.29,0.6,0.04,6.03,36.2,,,,,,,,,
A017,Cereals and Millets,Varagu (Setaria italica),IFCT_2017,Raw_Ingredient,331.7,1388,8.92,66.19,2.55,,6.39,14.23,1.72,,,,,,,,,,,,,,,1.41,272,,,0.07,3.75,,0.29,0.2,1.49,0.63,0.07,1.49,39.49,,,,,,,,,
A018,Cereals and Millets,"Wheat flour, refined (Triticum aestivum)",IFCT_2017,Raw_Ingredient,351.8,1472,10.36,74.27,0.76,,2.76,11.34,0.51,,,,,,,,,,,,,,,1.97,270,6.73,,0.05,1,,0.15,0.06,0.77,0.72,0.08,0.58,16.25,,,,,,,,,
A019,Cereals and Millets,"Wheat flour, atta (Triticum aestivum)",IFCT_2017,Raw_Ingredient,320.3,1340,10.57,64.17,1.53,,11.36,11.1,1.28,,,,,,,,,,,,,,,2.67,284,13.43,,0.26,1.5,,0.42,0.15,2.37,0.87,0.25,0.76,29.22,,,,,,,,,
A020,Cereals and Millets,"Wheat, whole (Triticum aestivum)",IFCT_2017,Raw_Ingredient,321.9,1347,10.59,64.72,1.47,,11.23,10.58,1.42,,,,,,,,,,,,,,,3.03,287,17.49,,0.77,1.75,,0.46,0.15,2.68,1.08,0.26,1.03,30.09,,,,,,,,,
A021,Cereals and Millets,"Wheat, bulgur (Triticum aestivum)",IFCT_2017,Raw_Ingredient,341.8,1430,10.84,69.06,1.45,,8.81,8.61,1.23,,,,,,,,,,,,,,,2.55,191,6.27,,0.21,1.5,,0.24,0.12,2.05,0.84,0.24,2.5,26.3,,,,,,,,,
A022,Cereals and Millets,"Wheat, semolina (Triticum aestivum)",IFCT_2017,Raw_Ingredient,333.7,1396,11.38,68.43,0.74,,9.72,8.94,0.8,,,,,,,,,,,,,,,1.6,276,8.19,,0.2,1.2,,0.29,0.04,1.13,0.75,0.11,0.44,25.68,,,,,,,,,
A023,Cereals and Millets,"Wheat, vermicelli (Triticum aestivum)",IFCT_2017,Raw_Ingredient,332.7,1392,9.7,70.39,0.45,,9.28,9.59,0.6,,,,,,,,,,,,,,,1.68,39.54,4.06,,0.03,1,,0.13,0.01,0.86,0.52,0.03,2,14.35,,,,,,,,,
A024,Cereals and Millets,"Wheat, vermicelli, roasted (Triticum aestivum)",IFCT_2017,Raw_Ingredient,340.1,1423,10.37,71.42,0.49,,9.55,7.61,0.56,,,,,,,,,,,,,,,0.92,21.33,3.21,,0.01,1,,0.12,0.01,0.67,0.49,0.03,1.34,13.21,,,,,,,,,
B001,Grain Legumes,"Bengal gram, dal (Cicer arietinum)",IFCT_2017,Raw_Ingredient,329.1,1377,21.55,46.72,5.31,,15.15,9.18,2.1,,,,,,,,,,,,,,,165,1018,1.75,,0.19,1.5,,0.35,0.15,1.87,1.6,0.19,0.81,182,,,,,,,,,
B002,Grain Legumes,"Bengal gram, whole (Cicer arietinum)",IFCT_2017,Raw_Ingredient,287,1201,18.77,39.56,5.11,,25.22,8.56,2.78,,,,,,,,,,,,,,,172,999,1.93,,1.72,2.1,,0.37,0.24,2.1,2.38,0.36,0.93,233,,,,,,,,,
B003,Grain Legumes,"Black gram, dal (Phaseolus mungo)",IFCT_2017,Raw_Ingredient,324.1,1356,23.06,51,1.69,,11.93,9.16,3.17,,,,,,,,,,,,,,,10.11,279,8.42,,0.17,8.3,,0.21,0.09,1.76,2.95,0.22,0.81,88.75,,,,,,,,,
B004,Grain Legumes,"Black gram, whole (Phaseolus mungo)",IFCT_2017,Raw_Ingredient,291.3,1219,21.97,43.99,1.58,,20.41,8.7,3.35,,,,,,,,,,,,,,,12.8,463,16.84,,0.23,10.8,,0.32,0.11,1.85,3.98,0.53,1.28,134,,,,,,,,,
B005,Grain Legumes,"Cowpea, brown (Vigna catjang)",IFCT_2017,Raw_Ingredient,320.3,1340,20.36,54.62,1.15,,11.54,9.42,2.9,,,,,,,,,,,,,,,7.08,218,0.92,,0.7,1.75,,0.33,0.09,1.64,1.47,0.3,3.97,231,,,,,,,,,
B006,Grain Legumes,"Cowpea, white (Vigna catjang)",IFCT_2017,Raw_Ingredient,320.3,1340,21.25,53.77,1.14,,11.7,9.32,2.83,,,,,,,,,,,,,,,8.21,250,0.93,,0.65,1.7,,0.34,0.09,1.51,1.66,0.26,4.28,249,,,,,,,,,
B007,Grain Legumes,"Field bean, black (Phaseolus vulgaris)",IFCT_2017,Raw_Ingredient,276.1,1155,19.93,43.46,0.92,,23.4,9.57,2.73,,,,,,,,,,,,,,,,207,4.35,,0.51,21.5,,0.35,0.07,1.88,0.85,0.35,0.66,291,,,,,,,,,
B008,Grain Legumes,"Field bean, brown (Phaseolus vulgaris)",IFCT_2017,Raw_Ingredient,283,1184,19.9,45.24,0.98,,22.4,8.74,2.74,,,,,,,,,,,,,,,,254,4.24,,0.53,20.7,,0.32,0.07,2.04,0.97,0.37,0.76,292,,,,,,,,,
B009,Grain Legumes,"Field bean, white (Phaseolus vulgaris)",IFCT_2017,Raw_Ingredient,280.4,1173,19.84,44.53,0.94,,22.99,8.61,3.09,,,,,,,,,,,,,,,,256,4.26,,0.52,22.65,,0.37,0.07,1.96,0.92,0.38,0.68,289,,,,,,,,,
B010,Grain Legumes,"Green gram, dal (Phaseolus aureus)",IFCT_2017,Raw_Ingredient,325.8,1363,23.88,52.59,1.35,,9.37,9.77,3.04,,,,,,,,,,,,,,,122,619,2.05,,0.23,8.3,,0.35,0.12,1.84,1.68,0.19,0.65,92.11,,,,,,,,,
B011,Grain Legumes,"Green gram, whole (Phaseolus aureus)",IFCT_2017,Raw_Ingredient,293.7,1229,22.53,46.13,1.14,,17.04,9.95,3.22,,,,,,,,,,,,,,,137,889,3.15,,0.33,12.63,,0.45,0.27,2.16,2.02,0.35,1.35,145,,,,,,,,,
B012,Grain Legumes,"Horse gram, whole (Dolicus biflorus)",IFCT_2017,Raw_Ingredient,329.6,1379,21.73,57.24,0.62,,7.88,9.28,3.24,,,,,,,,,,,,,,,58.57,267,1.8,,0.27,10.24,,0.32,0.24,1.82,1.58,0.21,0.59,163,,,,,,,,,
B013,Grain Legumes,Lentil dal (Lens culinaris),IFCT_2017,Raw_Ingredient,322.4,1349,24.35,52.53,0.75,,10.43,9.71,2.23,,,,,,,,,,,,,,,6.34,812,1.31,,0.16,3.75,,0.34,0.16,1.81,1.32,0.18,1.25,49.99,,,,,,,,,
B014,Grain Legumes,"Lentil whole, brown (Lens culinaris)",IFCT_2017,Raw_Ingredient,299,1251,22.49,48.47,0.64,,16.82,9.2,2.39,,,,,,,,,,,,,,,10.29,924,14.52,,0.19,7.27,,0.4,0.22,2.54,1.84,0.46,1.74,132,,,,,,,,,
B015,Grain Legumes,"Lentil whole, yellowish (Lens culinaris)",IFCT_2017,Raw_Ingredient,297.8,1246,22.87,47.91,0.61,,16.66,9.75,2.2,,,,,,,,,,,,,,,12.64,939,17.68,,0.19,5.25,,0.42,0.22,2.56,1.68,0.47,1.63,121,,,,,,,,,
B016,Grain Legumes,Moth bean (Vigna aconitifolia),IFCT_2017,Raw_Ingredient,308.6,1291,19.75,52.09,1.76,,15.12,8.14,3.14,,,,,,,,,,,,,,,3.57,622,9.77,,0.79,22.75,,0.45,0.09,1.87,1.41,0.16,2.12,349,,,,,,,,,
B017,Grain Legumes,"Peas, dry (Pisum sativum)",IFCT_2017,Raw_Ingredient,303.3,1269,20.43,48.93,1.89,,17.01,9.33,2.41,,,,,,,,,,,,,,,65.71,933,15.21,,0.32,11.45,,0.56,0.16,2.69,1.26,0.26,0.53,110,,,,,,,,,
B018,Grain Legumes,"Rajmah, black (Phaseolus vulgaris)",IFCT_2017,Raw_Ingredient,298,1247,19.01,49.59,1.62,,17.74,8.69,3.35,,,,,,,,,,,,,,,1.95,86.67,27.98,,0.21,5.05,,0.21,0.19,2.61,1.91,0.23,0.63,332,,,,,,,,,
B019,Grain Legumes,"Rajmah, brown (Phaseolus vulgaris)",IFCT_2017,Raw_Ingredient,297.6,1245,19.5,48.83,1.68,,16.95,9.68,3.36,,,,,,,,,,,,,,,2.16,90.26,25.82,,0.23,5.5,,0.26,0.21,2.37,2.06,0.21,0.77,330,,,,,,,,,
B020,Grain Legumes,"Rajmah, red (Phaseolus vulgaris)",IFCT_2017,Raw_Ingredient,299.2,1252,19.91,48.61,1.77,,16.57,9.87,3.28,,,,,,,,,,,,,,,1.6,103,26.73,,0.23,4.9,,0.3,0.19,2.42,1.82,0.21,0.77,316,,,,,,,,,
B021,Grain Legumes,"Red gram, dal (Cajanus cajan)",IFCT_2017,Raw_Ingredient,330.8,1384,21.7,55.23,1.56,,9.06,9.2,3.26,,,,,,,,,,,,,,,127,484,2.12,,0.19,42.25,,0.45,0.11,2.09,1.27,0.24,0.31,108,,,,,,,,,
B022,Grain Legumes,"Red gram, whole (Cajanus cajan)",IFCT_2017,Raw_Ingredient,273.9,1146,20.47,42.48,1.38,,22.84,9.3,3.53,,,,,,,,,,,,,,,149,579,2.78,,0.8,91.83,,0.74,0.15,2.42,1.56,0.42,0.65,229,,,,,,,,,
B023,Grain Legumes,Ricebean (Vigna umbellata ),IFCT_2017,Raw_Ingredient,302.3,1265,19.97,51.26,0.74,,13.37,11.12,3.54,,,,,,,,,,,,,,,,29.02,8.26,,1.06,21.85,,0.46,0.14,2.32,0.98,0.13,2.65,122,1.11,,,,,,,,
B024,Grain Legumes,"Soya bean, brown (Glycine max)",IFCT_2017,Raw_Ingredient,381.5,1596,35.58,12.79,19.82,,21.55,5.51,4.74,,,,,,,,,,,,,,,3.5,262,66.22,,1.29,45.8,,0.59,0.24,2.12,1.97,0.43,0.73,297,,,,,,,,,
B025,Grain Legumes,"Soya bean, white (Glycine max)",IFCT_2017,Raw_Ingredient,377.4,1579,37.8,10.16,19.42,,22.63,5.47,4.52,,,,,,,,,,,,,,,2.82,282,69.81,,1.33,46.2,,0.61,0.23,2.28,1.97,0.45,0.77,288,,,,,,,,,
C001,Green Leafy Vegetables,Agathi leaves (Sesbania grandiflora),IFCT_2017,Raw_Ingredient,70.5,295,8.01,5.21,1.35,,8.6,74.43,2.42,,,,,,,,,,,,,,,12582,36087,4.02,,1.77,269,,0.26,0.33,1.18,0.53,0.22,7.75,120,121,,,,,,,,
C002,Green Leafy Vegetables,"Amaranth leaves, green (Amaranthus gangeticus)",IFCT_2017,Raw_Ingredient,30.6,128,3.29,2.28,0.65,,4.41,86.85,2.52,,,,,,,,,,,,,,,8553,20473,16.01,,0.44,280,,0.01,0.19,0.71,0.41,0.21,2.46,70.33,83.54,,,,,,,,
C003,Green Leafy Vegetables,"Amaranth leaves, red (Amaranthus gangeticus)",IFCT_2017,Raw_Ingredient,33.5,140,3.93,2.37,0.63,,4.91,85.56,2.61,,,,,,,,,,,,,,,8457,21449,15.1,,0.46,312,,0.01,0.269,0.62,0.37,0.22,2.95,81.95,86.2,,,,,,,,
C004,Green Leafy Vegetables,"Amaranth leaves, red and green mix (Amaranthus gangeticus)",IFCT_2017,Raw_Ingredient,31.5,132,3.09,2.87,0.53,,4.6,86.37,2.55,,,,,,,,,,,,,,,8464,20181,15.25,,0.45,284,,0.01,0.22,0.69,0.37,0.19,2.41,69.08,77.24,,,,,,,,
C005,Green Leafy Vegetables,"Amaranth spinosus, leaves, green (Amaranthus spinosus)",IFCT_2017,Raw_Ingredient,26.3,110,3.54,1.61,0.36,,5.1,86.46,2.94,,,,,,,,,,,,,,,1594,4174,15.23,,0.28,443,,0.01,0.13,0.63,0.33,0.22,3.07,41.44,82.56,,,,,,,,
C006,Green Leafy Vegetables,"Amaranth spinosus, leaves, red and green mix (Amaranthus spinosus)",IFCT_2017,Raw_Ingredient,23.7,99,2.8,1.45,0.34,,5.57,86.64,3.2,,,,,,,,,,,,,,,1487,4540,15.04,,0.28,448,,0.01,0.15,0.72,0.31,0.2,2.91,44.23,77.3,,,,,,,,
C007,Green Leafy Vegetables,Basella leaves (Basella alba),IFCT_2017,Raw_Ingredient,19.6,82,1.57,2.01,0.45,,2.21,92.68,1.09,,,,,,,,,,,,,,,2473,5824,9.18,,0.16,236,,0.06,0.15,0.46,0.48,0.18,1.07,90.31,63.35,,,,,,,,
C008,Green Leafy Vegetables,Bathua leaves (Chenopodium album),IFCT_2017,Raw_Ingredient,27.7,116,2.5,2.56,0.44,,4.01,88.77,1.71,,,,,,,,,,,,,,,1075,3469,1.01,,0.25,224,,0.06,0.51,0.54,0.41,0.17,1.25,42.55,41.03,,,,,,,,
C009,Green Leafy Vegetables,Beet greens (Beta vulgaris),IFCT_2017,Raw_Ingredient,34.7,145,2.38,3.86,0.75,,3.64,86.68,2.69,,,,,,,,,,,,,,,1703,3340.97,1.65,,0.21,69.45,,0.02,0.17,0.43,0.29,0.13,4.66,11.52,35.83,,,,,,,,
C010,Green Leafy Vegetables,"Betel leaves, big (kolkata) (Piper betle)",IFCT_2017,Raw_Ingredient,48.3,202,2.51,7.37,0.75,,2.12,84.93,2.33,,,,,,,,,,,,,,,4186,13735,3.78,,0.05,207,,0.03,0.08,0.45,0.51,0.04,2.18,15.96,18.4,,,,,,,,
C011,Green Leafy Vegetables,"Betel leaves, small (Piper betle)",IFCT_2017,Raw_Ingredient,43.7,183,2.62,6.16,0.75,,1.97,85.92,2.59,,,,,,,,,,,,,,,4676,16563,2.27,,0.03,204,,0.02,0.07,0.47,0.47,0.04,1.28,16.56,24.51,,,,,,,,
C012,Green Leafy Vegetables,Brussels sprouts (Brassica oleracea var. gemmifera),IFCT_2017,Raw_Ingredient,44.2,185,4.26,5.09,0.5,,4.29,84.39,1.47,,,,,,,,,,,,,,,360,2564,0.26,,0.21,23.6,,0.06,0.16,0.5,0.47,0.19,2.45,85.01,89.45,,,,,,,,
C013,Green Leafy Vegetables,"Cabbage, Chinese (Brassica rupa)",IFCT_2017,Raw_Ingredient,17.9,75,1.58,2.36,0.13,,2.01,93.19,0.73,,,,,,,,,,,,,,,5.5,103,0.39,,0.25,111,,0.01,0.05,0.38,0.58,0.19,1.08,54.51,19.32,,,,,,,,
C014,Green Leafy Vegetables,"Cabbage, collard greens (Brassica oleracea var. viridis)",IFCT_2017,Raw_Ingredient,30.1,126,3.63,2.79,0.27,,2.98,89.53,0.81,,,,,,,,,,,,,,,104,358,0.18,,0.2,125,,0.03,0.05,0.26,0.49,0.24,1.38,63.46,40.76,,,,,,,,
C015,Green Leafy Vegetables,"Cabbage, green (Brassica oleracea var. capitata f. alba)",IFCT_2017,Raw_Ingredient,21.5,90,1.36,3.25,0.12,,2.76,91.85,0.67,,,,,,,,,,,,,,,20.48,273,0.21,,0.05,113,,0.03,0.05,0.24,0.24,0.13,1.41,46.36,33.25,,,,,,,,
C016,Green Leafy Vegetables,"Cabbage, violet (Brassica oleracea var. capitata f. rubra)",IFCT_2017,Raw_Ingredient,23.2,97,1.39,3.54,0.21,,2.21,91.94,0.71,,,,,,,,,,,,,,,31.17,339,0.19,,0.03,117,,0.04,0.05,0.27,0.25,0.17,1.43,34.81,43.49,,,,,,,,
C017,Green Leafy Vegetables,Cauliflower leaves (Brassica oleracea var. botrytis),IFCT_2017,Raw_Ingredient,35.4,148,3.9,3.39,0.42,,3.43,87.64,1.22,,,,,,,,,,,,,,,146,1742,4.15,,0.08,144,,0.05,0.05,0.21,0.34,0.23,1.38,42.99,52.84,,,,,,,,
C018,Green Leafy Vegetables,"Colocasia leaves, green (Colocasia anti-quorum)",IFCT_2017,Raw_Ingredient,43.5,182,3.42,3.69,1.38,,5.6,83.61,2.3,,,,,,,,,,,,,,,5758,26820,1.7,,0.07,318,,0.08,0.07,0.8,0.27,0.29,12.1,159,40.71,,,,,,,,
C019,Green Leafy Vegetables,Drumstick leaves (Moringa oleifera),IFCT_2017,Raw_Ingredient,67.4,282,6.41,5.62,1.64,,8.21,75.65,2.46,,,,,,,,,,,,,,,17542,38765,14.33,,0.31,479,,0.06,0.45,0.82,0.39,0.87,2.26,42.89,108,,,,,,,,
C020,Green Leafy Vegetables,Fenugreek leaves (Trigonella foenum graecum),IFCT_2017,Raw_Ingredient,34.4,144,3.68,2.17,0.83,,4.9,86.73,1.69,,,,,,,,,,,,,,,9245,12755,2.36,,0.36,428,,0.11,0.22,0.7,0.49,0.38,4.82,75.26,58.25,,,,,,,,
C021,Green Leafy Vegetables,Garden cress (Lepidium sativum),IFCT_2017,Raw_Ingredient,49.7,208,5.62,4.48,0.8,,2.6,84.02,2.48,,,,,,,,,,,,,,,88.72,5048,0.55,,0.74,458,,0.03,0.06,1.2,0.22,0.2,12.01,58.1,42.75,,,,,,,,
C022,Green Leafy Vegetables,"Gogu leaves, green (Hibiscus cannabinus)",IFCT_2017,Raw_Ingredient,36.3,152,1.86,4.06,1.09,,4.59,87.42,0.98,,,,,,,,,,,,,,,5285,16088,4.28,,0.5,433,,0.13,0.06,0.58,0.7,0.33,3.38,74.94,29.65,,,,,,,,
C023,Green Leafy Vegetables,"Gogu leaves, red (Hibiscus cannabinus)",IFCT_2017,Raw_Ingredient,36.6,153,1.85,4.24,1.07,,3.89,87.98,0.97,,,,,,,,,,,,,,,5143,15934,4.27,,0.5,438,,0.12,0.05,0.56,0.71,0.31,3.43,88.63,35.43,,,,,,,,
C024,Green Leafy Vegetables,"Knol-Khol, leaves (Brassica oleracea var. gongylodes)",IFCT_2017,Raw_Ingredient,42.5,178,3.12,6.16,0.35,,2.76,86.2,1.42,,,,,,,,,,,,,,,12.04,154,0.59,,0.53,295,,0.06,0.15,0.86,0.27,0.28,13.57,41.55,71.11,,,,,,,,
C025,Green Leafy Vegetables,Lettuce (Lactuca sativa),IFCT_2017,Raw_Ingredient,21.7,91,1.54,3.01,0.27,,1.79,92.27,1.11,,,,,,,,,,,,,,,1285,7532,0.1,,0.01,91.08,,0.05,0.09,0.17,0.11,0.08,2.15,30.69,11.91,,,,,,,,
C026,Green Leafy Vegetables,Mustard leaves (Brassica juncea),IFCT_2017,Raw_Ingredient,30.4,127,3.52,2.41,0.51,,3.92,88.17,1.47,,,,,,,,,,,,,,,2619,6397,5.4,,0.57,192,,0.08,0.18,0.58,0.26,0.16,1.7,110,60.32,,,,,,,,
C027,Green Leafy Vegetables,Pak Choi leaves (Brassica rapa var. Chinensis),IFCT_2017,Raw_Ingredient,16,67,1.41,1.78,0.25,,1.91,93.56,1.1,,,,,,,,,,,,,,,2450,5111,0.1,,0.03,39.85,,0.02,0.22,0.66,0.31,0.96,10.25,98.5,55.6,,,,,,,,
C028,Green Leafy Vegetables,Parsley (Petroselinum crispum),IFCT_2017,Raw_Ingredient,72.9,305,5.55,9.43,1.14,,3.87,77.76,2.25,,,,,,,,,,,,,,,2710,6558,5.55,,0.35,322,,0.19,0.1,0.36,0.2,0.19,13.47,197,133,,,,,,,,
C029,Green Leafy Vegetables,Ponnaganni (Alternanthera sessilis),IFCT_2017,Raw_Ingredient,50.9,213,5.29,5.17,0.71,,6.74,79.43,2.65,,,,,,,,,,,,,,,5288,24206,0.65,,0.54,574,,0.02,0.1,0.32,0.21,0.19,11.18,48.42,103,,,,,,,,
C030,Green Leafy Vegetables,"Pumpkin leaves, tender (Cucurbita maxima)",IFCT_2017,Raw_Ingredient,44.2,185,4.21,4.75,0.74,,2.25,85.82,2.24,,,,,,,,,,,,,,,1455,8247,3.19,,1.69,243,,0.07,0.13,1.49,0.36,0.17,3.4,33.82,12.33,,,,,,,,
C031,Green Leafy Vegetables,Radish leaves (Raphanus sativus),IFCT_2017,Raw_Ingredient,26.1,109,2.22,2.77,0.51,,1.82,91.19,1.5,,,,,,,,,,,,,,,2591,9339,1.39,,0.08,185,,0.06,0.13,0.47,0.14,0.16,4.39,53.14,65.76,,,,,,,,
C032,Green Leafy Vegetables,Rumex leaves (Rumex patientia),IFCT_2017,Raw_Ingredient,19.6,82,1.62,2.33,0.33,,1.27,93.18,1.27,,,,,,,,,,,,,,,2754,8290,0.1,,0.51,126,,0.03,0.14,0.33,0.25,0.09,1.3,41.01,53.76,,,,,,,,
C033,Green Leafy Vegetables,Spinach (Spinacia oleracea),IFCT_2017,Raw_Ingredient,24.4,102,2.14,2.05,0.64,,2.38,90.31,2.47,,,,,,,,,,,,,,,2605,9553,0.26,,1.29,325,,0.16,0.1,0.33,0.22,0.15,4.14,142,30.28,,,,,,,,
C034,Green Leafy Vegetables,"Tamarind leaves, tender (Tamarindus indica)",IFCT_2017,Raw_Ingredient,71.5,299,5.84,10.04,0.49,,10.7,71.69,1.25,,,,,,,,,,,,,,,168,4002,2.62,,0.81,249,,0.12,0.03,0.79,0.3,0.14,3.29,91.82,28.22,,,,,,,,
D001,Other Vegetables,Ash gourd (Benincasa hispida),IFCT_2017,Raw_Ingredient,17.4,73,0.79,2.84,0.14,,3.37,92.17,0.7,,,,,,,,,,,,,,,,66.67,1.35,,0.02,27.15,,0.03,0.01,0.12,0.37,0.18,2.01,14.11,11.41,,,,,,,,
D002,Other Vegetables,"Bamboo shoot, tender (Bambusa vulgaris)",IFCT_2017,Raw_Ingredient,16.3,68,1.33,1.67,0.35,,1.55,94.56,0.55,,,,,,,,,,,,,,,,11.6,0.41,,,1.13,,0.06,0.06,0.25,0.22,0.13,5.93,17.05,15.74,,,,,,,,
D003,Other Vegetables,"Bean scarlet, tender (Phaseolus coccineus)",IFCT_2017,Raw_Ingredient,42.8,179,2.86,5.16,0.99,,4.5,85.51,0.96,,,,,,,,,,,,,,,35.52,1055,1.4,,0.15,60.1,,0.13,0.12,0.52,0.42,0.31,12.26,45.26,6.61,,,,,,,,
D004,Other Vegetables,"Bitter gourd, jagged, teeth ridges, elongate (Momordica charantia)",IFCT_2017,Raw_Ingredient,20.8,87,1.44,2.82,0.24,,3.78,90.87,0.86,,,,,,,,,,,,,,,122,717,1.92,,0.03,4.55,,0.05,0.04,0.27,0.33,0.05,5.76,60.28,46.53,,,,,,,,
D005,Other Vegetables,"Bitter gourd, jagged, teeth ridges, short (Momordica charantia)",IFCT_2017,Raw_Ingredient,18.9,79,1.34,2.53,0.24,,3.49,91.6,0.81,,,,,,,,,,,,,,,126,505,1.9,,0.03,4.85,,0.06,0.04,0.29,0.36,0.04,5.55,51.45,50.87,,,,,,,,
D006,Other Vegetables,"Bitter gourd, jagged, smooth ridges, elongate (Momordica charantia)",IFCT_2017,Raw_Ingredient,19.4,81,1.61,2.29,0.26,,3.72,91.24,0.88,,,,,,,,,,,,,,,130,481,1.83,,0.03,4.7,,0.06,0.04,0.3,0.28,0.05,6.85,60.03,54.3,,,,,,,,
D007,Other Vegetables,"Bottle gourd, elongate, pale green (Lagenaria vulgaris)",IFCT_2017,Raw_Ingredient,11,46,0.53,1.68,0.13,,2.12,95.17,0.36,,,,,,,,,,,,,,,44.05,95.12,0.74,,0.02,2.1,,0.03,0.01,0.14,0.56,0.02,2.55,41.99,4.33,,,,,,,,
D008,Other Vegetables,"Bottle gourd, round, pale green (Lagenaria vulgaris)",IFCT_2017,Raw_Ingredient,13.6,57,0.42,2.53,0.12,,2.1,94.5,0.34,,,,,,,,,,,,,,,47.13,92.56,0.7,,0.01,2.06,,0.03,0.01,0.14,0.5,0.02,2.33,49.59,4.54,,,,,,,,
D009,Other Vegetables,"Bottle gourd, elongate, dark green (Lagenaria vulgaris)",IFCT_2017,Raw_Ingredient,12.9,54,0.49,2.25,0.13,,2.11,94.63,0.4,,,,,,,,,,,,,,,44.82,97.02,0.6,,0.02,1.8,,0.03,0.01,0.14,0.59,0.01,2.54,46.31,3.8,,,,,,,,
D010,Other Vegetables,Brinjal-1 (Solanum melongena),IFCT_2017,Raw_Ingredient,27.2,114,1.77,3.49,0.39,,3.57,89.95,0.83,,,,,,,,,,,,,,,126,186,0.85,,0.08,10.3,,0.07,0.13,0.74,0.29,0.05,1.17,37.22,1.58,,,,,,,,
D011,Other Vegetables,Brinjal-2 (Solanum melongena),IFCT_2017,Raw_Ingredient,23.7,99,1.82,2.71,0.34,,4.01,90.28,0.85,,,,,,,,,,,,,,,130,167,1.01,,0.11,11.45,,0.09,0.11,0.56,0.27,0.05,1.83,27.22,1.03,,,,,,,,
D012,Other Vegetables,Brinjal-3 (Solanum melongena),IFCT_2017,Raw_Ingredient,24.4,102,1.36,3.38,0.33,,4.26,90.02,0.65,,,,,,,,,,,,,,,138,155,1.19,,0.09,12.25,,0.05,0.109,0.6,0.29,0.07,1.32,32.29,2.34,,,,,,,,
D013,Other Vegetables,Brinjal-4 (Solanum melongena),IFCT_2017,Raw_Ingredient,23.9,100,1.51,3.19,0.31,,4.04,90.28,0.66,,,,,,,,,,,,,,,140,138,1.05,,0.09,12.75,,0.06,0.11,0.52,0.42,0.07,1.7,36.67,2.22,,,,,,,,
D014,Other Vegetables,Brinjal-5 (Solanum melongena),IFCT_2017,Raw_Ingredient,26.5,111,1.38,4.02,0.29,,4.13,89.45,0.72,,,,,,,,,,,,,,,123,136,1.61,,0.1,13.05,,0.07,0.11,0.49,0.29,0.08,1.42,32.21,3.15,,,,,,,,
D015,Other Vegetables,Brinjal-6 (Solanum melongena),IFCT_2017,Raw_Ingredient,23.2,97,1.46,3.29,0.29,,3.68,90.57,0.72,,,,,,,,,,,,,,,129,168,1.14,,0.08,21.45,,0.05,0.11,0.51,0.3,0.07,1.65,34.21,1.49,,,,,,,,
D016,Other Vegetables,Brinjal-7 (Solanum melongena),IFCT_2017,Raw_Ingredient,23.4,98,1.4,3.1,0.37,,3.32,91.25,0.57,,,,,,,,,,,,,,,155,166,0.84,,0.03,13.14,,0.05,0.12,0.44,0.33,0.07,1.32,26.58,1.08,,,,,,,,
D017,Other Vegetables,Brinjal-8 (Solanum melongena),IFCT_2017,Raw_Ingredient,28,117,1.82,3.75,0.33,,4.01,89.28,0.8,,,,,,,,,,,,,,,162,190,0.97,,0.08,13.94,,0.07,0.11,0.65,0.39,0.07,1.55,33.89,1.89,,,,,,,,
D018,Other Vegetables,Brinjal-9 (Solanum melongena),IFCT_2017,Raw_Ingredient,25.3,106,1.47,3.52,0.35,,4,89.83,0.83,,,,,,,,,,,,,,,158,232,1.02,,0.09,14.05,,0.06,0.11,0.56,0.3,0.09,2.3,35.89,1.72,,,,,,,,
D019,Other Vegetables,Brinjal-10 (Solanum melongena),IFCT_2017,Raw_Ingredient,27.7,116,1.68,4.08,0.25,,3.9,89.38,0.72,,,,,,,,,,,,,,,161,162,0.88,,0.05,14.25,,0.06,0.1,0.5,0.29,0.08,1.27,37.11,2.4,,,,,,,,
D020,Other Vegetables,Brinjal-11 (Solanum melongena),IFCT_2017,Raw_Ingredient,25.1,105,1.43,3.53,0.31,,4.12,89.93,0.68,,,,,,,,,,,,,,,162,227,1.01,,0.07,14.46,,0.06,0.11,0.53,0.29,0.08,1.68,34.24,2.24,,,,,,,,
D021,Other Vegetables,Brinjal-12 (Solanum melongena),IFCT_2017,Raw_Ingredient,22.2,93,1.6,2.73,0.27,,3.89,90.94,0.58,,,,,,,,,,,,,,,144,217,0.87,,0.09,14.32,,0.04,0.1,0.46,0.35,0.06,1.11,27.83,2.55,,,,,,,,
D022,Other Vegetables,Brinjal-13 (Solanum melongena),IFCT_2017,Raw_Ingredient,29.6,124,1.49,4.51,0.31,,3.92,89.14,0.64,,,,,,,,,,,,,,,138,116,1.06,,0.07,14.29,,0.04,0.12,0.54,0.34,0.09,2.29,30.99,1.49,,,,,,,,
D023,Other Vegetables,Brinjal-14 (Solanum melongena),IFCT_2017,Raw_Ingredient,25.3,106,1.56,3.27,0.35,,3.87,90.31,0.64,,,,,,,,,,,,,,,134,493,0.89,,0.06,14.58,,0.06,0.1,0.46,0.28,0.07,1.36,38.99,1.83,,,,,,,,
D024,Other Vegetables,Brinjal-15 (Solanum melongena),IFCT_2017,Raw_Ingredient,27.2,114,1.58,3.96,0.29,,3.99,89.44,0.74,,,,,,,,,,,,,,,162,346,1.12,,0.08,14.04,,0.07,0.11,0.51,0.32,0.07,1.91,32.48,2.01,,,,,,,,
D025,Other Vegetables,Brinjal-16 (Solanum melongena),IFCT_2017,Raw_Ingredient,24.6,103,1.26,3.46,0.34,,3.74,90.39,0.8,,,,,,,,,,,,,,,155,364,0.76,,0.09,13.37,,0.04,0.11,0.44,0.29,0.1,2.14,30.87,1.53,,,,,,,,
D026,Other Vegetables,Brinjal-17 (Solanum melongena),IFCT_2017,Raw_Ingredient,21.7,91,1.18,2.89,0.36,,3.94,90.83,0.81,,,,,,,,,,,,,,,146,564,1.33,,0.07,12.75,,0.08,0.09,0.53,0.34,0.1,3.57,27.7,1.95,,,,,,,,
D027,Other Vegetables,Brinjal-18 (Solanum melongena),IFCT_2017,Raw_Ingredient,27.7,116,1.47,4.1,0.33,,4.38,89.07,0.66,,,,,,,,,,,,,,,130,364,1.01,,0.04,13.67,,0.04,0.1,0.57,0.3,0.07,2.16,38.27,1.97,,,,,,,,
D028,Other Vegetables,Brinjal-19 (Solanum melongena),IFCT_2017,Raw_Ingredient,23.9,100,1.26,3.39,0.31,,3.97,90.41,0.66,,,,,,,,,,,,,,,119,552,1.06,,0.07,11.48,,0.04,0.1,0.53,0.26,0.09,2.54,34.32,2.53,,,,,,,,
D029,Other Vegetables,Brinjal-20 (Solanum melongena),IFCT_2017,Raw_Ingredient,23.7,99,1.44,3.15,0.34,,3.73,90.65,0.68,,,,,,,,,,,,,,,139,651,1.02,,0.07,10.94,,0.06,0.1,0.55,0.29,0.07,1.77,33.44,2.21,,,,,,,,
D030,Other Vegetables,Brinjal-21 (Solanum melongena),IFCT_2017,Raw_Ingredient,27,113,1.36,3.93,0.35,,3.85,89.83,0.69,,,,,,,,,,,,,,,155,670,0.84,,0.08,10.5,,0.05,0.11,0.53,0.32,0.08,1.93,32.6,1.38,,,,,,,,
D031,Other Vegetables,Brinjal - all varieties (Solanum melongena),IFCT_2017,Raw_Ingredient,25.3,106,1.48,3.52,0.32,,3.98,90,0.7,,,,,,,,,,,,,,,146,309,1.04,,0.07,13.53,,0.06,0.11,0.53,0.31,0.07,1.76,33.93,2.09,,,,,,,,
D032,Other Vegetables,Broad beans (Vicia faba),IFCT_2017,Raw_Ingredient,29.4,123,3.85,2.11,0.15,,8.63,84.2,1.05,,,,,,,,,,,,,,,6.38,574,11.58,,0.06,93.2,,0.12,0.1,0.76,0.45,0.23,10.03,20.46,10.98,,,,,,,,
D033,Other Vegetables,"Capsicum, green (Capsicum annuum)",IFCT_2017,Raw_Ingredient,16.3,68,1.11,1.84,0.34,,2.06,93.89,0.76,,,,,,,,,,,,,,,328,2511,0.7,,0.07,24.66,,0.05,0.03,0.56,0.21,0.15,4.59,51.85,123,,,,,,,,
D034,Other Vegetables,"Capsicum, red (Capsicum annuum)",IFCT_2017,Raw_Ingredient,19.8,83,1.47,2.14,0.47,,2.19,92.99,0.76,,,,,,,,,,,,,,,246,3047,0.52,,0.19,28.42,,0.1,0.03,0.66,0.25,0.24,5.47,62.54,112,,,,,,,,
D035,Other Vegetables,"Capsicum, yellow (Capsicum annuum)",IFCT_2017,Raw_Ingredient,18.6,78,1.35,1.95,0.41,,2.19,93.38,0.72,,,,,,,,,,,,,,,166,2717,0.89,,0.18,35.25,,0.14,0.02,0.59,0.21,0.25,6.33,66.15,127,,,,,,,,
D036,Other Vegetables,Cauliflower (Brassica oleracea),IFCT_2017,Raw_Ingredient,22.9,96,2.15,2.03,0.44,,3.71,90.76,0.91,,,,,,,,,,,,,,,1.59,50.48,1.32,,0.02,14.33,,0.04,0.07,0.31,0.62,0.13,2.47,45.95,47.14,,,,,,,,
D037,Other Vegetables,Celery stalk (Apium graveolens),IFCT_2017,Raw_Ingredient,16.5,69,0.98,2.33,0.24,,2.09,92.87,1.5,,,,,,,,,,,,,,,465,2439,1.39,,0.03,25.87,,0.03,0.04,0.48,0.42,0.06,2.09,22.48,12.3,,,,,,,,
D038,Other Vegetables,Cho-cho-marrow (Sechium edule),IFCT_2017,Raw_Ingredient,18.9,79,0.66,3.47,0.15,,1.55,93.78,0.38,,,,,,,,,,,,,,,1.57,24.53,5.46,,0.09,1.78,,0.01,0.03,0.23,0.21,0.07,1.06,63.03,20.21,,,,,,,,
D039,Other Vegetables,Cluster beans (Cyamopsis tetragonobola),IFCT_2017,Raw_Ingredient,40.2,168,3.55,4.91,0.37,,4.83,84.65,1.68,,,,,,,,,,,,,,,241,1192,13.72,,0.81,23.7,,0.05,0.03,0.71,0.35,0.12,5.35,41.24,17.96,,,,,,,,
D040,Other Vegetables,"Colocasia, stem, black (Colocasia antiquorum)",IFCT_2017,Raw_Ingredient,23.9,100,0.76,3.83,0.34,,3.01,91.15,0.91,,,,,,,,,,,,,,,4.97,631,0.21,,0.06,35.75,,0.02,0.04,0.16,0.47,0.06,3.8,30.88,5.15,,,,,,,,
D041,Other Vegetables,"Colocasia, stem, green (Colocasia antiquorum)",IFCT_2017,Raw_Ingredient,19.4,81,0.91,2.86,0.22,,2.33,92.67,1,,,,,,,,,,,,,,,2.3,597,0.14,,0.09,33.68,,0.02,0.03,0.22,0.5,0.07,3.46,25.32,5.83,,,,,,,,
D042,Other Vegetables,"Corn, Baby (Zea mays)",IFCT_2017,Raw_Ingredient,73.1,306,2.69,11.66,1.33,,6.09,75.44,2.79,,,,,,,,,,,,,,,1.52,72.89,31.2,,0.13,75.05,,0.15,0.07,0.53,0.94,0.16,0.79,45.53,8.59,,,,,,,,
D043,Other Vegetables,"Cucumber, green, elongate (Cucumis sativus)",IFCT_2017,Raw_Ingredient,19.6,82,0.71,3.48,0.16,,2.14,92.96,0.54,,,,,,,,,,,,,,,5.33,171,1.26,,0.02,8.2,,0.02,0.01,0.35,0.45,0.06,2.82,16.84,6.11,,,,,,,,
D044,Other Vegetables,"Cucumber, green, short (Cucumis sativus)",IFCT_2017,Raw_Ingredient,17.4,73,0.83,2.82,0.18,,2.13,93.52,0.52,,,,,,,,,,,,,,,4.8,172,1.36,,0.02,8,,0.02,0.01,0.35,0.32,0.07,2.97,14.67,6.21,,,,,,,,
D045,Other Vegetables,"Cucumber, orange, round (Cucumis sativus)",IFCT_2017,Raw_Ingredient,19.6,82,0.98,3.01,0.24,,2.46,92.8,0.52,,,,,,,,,,,,,,,5.55,134,1.59,,0.02,7.5,,0.02,0.01,0.36,0.34,0.04,3.13,18.77,6.24,,,,,,,,
D046,Other Vegetables,Drumstick (Moringa oleifera),IFCT_2017,Raw_Ingredient,29.4,123,2.62,3.76,0.12,,6.83,85.39,1.27,,,,,,,,,,,,,,,17.28,350,1.67,,0.31,358,,0.04,0.07,0.62,0.57,0.12,4.29,62.75,71.86,,,,,,,,
D047,Other Vegetables,"Field beans, tender, broad (Vicia faba)",IFCT_2017,Raw_Ingredient,30.8,129,3.06,2.75,0.64,,5.64,86.98,0.94,,,,,,,,,,,,,,,555,1738,7.14,,0.11,26.45,,0.07,0.07,0.32,0.41,0.42,4.11,123,5.99,,,,,,,,
D048,Other Vegetables,"Field beans, tender, lean (Vicia faba)",IFCT_2017,Raw_Ingredient,33.5,140,3.71,2.85,0.6,,6.19,85.57,1.08,,,,,,,,,,,,,,,556,1837,7.2,,0.1,26.35,,0.08,0.07,0.33,0.35,0.38,4.11,127,3.84,,,,,,,,
D049,Other Vegetables,"French beans, country (Phaseolus vulgaris)",IFCT_2017,Raw_Ingredient,24.4,102,2.49,2.68,0.26,,4.38,89.14,1.05,,,,,,,,,,,,,,,413,1501,1.82,,0.07,15.12,,0.04,0.06,0.83,0.28,0.37,4.71,47.45,15.81,,,,,,,,
D050,Other Vegetables,"French beans, hybrid (Phaseolus vulgaris)",IFCT_2017,Raw_Ingredient,22.2,93,2.12,2.63,0.19,,4.18,90.11,0.77,,,,,,,,,,,,,,,388,1449,1.85,,0.09,15.14,,0.05,0.05,0.77,0.27,0.44,5.93,61.98,1.38,,,,,,,,
D051,Other Vegetables,"Jack fruit, raw (Artocarpus heterophyllus)",IFCT_2017,Raw_Ingredient,26.3,110,1.98,3.48,0.35,,7.69,85.52,0.99,,,,,,,,,,,,,,,,17.66,6.84,,0.05,22.3,,0.05,0.05,0.19,0.37,0.04,4.37,35.73,17.51,,,,,,,,
D052,Other Vegetables,"Jack fruit, seed, mature (Artocarpus heterophyllus)",IFCT_2017,Raw_Ingredient,77,322,5.79,11.81,0.44,,8.63,72.32,1.02,,,,,,,,,,,,,,,,19.63,1.4,,0.06,13.56,,0.06,0.03,0.19,0.36,0.08,4.1,54.58,9.68,,,,,,,,
D053,Other Vegetables,Knol - Khol (Brassica oleracea),IFCT_2017,Raw_Ingredient,16,67,1.58,1.39,0.35,,2.75,93.14,0.79,,,,,,,,,,,,,,,,28.82,0.32,,0.17,8.9,,0.04,0.06,0.37,0.38,0.19,2.46,14.76,64.7,,,,,,,,
D054,Other Vegetables,"Kovai, big (Coccinia cordifolia)",IFCT_2017,Raw_Ingredient,17.4,73,1.39,2.01,0.24,,3,92.78,0.58,,,,,,,,,,,,,,,134,498,6.25,,0.72,19.15,,0.04,0.02,0.55,0.27,0.08,2.96,48.68,17.62,,,,,,,,
D055,Other Vegetables,"Kovai, small (Coccinia cordifolia)",IFCT_2017,Raw_Ingredient,19.1,80,1.22,2.41,0.24,,3.25,92.4,0.47,,,,,,,,,,,,,,,147,586,6.06,,0.7,19.1,,0.04,0.02,0.51,0.28,0.05,2.87,50.13,21.08,,,,,,,,
D056,Other Vegetables,Ladies finger (Abelmoschus esculentus),IFCT_2017,Raw_Ingredient,27.5,115,2.08,3.62,0.22,,4.08,89.06,0.94,,,,,,,,,,,,,,,69.1,1223,7.46,,0.5,21.52,,0.04,0.07,0.61,0.28,0.27,1.58,63.68,22.51,,,,,,,,
D057,Other Vegetables,"Mango, green, raw (Mangifera indica)",IFCT_2017,Raw_Ingredient,49,205,0.69,10.59,0.08,,3.01,85.14,0.49,,,,,,,,,,,,,,,72.37,517,7.68,,0.91,14.42,,0.02,0.02,0.26,0.13,0.13,1.41,25.86,90.24,,,,,,,,
D058,Other Vegetables,"Onion, stalk (Allium cepa)",IFCT_2017,Raw_Ingredient,25.6,107,2.07,2.99,0.26,,5.21,88.35,1.13,,,,,,,,,,,,,,,700,3488,6.81,,0.81,44.33,,0.03,0.05,0.14,0.19,0.17,6.99,57.61,27.23,,,,,,,,
D059,Other Vegetables,"Papaya, raw (Carica papaya)",IFCT_2017,Raw_Ingredient,23.9,100,0.5,4.4,0.23,,2.28,92.04,0.55,,,,,,,,,,,,,,,164,548,7.8,,0.07,2.45,,0.02,0.03,0.12,0.24,0.03,1.24,29.79,20.73,,,,,,,,
D060,Other Vegetables,Parwar (Trichosanthes dioica),IFCT_2017,Raw_Ingredient,24.1,101,1.4,3.54,0.3,,2.61,91.57,0.59,,,,,,,,,,,,,,,13.1,965,0.69,,0.04,8.37,,0.05,0.05,0.67,0.25,0.2,9.86,19.96,19.24,,,,,,,,
D061,Other Vegetables,"Peas, fresh (Pisum sativum)",IFCT_2017,Raw_Ingredient,81.3,340,7.25,11.88,0.13,,6.32,73.37,1.05,,,,,,,,,,,,,,,121,1286,12.91,,0.21,44.22,,0.27,0.03,1.28,0.68,0.19,4.04,54.77,38.4,,,,,,,,
D062,Other Vegetables,"Plantain, flower (Musa x paradisiaca)",IFCT_2017,Raw_Ingredient,21.3,89,1.47,2.15,0.63,,5.25,89.14,1.35,,,,,,,,,,,,,,,35.36,149,1.29,,0.19,3.38,,0.02,0.02,0.28,0.35,0.13,2.44,49.27,6.49,,,,,,,,
D063,Other Vegetables,"Plantain, green (Musa x paradisiaca)",IFCT_2017,Raw_Ingredient,79.8,334,1.18,17.58,0.23,,3.6,76.15,1.27,,,,,,,,,,,,,,,3.01,224,0.27,,0.08,17.42,,0.01,0.05,0.33,0.26,0.1,0.6,18.96,23.28,,,,,,,,
D064,Other Vegetables,"Plantain, stem (Musa x paradisiaca)",IFCT_2017,Raw_Ingredient,39.4,165,0.35,8.64,0.16,,2.12,87.53,1.2,,,,,,,,,,,,,,,2.39,69.31,0.32,,0.02,2.5,,0.02,0.02,0.18,0.24,0.14,4.42,12.85,3.77,,,,,,,,
D065,Other Vegetables,"Pumpkin, green, cylindrical (Cucurbita maxima)",IFCT_2017,Raw_Ingredient,24.6,103,0.87,4.22,0.18,,2.53,91.73,0.47,,,,,,,,,,,,,,,363,1319,1.07,,0.87,80.8,,0.03,0.02,0.44,0.16,0.05,1.41,31.6,7.29,,,,,,,,
D066,Other Vegetables,"Pumpkin, orange, round (Cucurbita maxima)",IFCT_2017,Raw_Ingredient,23.2,97,0.84,4,0.16,,2.56,91.85,0.58,,,,,,,,,,,,,,,149,1449,1.4,,0.6,83.7,,0.03,0.03,0.41,0.18,0.08,1.63,24.14,8.04,,,,,,,,
D067,Other Vegetables,"Red gram, tender, fresh (Cajanus cajan)",IFCT_2017,Raw_Ingredient,124.3,520,8.09,19.46,0.92,,5.9,64,1.64,,,,,,,,,,,,,,,165,495,28.96,,0.94,14.9,,0.23,0.09,2.14,0.71,0.3,2.91,94.21,15.13,,,,,,,,
D068,Other Vegetables,Ridge gourd (Luffa acutangula),IFCT_2017,Raw_Ingredient,13.1,55,0.91,1.72,0.14,,1.81,94.99,0.44,,,,,,,,,,,,,,,348,838,0.37,,0.02,11.23,,0.02,0.01,0.2,0.28,0.07,2.27,29.26,5.42,,,,,,,,
D069,Other Vegetables,"Ridge gourd, smooth skin (Luffa acutangula)",IFCT_2017,Raw_Ingredient,15.3,64,0.98,2.24,0.13,,1.85,94.27,0.53,,,,,,,,,,,,,,,349,851,0.34,,0.02,11.57,,0.02,0.01,0.21,0.25,0.09,2.22,27.36,8.1,,,,,,,,
D070,Other Vegetables,"Snake gourd, long, pale green (Trichosanthes anguina)",IFCT_2017,Raw_Ingredient,12.4,52,0.98,1.27,0.25,,2.27,94.81,0.42,,,,,,,,,,,,,,,61.29,190,2.67,,0.01,8.35,,0.03,0.03,0.34,0.27,0.1,2.5,18.34,2.72,,,,,,,,
D071,Other Vegetables,"Snake gourd, long, dark green (Trichosanthes anguina)",IFCT_2017,Raw_Ingredient,12,50,0.89,1.23,0.25,,2.27,94.92,0.45,,,,,,,,,,,,,,,61.64,188,3.08,,0.01,8.4,,0.03,0.03,0.33,0.27,0.07,2.43,16.52,2.85,,,,,,,,
D072,Other Vegetables,"Snake gourd, short (Trichosanthes anguina)",IFCT_2017,Raw_Ingredient,14.6,61,0.54,2.15,0.26,,2.29,94.35,0.41,,,,,,,,,,,,,,,62.84,188,3.12,,0.01,8.3,,0.03,0.02,0.33,0.31,0.06,2.5,17.74,2.3,,,,,,,,
D073,Other Vegetables,"Tinda, tender (Praecitrullus fistulosus)",IFCT_2017,Raw_Ingredient,13.9,58,1.02,1.9,0.17,,2,94.41,0.51,,,,,,,,,,,,,,,7.96,49.81,2.76,,0.05,2.73,,0.02,0.03,0.56,0.39,0.06,3.26,43.23,14.2,,,,,,,,
D074,Other Vegetables,"Tomato, green (Lycopersicon esculentum)",IFCT_2017,Raw_Ingredient,20.8,87,1.12,3.18,0.27,,1.62,93.21,0.6,,,,,,,,,,,,,,,32.33,546,1.1,,0.39,16.1,,0.08,0.05,0.46,0.3,0.07,4.74,12.51,16.41,,,,,,,,
D075,Other Vegetables,"Tomato, ripe, hybrid (Lycopersicon esculentum)",IFCT_2017,Raw_Ingredient,18.9,79,0.76,3.2,0.25,,1.58,93.79,0.43,,,,,,,,,,,,,,,1513,5826,11.83,,0.22,24.12,,0.04,0.02,0.51,0.18,0.08,1.09,15.41,25.27,,,,,,,,
D076,Other Vegetables,"Tomato, ripe, local (Lycopersicon esculentum)",IFCT_2017,Raw_Ingredient,19.6,82,0.9,2.71,0.47,,1.77,93.62,0.52,,,,,,,,,,,,,,,905,4656,12.24,,0.27,17.18,,0.03,0.03,0.52,0.2,0.09,1.18,19.46,27.47,,,,,,,,
D077,Other Vegetables,"Zucchini, green (Cucurbita pepo)",IFCT_2017,Raw_Ingredient,20.1,84,1.1,2.33,0.51,,2.3,92.83,0.93,,,,,,,,,,,,,,,85.79,963,0.4,,3.9,41.05,,0.05,0.09,1.03,0.99,0.25,1.02,18.85,15.78,,,,,,,,
D078,Other Vegetables,"Zucchini, yellow (Cucurbita pepo)",IFCT_2017,Raw_Ingredient,18.9,79,1.31,2.2,0.44,,1.84,93.15,1.08,,,,,,,,,,,,,,,69.9,1177,0.38,,1.48,53.28,,0.03,0.02,0.42,0.72,0.2,1.13,21.5,16.71,,,,,,,,
E001,Fruits,"Apple, big (Malus domestica)",IFCT_2017,Raw_Ingredient,62.4,261,0.29,13.11,0.64,,2.59,83.01,0.36,,,,,,,,,,,,,,,2.41,229,1.46,,0.15,3.65,,0.03,0.01,0.25,0.09,0.04,0.34,3.04,3.57,,,,,,,,
E002,Fruits,"Apple, green (Malus domestica)",IFCT_2017,Raw_Ingredient,51.1,214,0.46,10.65,0.5,,2.54,85.54,0.31,,,,,,,,,,,,,,,2.2,196,2.45,,0.1,2.13,,0.01,0.02,0.21,0.12,0.08,0.41,3.43,2.9,,,,,,,,
E003,Fruits,"Apple, small (Malus domestica)",IFCT_2017,Raw_Ingredient,63.8,267,0.31,13.95,0.53,,2.06,82.91,0.24,,,,,,,,,,,,,,,2.08,198,1.86,,0.07,2.18,,0.01,0.01,0.09,0.09,0.03,0.47,3.52,4,,,,,,,,
E004,Fruits,"Apple, small, Kashmir (Malus sylvestris)",IFCT_2017,Raw_Ingredient,64.3,269,0.27,13.99,0.6,,2.07,82.79,0.29,,,,,,,,,,,,,,,2.11,344,2.04,,0.05,2.55,,0.01,0.01,0.09,0.12,0.04,0.44,3.97,4.24,,,,,,,,
E005,Fruits,"Apricot, dried (Prunus armeniaca)",IFCT_2017,Raw_Ingredient,315.7,1321,3.17,72.63,0.74,,3.32,16.68,3.46,,,,,,,,,,,,,,,1806,4313,3.98,,0.11,5.17,,0.04,0.04,1.66,0.62,0.1,1.47,10.5,0.42,,,,,,,,
E006,Fruits,"Apricot, processed (Prunus armeniaca)",IFCT_2017,Raw_Ingredient,56.4,236,1.47,10.93,0.64,,0.59,85.75,0.61,,,,,,,,,,,,,,,1372,3357,4.31,,0.01,6.14,,0.25,0.04,1.07,0.25,0.17,1.55,5.42,7.98,,,,,,,,
E007,Fruits,Avocado fruit (Persea americana),IFCT_2017,Raw_Ingredient,144.4,604,2.95,1.75,13.86,,6.69,73.56,1.19,,,,,,,,,,,,,,,12,321,2.1,,0.02,38.74,,0.07,0.08,0.9,1.26,0.18,1.25,67.17,9.36,,,,,,,,
E008,Fruits,Bael fruit (Aegle marmelos),IFCT_2017,Raw_Ingredient,136,569,2.63,28.21,0.57,,6.31,61.36,0.91,,,,,,,,,,,,,,,2.5,172,1.6,,0.6,4.5,,0.03,0.04,0.25,1.62,0.03,1.14,55.22,7.5,,,,,,,,
E009,Fruits,"Banana, ripe, montham (Musa x paradisiaca)",IFCT_2017,Raw_Ingredient,110.7,463,1.25,24.95,0.32,,2.21,70.13,1.15,,,,,,,,,,,,,,,53.06,260,0.2,,0.09,2.2,,0.01,0.04,0.48,0.35,0.51,1.54,17.93,8.06,,,,,,,,
E010,Fruits,"Banana, ripe, poovam (Musa x paradisiaca)",IFCT_2017,Raw_Ingredient,106.4,445,1.49,23.41,0.35,,2.33,71.32,1.09,,,,,,,,,,,,,,,57.33,252,0.24,,0.08,2.6,,0.01,0.03,0.43,0.4,0.5,1.79,19.95,6.74,,,,,,,,
E011,Fruits,"Banana, ripe, red (Musa x paradisiaca)",IFCT_2017,Raw_Ingredient,111.6,467,1.29,25.21,0.29,,1.98,70.28,0.95,,,,,,,,,,,,,,,51.52,261,0.21,,0.09,1.9,,0.01,0.02,0.46,0.41,0.45,1.35,18.92,6.74,,,,,,,,
E012,Fruits,"Banana, ripe, robusta (Musa x paradisiaca)",IFCT_2017,Raw_Ingredient,105.2,440,1.23,23.63,0.33,,1.94,71.93,0.94,,,,,,,,,,,,,,,56.78,314,0.22,,0.09,2.8,,0.01,0.03,0.47,0.36,0.44,1.69,16.81,4.76,,,,,,,,
E013,Fruits,Black berry (Rubus fruticosus),IFCT_2017,Raw_Ingredient,54.3,227,0.92,10.64,0.63,,4.35,82.94,0.52,,,,,,,,,,,,,,,52.32,166,14.65,,0.52,1.82,,0.01,0.02,0.4,0.21,0.05,1.65,22.95,19.45,,,,,,,,
E014,Fruits,"Cherries, red (Prunus cerasus)",IFCT_2017,Raw_Ingredient,59.8,250,1.49,11.87,0.46,,2.12,83.61,0.45,,,,,,,,,,,,,,,40.78,259,4.3,,0.06,5.56,,0.07,0.02,0.19,0.23,0.04,1.52,4.92,8.82,,,,,,,,
E015,Fruits,"Currants, black (Ribes nigrum)",IFCT_2017,Raw_Ingredient,54.3,227,1.51,9.93,0.53,,4.07,83.27,0.69,,,,,,,,,,,,,,,62.48,453,3.01,,0.45,27.52,,0.03,0.03,0.35,0.28,0.09,2.41,8.48,182,,,,,,,,
E016,Fruits,Custard apple (Annona squamosa),IFCT_2017,Raw_Ingredient,98.9,414,1.62,20.38,0.67,,5.1,71.55,0.68,,,,,,,,,,,,,,,,142,0.18,,0.19,58,,0.13,0.09,0.69,0.19,0.07,0.76,7.6,21.51,,,,,,,,
E017,Fruits,"Dates, dry, pale brown (Phoenix dactylifera)",IFCT_2017,Raw_Ingredient,320.3,1340,2.45,74.91,0.35,,8.95,11.14,2.2,,,,,,,,,,,,,,,2700,3483,2.6,,0.03,3.34,,0.03,0.03,1.47,0.51,0.14,0.82,18.65,4.42,,,,,,,,
E018,Fruits,"Dates, dry, dark brown (Phoenix dactylifera)",IFCT_2017,Raw_Ingredient,310.9,1301,2.38,72.67,0.35,,9.1,13.13,2.39,,,,,,,,,,,,,,,2705,3280,0.68,,0.03,4.53,,0.02,0.03,1.09,0.53,0.153,0.94,12.8,3.84,,,,,,,,
E019,Fruits,"Dates, processed (Phoenix dactylifera)",IFCT_2017,Raw_Ingredient,286.1,1197,1.18,67.95,0.41,,6.52,22.01,1.93,,,,,,,,,,,,,,,2781,3288,0.83,,0.03,4.93,,0.05,0.02,0.51,0.52,0.06,2.5,24.53,15.51,,,,,,,,
E020,Fruits,Fig (Ficus carica),IFCT_2017,Raw_Ingredient,81.5,341,2.03,16.28,0.37,,4.64,75.6,1.08,,,,,,,,,,,,,,,2.4,454,1.47,,0.54,5.75,,0.04,0.02,0.27,0.26,0.15,2.64,13.67,16.92,,,,,,,,
E021,Fruits,Goosberry (Emblica officinalis),IFCT_2017,Raw_Ingredient,23.7,99,0.34,4.39,0.16,,7.75,87.02,0.34,,,,,,,,,,,,,,,1.58,62.01,0.27,,0.12,1.64,,0.01,0.03,0.12,0.35,0.27,1.42,7.86,252,,,,,,,,
E022,Fruits,"Grapes, seeded, round, black (Vitis vinifera)",IFCT_2017,Raw_Ingredient,60.7,254,0.76,13.23,0.32,,1.35,83.88,0.46,,,,,,,,,,,,,,,29.36,213,6.19,,0.05,3.65,,0.03,0.03,0.14,0.07,0.11,1.14,8.69,18.3,,,,,,,,
E023,Fruits,"Grapes, seeded, round, green (Vitis vinifera)",IFCT_2017,Raw_Ingredient,56.2,235,0.77,12.19,0.29,,1.25,85.07,0.43,,,,,,,,,,,,,,,30.77,208,3.59,,0.07,7.26,,0.03,0.02,0.13,0.07,0.09,1.08,8.35,17.1,,,,,,,,
E024,Fruits,"Grapes, seeded, round, red (Vitis vinifera)",IFCT_2017,Raw_Ingredient,58.3,244,0.95,12.55,0.29,,1.28,84.46,0.48,,,,,,,,,,,,,,,19.94,314,6.87,,0.07,5.2,,0.04,0.03,0.1,0.11,0.1,1.09,7.49,20.59,,,,,,,,
E025,Fruits,"Grapes, seedless, oval, black (Vitis vinifera)",IFCT_2017,Raw_Ingredient,94.4,395,1.41,20.48,0.46,,1.64,75.3,0.7,,,,,,,,,,,,,,,19.73,321,6.42,,0.05,3.4,,0.03,0.02,0.15,0.11,0.11,0.97,7.22,27.32,,,,,,,,
E026,Fruits,"Grapes, seedless, round, green (Vitis vinifera)",IFCT_2017,Raw_Ingredient,53.5,224,0.62,11.81,0.26,,1.28,85.55,0.47,,,,,,,,,,,,,,,25.46,216,3.54,,0.08,7.15,,0.04,0.03,0.12,0.1,0.08,1.2,8.31,16.47,,,,,,,,
E027,Fruits,"Grapes, seedless, round, black (Vitis vinifera)",IFCT_2017,Raw_Ingredient,89.4,374,1.24,19.86,0.35,,1.15,76.9,0.49,,,,,,,,,,,,,,,20.58,232,6.23,,0.06,3,,0.03,0.03,0.13,0.11,0.08,1.27,8.89,22.79,,,,,,,,
E028,Fruits,"Guava, white flesh (Psidium guajava)",IFCT_2017,Raw_Ingredient,32.3,135,1.44,5.13,0.32,,8.59,83.79,0.72,,,,,,,,,,,,,,,298,996,1.68,,0.09,3.68,,0.05,0.04,0.6,0.25,0.11,0.74,29.76,214,,,,,,,,
E029,Fruits,"Guava, pink flesh (Psidium guajava)",IFCT_2017,Raw_Ingredient,46.6,195,1.19,9.14,0.25,,7.39,81.22,0.81,,,,,,,,,,,,,,,267,4078,0.93,,0.11,5.35,,0.03,0.03,0.59,0.2,0.16,1.25,32.17,222,,,,,,,,
E030,Fruits,"Jack fruit, ripe (Artocarpus heterophyllus)",IFCT_2017,Raw_Ingredient,72.2,302,2.74,14.01,0.15,,3.62,78.56,0.91,,,,,,,,,,,,,,,23.53,59.61,7.49,,0.07,37,,0.05,0.01,0.42,0.16,0.22,4,32.15,6.73,,,,,,,,
E031,Fruits,"Jambu fruit, ripe (Syzygium cumini)",IFCT_2017,Raw_Ingredient,56.2,235,0.82,12.3,0.17,,3.07,83.33,0.31,,,,,,,,,,,,,,,1.55,66.5,0.82,,0.04,7.94,,0.02,0.02,0.14,0.31,0.03,2.57,7.63,16.47,,,,,,,,
E032,Fruits,Karonda fruit (Carissa carandas),IFCT_2017,Raw_Ingredient,33.7,141,1.15,2.87,1.67,,7.25,86.04,1.02,,,,,,,,,,,,,,,15.64,55.89,1.43,,0.04,2.5,,0.01,0.02,0.25,0.67,0.08,1.55,8.72,135,,,,,,,,
E033,Fruits,"Lemon, juice (Citrus limon)",IFCT_2017,Raw_Ingredient,36.6,153,0.41,6.97,0.75,,,91.59,0.28,,,,,,,,,,,,,,,2.62,85.99,0.39,,0.06,1.8,,0.04,0.01,0.1,0.12,0.03,1.92,12.43,48.16,,,,,,,,
E034,Fruits,"Lime, sweet,pulp (Citrus limetta)",IFCT_2017,Raw_Ingredient,27.2,114,0.76,5.18,0.2,,2.07,91.32,0.47,,,,,,,,,,,,,,,2.54,85.13,0.3,,0.07,2.2,,0.06,0.01,0.17,0.25,0.05,2.23,15.38,46.96,,,,,,,,
E035,Fruits,Litchi (Nephelium litchi),IFCT_2017,Raw_Ingredient,53.8,225,0.99,11.41,0.26,,1.34,85.56,0.44,,,,,,,,,,,,,,,1.47,129,0.33,,0.06,7.81,,0.02,0.06,0.23,0.19,0.07,2.8,15.69,33.82,,,,,,,,
E036,Fruits,"Mango, ripe, banganapalli (Mangifera indica)",IFCT_2017,Raw_Ingredient,41.8,175,0.54,8.18,0.55,,1.88,88.44,0.42,,,,,,,,,,,,,,,1168,1424,3.71,,0.28,4.77,,0.03,0.04,0.26,0.12,0.12,1.6,82.05,32.97,,,,,,,,
E037,Fruits,"Mango, ripe, gulabkhas (Mangifera indica)",IFCT_2017,Raw_Ingredient,50,209,0.52,10.32,0.53,,1.67,86.65,0.32,,,,,,,,,,,,,,,666,1350,3.91,,0.2,4.8,,0.03,0.04,0.23,0.11,0.13,1.01,84.35,27.65,,,,,,,,
E038,Fruits,"Mango, ripe, himsagar (Mangifera indica)",IFCT_2017,Raw_Ingredient,44.7,187,0.46,9.03,0.54,,1.55,88.04,0.38,,,,,,,,,,,,,,,1181,1423,3.73,,0.31,4.4,,0.03,0.03,0.27,0.11,0.1,1.46,90.98,49.09,,,,,,,,
E039,Fruits,"Mango, ripe, kesar (Mangifera indica)",IFCT_2017,Raw_Ingredient,55.2,231,0.54,11.36,0.57,,2.02,85.07,0.44,,,,,,,,,,,,,,,1264,1438,3.68,,0.26,4.75,,0.03,0.04,0.26,0.11,0.1,1.67,90.43,29.08,,,,,,,,
E040,Fruits,"Mango, ripe, neelam (Mangifera indica)",IFCT_2017,Raw_Ingredient,42.5,178,0.68,8.21,0.55,,1.77,88.41,0.38,,,,,,,,,,,,,,,1291,1376,3.72,,0.29,5,,0.03,0.04,0.23,0.14,0.12,1.02,68.7,29.93,,,,,,,,
E041,Fruits,"Mango, ripe, paheri (Mangifera indica)",IFCT_2017,Raw_Ingredient,44.9,188,0.68,8.67,0.58,,1.97,87.69,0.42,,,,,,,,,,,,,,,1061,1210,3.62,,0.37,4.8,,0.03,0.04,0.28,0.1,0.23,1.73,65.28,30.75,,,,,,,,
E042,Fruits,"Mango, ripe, totapari (Mangifera indica)",IFCT_2017,Raw_Ingredient,59.3,248,0.41,12.75,0.49,,1.73,84.14,0.47,,,,,,,,,,,,,,,602,1632,3.77,,0.3,4.6,,0.02,0.05,0.27,0.13,0.12,1.64,77.69,25.26,,,,,,,,
E043,Fruits,Mangosteen (Garcinia mangostana),IFCT_2017,Raw_Ingredient,52.3,219,0.63,11.41,0.24,,1.87,85.52,0.33,,,,,,,,,,,,,,,1.8,181,,,0.05,5.5,,0.01,0.01,0.58,0.15,0.18,0.81,13.52,26.33,,,,,,,,
E044,Fruits,Manila tamarind (Pithecellobium dulce),IFCT_2017,Raw_Ingredient,81.7,342,3.56,13.54,1.14,,4.4,74.54,2.82,,,,,,,,,,,,,,,2.2,154,,,0.38,33.18,,0.18,0.14,0.4,0.18,0.04,0.22,4.24,55.78,,,,,,,,
E045,Fruits,"Musk melon, orange flesh (Cucumis melon)",IFCT_2017,Raw_Ingredient,23.2,97,0.42,4.24,0.35,,1.51,92.97,0.52,,,,,,,,,,,,,,,771,925,4.41,,0.01,5.7,,0.01,0.01,0.41,0.13,0.05,0.75,22.31,22.76,,,,,,,,
E046,Fruits,"Musk melon, yellow flesh (Cucumis melon)",IFCT_2017,Raw_Ingredient,27.7,116,0.53,5.4,0.26,,1.49,91.84,0.48,,,,,,,,,,,,,,,6.87,92.15,2.33,,0.02,1.74,,0.01,0.02,0.43,0.11,0.06,0.8,20.23,21.32,,,,,,,,
E047,Fruits,"Orange, pulp (Citrus aurantium)",IFCT_2017,Raw_Ingredient,37.3,156,0.7,7.92,0.13,,1.29,89.61,0.36,,,,,,,,,,,,,,,31.94,675,0.34,,0.04,2.5,,0.07,0.02,0.28,0.2,0.04,2.88,19.46,42.72,,,,,,,,
E048,Fruits,"Palm fruit, tender (Borassus flabellifer)",IFCT_2017,Raw_Ingredient,24.1,101,0.5,4.92,0.12,,2.4,91.93,0.13,,,,,,,,,,,,,,,,50,,,0.02,3.6,,0.01,,0.46,0.13,0.07,2.49,24.4,0.25,,,,,,,,
E049,Fruits,"Papaya, ripe (Carcia papaya)",IFCT_2017,Raw_Ingredient,23.9,100,0.42,4.61,0.16,,2.83,91.47,0.51,,,,,,,,,,,,,,,694,2472,11.47,,0.04,2.59,,0.03,0.11,0.33,0.44,0.04,3.05,60.9,43.09,,,,,,,,
E050,Fruits,Peach (Prunus communis),IFCT_2017,Raw_Ingredient,40.2,168,0.86,7.82,0.37,,2.13,88.31,0.51,,,,,,,,,,,,,,,,50,2.41,,0.02,4.4,,0.02,0.02,0.29,0.15,0.1,1.43,6.34,5.49,,,,,,,,
E051,Fruits,Pear (Pyrus sp.),IFCT_2017,Raw_Ingredient,37.5,157,0.36,8.09,0.27,,4.48,86.49,0.32,,,,,,,,,,,,,,,13.16,92.3,1.48,,0.3,12.57,,0.02,0.02,0.13,0.05,0.09,1.41,5.28,3.31,,,,,,,,
E052,Fruits,Phalsa (Grewia asiatica),IFCT_2017,Raw_Ingredient,71.5,299,1.66,15.09,0.14,,4.54,77.48,1.09,,,,,,,,,,,,,,,1.71,396,1.34,,0.93,5.36,,0.03,0.06,0.4,0.17,0.03,1.49,22.56,5.11,,,,,,,,
E053,Fruits,Pineapple (Ananas comosus),IFCT_2017,Raw_Ingredient,43,180,0.52,9.42,0.16,,3.46,86.06,0.38,,,,,,,,,,,,,,,31.21,86.31,0.21,,0.45,2.4,,0.05,0.03,0.12,0.13,0.13,1.05,18.21,36.37,,,,,,,,
E054,Fruits,Plum (Prunus domestica),IFCT_2017,Raw_Ingredient,56.9,238,0.64,12.1,0.4,,2.07,84.44,0.35,,,,,,,,,,,,,,,1.32,430,3.32,,0.5,8.5,,0.02,0.02,0.44,0.16,0.05,0.3,14.29,2.26,,,,,,,,
E055,Fruits,"Pomegranate, maroon seeds (Punica granatum)",IFCT_2017,Raw_Ingredient,54.7,229,1.33,11.58,0.15,,2.83,83.55,0.57,,,,,,,,,,,,,,,2.05,47.28,109,,0.03,18.5,,0.06,0.01,0.2,0.42,0.29,0.6,38.64,12.69,,,,,,,,
E056,Fruits,Pummelo (Citrus maxima),IFCT_2017,Raw_Ingredient,50.2,210,0.68,10.64,0.42,,0.8,86.97,0.49,,,,,,,,,,,,,,,1.55,337,0.98,,0.5,4.88,,0.06,0.02,0.23,0.05,0.04,1.81,13.44,48.89,,,,,,,,
E057,Fruits,"Raisins, dried, black (Vitis vinifera)",IFCT_2017,Raw_Ingredient,305.7,1279,2.57,71.29,0.34,,3.92,19.69,2.19,,,,,,,,,,,,,,,3.71,207,1.76,,0.02,1.63,,0.09,0.04,0.48,0.21,0.17,0.73,38.3,2.05,,,,,,,,
E058,Fruits,"Raisins, dried, golden (Vitis vinifera)",IFCT_2017,Raw_Ingredient,296.6,1241,2.76,68.79,0.35,,4.56,21.5,2.04,,,,,,,,,,,,,,,2.53,272,11.87,,0.02,1.71,,0.09,0.04,0.64,0.18,0.17,0.75,34.68,1.85,,,,,,,,
E059,Fruits,Rambutan (Nephelium lappaceum),IFCT_2017,Raw_Ingredient,73.1,306,0.68,16.84,0.16,,1.02,80.87,0.43,,,,,,,,,,,,,,,2.9,175,2.4,,0.08,19.7,,0.11,0.01,0.26,0.14,0.04,0.64,7.35,65,,,,,,,,
E060,Fruits,Sapota (Achras sapota),IFCT_2017,Raw_Ingredient,73.4,307,0.92,13.9,1.26,,9.6,73.64,0.68,,,,,,,,,,,,,,,80.7,229,0.65,,0.25,4.3,,0.01,0.03,0.24,0.24,0.12,1.48,10.83,20.96,,,,,,,,
E061,Fruits,Soursop (Annona muricata),IFCT_2017,Raw_Ingredient,62.1,260,0.74,11.94,0.94,,4.95,80.85,0.58,,,,,,,,,,,,,,,2.2,78,3.24,,0.06,2.6,,0.03,0.04,0.85,0.12,0.03,0.23,6.09,59.54,,,,,,,,
E062,Fruits,Star fruit (Averrhoa carambola),IFCT_2017,Raw_Ingredient,26.3,110,0.79,4.51,0.39,,2.81,91.18,0.33,,,,,,,,,,,,,,,1.4,152,0.96,,0.4,2,,0.08,0.02,0.34,0.26,0.06,0.13,8.43,33.55,,,,,,,,
E063,Fruits,Strawberry (Fragaria ananassa),IFCT_2017,Raw_Ingredient,24.6,103,0.97,3.4,0.56,,2.5,92.03,0.54,,,,,,,,,,,,,,,2.19,218,3.95,,0.26,19.81,,0.06,0.01,0.48,0.18,0.09,0.07,8.91,50.2,,,,,,,,
E064,Fruits,"Tamarind, pulp (Tamarindus indicus)",IFCT_2017,Raw_Ingredient,288.5,1207,2.92,67.35,0.15,,5.31,20.83,3.44,,,,,,,,,,,,,,,1.54,188,25.65,,0.1,1.67,,0.34,0.07,1.56,0.17,0.08,0.66,9.79,3.62,,,,,,,,
E065,Fruits,"Water melon, dark green (sugar baby) (Citrullus vulgaris)",IFCT_2017,Raw_Ingredient,20.3,85,0.6,3.86,0.16,,0.7,94.54,0.13,,,,,,,,,,,,,,,605,4176,0.56,,0.04,2.1,,0.02,0.02,0.28,0.19,0.1,0.59,5.88,13.26,,,,,,,,
E066,Fruits,"Water melon, pale green (Citrullus vulgaris)",IFCT_2017,Raw_Ingredient,16.7,70,0.59,3.02,0.16,,0.78,95.33,0.12,,,,,,,,,,,,,,,576,4300,0.56,,0.05,2.8,,0.02,0.02,0.3,0.19,0.07,0.57,5.55,11.45,,,,,,,,
E067,Fruits,Wood Apple (Limonia acidissima),IFCT_2017,Raw_Ingredient,78.2,327,3.14,7.52,3.62,,5.21,79.36,1.15,,,,,,,,,,,,,,,3.81,77.06,28.71,,0.07,6.8,,0.04,0.01,0.55,0.22,0.17,1.65,6.51,22.17,,,,,,,,
E068,Fruits,Zizyphus (Zizyphus jujube),IFCT_2017,Raw_Ingredient,48.8,204,1.34,9.4,0.35,,3.73,84.39,0.8,,,,,,,,,,,,,,,1.5,76.8,16.7,,0.02,2.5,,0.01,0.02,0.33,0.14,0.11,2.22,5.99,60.93,,,,,,,,
F001,Roots and Tubers,Beet root (Beta vulgaris),IFCT_2017,Raw_Ingredient,35.6,149,1.95,6.18,0.14,,3.31,86.95,1.46,,,,,,,,,,,,,,,10.14,12.88,0.18,,0.09,2.98,,0.01,0.01,0.21,0.26,0.07,2.56,97.37,5.26,,,,,,,,
F002,Roots and Tubers,"Carrot, orange (Dacus carota)",IFCT_2017,Raw_Ingredient,33.2,139,0.95,5.55,0.47,,4.18,87.69,1.16,,,,,,,,,,,,,,,5423,9377,1.36,,0.21,18.35,,0.04,0.03,0.22,0.3,0.11,1.5,24.04,6.22,,,,,,,,
F003,Roots and Tubers,"Carrot, red (Dacus carota)",IFCT_2017,Raw_Ingredient,38.2,160,1.04,6.71,0.47,,4.49,86.07,1.22,,,,,,,,,,,,,,,2706,7570,1.39,,0.22,18.75,,0.04,0.03,0.25,0.27,0.07,1.3,23.67,6.76,,,,,,,,
F004,Roots and Tubers,Colocasia (Colocasia antiquorum),IFCT_2017,Raw_Ingredient,88.9,372,3.31,17.85,0.17,,3.22,73.49,1.95,,,,,,,,,,,,,,,6.5,21.72,0.27,,0.33,3.15,,0.06,0.03,0.51,0.12,0.17,3.69,19.91,1.83,,,,,,,,
F005,Roots and Tubers,Lotus root (Nelumbium nelumbo),IFCT_2017,Raw_Ingredient,79.3,332,1.94,14.67,0.93,,4.7,76.26,1.5,,,,,,,,,,,,,,,,156,0.27,,0.73,44.45,,0.07,0.05,0.43,0.2,0.19,2.85,26.49,26.63,,,,,,,,
F006,Roots and Tubers,"Potato, brown skin, big (Solanum tuberosum)",IFCT_2017,Raw_Ingredient,69.8,292,1.54,14.89,0.23,,1.71,80.72,0.92,,,,,,,,,,,,,,,,208,0.19,,0.06,2.12,,0.06,0.01,1.04,0.38,0.1,1.35,15.51,23.15,,,,,,,,
F007,Roots and Tubers,"Potato, brown skin, small (Solanum tuberosum)",IFCT_2017,Raw_Ingredient,60.9,255,1.35,12.9,0.22,,1.69,82.97,0.87,,,,,,,,,,,,,,,,224,0.22,,0.07,1.8,,0.05,0.01,1.36,0.49,0.12,1.82,13.85,26.41,,,,,,,,
F008,Roots and Tubers,"Potato, red skin (Solanum tuberosum)",IFCT_2017,Raw_Ingredient,73.1,306,1.83,15.43,0.22,,1.68,79.72,1.13,,,,,,,,,,,,,,,,226,0.2,,0.06,2.3,,0.06,0.01,1.13,0.39,0.1,1.68,17.83,25.04,,,,,,,,
F009,Roots and Tubers,"Radish, elongate, red skin (Raphanus sativus)",IFCT_2017,Raw_Ingredient,32,134,0.67,6.71,0.13,,2.46,89.32,0.73,,,,,,,,,,,,,,,1.62,17.61,0.04,,0.01,2.1,,0.03,0.02,0.31,0.13,0.07,2.65,24.65,17.63,,,,,,,,
F010,Roots and Tubers,"Radish, elongate, white skin (Raphanus sativus)",IFCT_2017,Raw_Ingredient,32.3,135,0.77,6.56,0.15,,2.65,89.05,0.82,,,,,,,,,,,,,,,,10.6,0.05,,0.01,2.5,,0.02,0.02,0.3,0.15,0.07,2.48,29.75,19.91,,,,,,,,
F011,Roots and Tubers,"Radish, round, red skin (Raphanus sativus)",IFCT_2017,Raw_Ingredient,31.1,130,0.89,6.07,0.16,,2.29,89.68,0.91,,,,,,,,,,,,,,,1.2,13.07,0.05,,0.01,2.6,,0.03,0.02,0.3,0.18,0.07,2.92,24.59,15.69,,,,,,,,
F012,Roots and Tubers,"Radish, round, white skin (Raphanus sativus)",IFCT_2017,Raw_Ingredient,30.8,129,0.8,6.13,0.14,,2.37,89.76,0.8,,,,,,,,,,,,,,,,23.69,0.04,,0.01,1.9,,0.03,0.02,0.24,0.15,0.07,2.59,22.6,14,,,,,,,,
F013,Roots and Tubers,"Sweet potato, brown skin (Ipomoes batatas)",IFCT_2017,Raw_Ingredient,109,456,1.33,24.25,0.26,,3.99,69.21,0.96,,,,,,,,,,,,,,,5376,8653,1.26,,0.01,3,,0.07,0.04,0.67,0.89,0.12,5.19,15.62,17.94,,,,,,,,
F014,Roots and Tubers,"Sweet potato, pink skin (Ipomoes batatas)",IFCT_2017,Raw_Ingredient,108,452,1.27,23.93,0.33,,3.94,69.58,0.95,,,,,,,,,,,,,,,11.12,95.93,1.64,,0.01,3.5,,0.06,0.04,0.69,0.56,0.09,5.71,14.44,22.2,,,,,,,,
F015,Roots and Tubers,Tapioca (Manihot esculenta),IFCT_2017,Raw_Ingredient,79.8,334,1.03,17.81,0.2,,4.61,75.23,1.12,,,,,,,,,,,,,,,,60.9,0.13,,0.19,2.8,,0.07,0.02,0.45,0.17,0.09,1.93,25.64,15.51,,,,,,,,
F016,Roots and Tubers,Water Chestnut (Eleocharis dulcis),IFCT_2017,Raw_Ingredient,95.6,400,0.86,21.46,0.37,,3.02,73.34,0.95,,,,,,,,,,,,,,,,93.08,1.2,,0.09,3.5,,0.02,0.02,0.74,0.52,0.13,1.08,9.8,5.26,,,,,,,,
F017,Roots and Tubers,"Yam, elephant (Amorphophallus campanulatus)",IFCT_2017,Raw_Ingredient,84.4,353,2.56,17.46,0.14,,4.17,74.39,1.29,,,,,,,,,,,,,,,176,599,1.3,,0.34,4.8,,0.04,0.05,0.61,0.23,0.22,4.51,20.54,15.22,,,,,,,,
F018,Roots and Tubers,"Yam, ordinary (Amorphophallus campanulatus)",IFCT_2017,Raw_Ingredient,83.4,349,2.18,17.65,0.17,,4.08,74.28,1.64,,,,,,,,,,,,,,,158,51.04,0.23,,0.39,5.5,,0.04,0.02,0.56,0.32,0.17,4.19,15.68,13.88,,,,,,,,
F019,Roots and Tubers,"Yam, wild (Dioscorea versicolor)",IFCT_2017,Raw_Ingredient,102.8,430,3.07,20.95,0.3,,4.57,69.35,1.76,,,,,,,,,,,,,,,230,94.53,1.18,,0.53,6,,0.121,0.015,0.7,0.23,0.2,4.09,21.01,14.06,,,,,,,,
G001,Condiments and Spices,"Chillies, green-1 (Capsicum annum)",IFCT_2017,Raw_Ingredient,45.7,191,2.62,6.32,0.73,,4.86,84.47,1.01,,,,,,,,,,,,,,,31.69,1135,3.14,,0.26,20.12,,0.11,0.09,0.8,0.19,0.45,0.5,25.31,79.5,,,,,,,,
G002,Condiments and Spices,"Chillies, green-2 (Capsicum annum)",IFCT_2017,Raw_Ingredient,39.9,167,2.28,5.27,0.75,,5.13,85.72,0.85,,,,,,,,,,,,,,,232,1336,3.49,,0.27,19.51,,0.08,0.09,0.93,0.2,0.29,0.64,25.93,90.97,,,,,,,,
G003,Condiments and Spices,"Chillies, green-3 (Capsicum annum)",IFCT_2017,Raw_Ingredient,40.4,169,2.38,5.23,0.75,,5.1,85.59,0.95,,,,,,,,,,,,,,,158,1107,3.17,,0.26,18.05,,0.09,0.11,0.87,0.24,0.24,0.64,20.45,93.63,,,,,,,,
G004,Condiments and Spices,"Chillies, green-4 (Capsicum annum)",IFCT_2017,Raw_Ingredient,45.4,190,2.33,6.63,0.74,,4.15,85.29,0.87,,,,,,,,,,,,,,,67.84,1761,2.87,,0.3,22.16,,0.09,0.12,0.9,0.23,0.18,0.62,15.92,102,,,,,,,,
G005,Condiments and Spices,"Chillies, green-5 (Capsicum annum)",IFCT_2017,Raw_Ingredient,43,180,2.01,6.64,0.65,,3.95,85.93,0.82,,,,,,,,,,,,,,,45.41,1539,3.26,,0.25,15.7,,0.08,0.16,1.06,0.2,0.2,0.57,17.75,97.77,,,,,,,,
G006,Condiments and Spices,"Chillies, green-6 (Capsicum annum)",IFCT_2017,Raw_Ingredient,41.8,175,3.01,5.31,0.64,,5.15,84.93,0.96,,,,,,,,,,,,,,,508,1478,2.19,,0.31,18,,0.07,0.13,0.92,0.27,0.29,0.73,18.87,108,,,,,,,,
G007,Condiments and Spices,"Chillies, green-7 (Capsicum annum)",IFCT_2017,Raw_Ingredient,39,163,2.12,5.61,0.6,,4.95,85.83,0.9,,,,,,,,,,,,,,,44,1891,2.43,,0.22,19.5,,0.08,0.11,0.8,0.24,0.22,1.21,19.39,112,,,,,,,,
G008,Condiments and Spices,"Chillies, green - all varieties (Capsicum annum)",IFCT_2017,Raw_Ingredient,42.3,177,2.36,5.86,0.72,,4.77,85.39,0.91,,,,,,,,,,,,,,,125,1347,3.11,,0.27,19.18,,0.09,0.11,0.89,0.22,0.28,0.63,21.5,94.07,,,,,,,,
G009,Condiments and Spices,Coriander leaves (Coriandrum sativum),IFCT_2017,Raw_Ingredient,31.1,130,3.52,1.93,0.7,,4.66,86.99,2.19,,,,,,,,,,,,,,,3808,13808,3.55,,0.46,274,,0.09,0.05,0.73,0.63,0.19,4.17,51.01,23.87,,,,,,,,
G010,Condiments and Spices,Curry leaves (Murraya koenigii),IFCT_2017,Raw_Ingredient,63.6,266,7.41,4.51,1.06,,16.83,65.33,4.86,,,,,,,,,,,,,,,7663,21862,117,,1.82,275,,0.07,0.13,0.85,0.51,0.57,1.77,117,6.04,,,,,,,,
G011,Condiments and Spices,"Garlic, big clove (Allium sativum)",IFCT_2017,Raw_Ingredient,123.8,518,6.92,21.93,0.16,,5.22,64.38,1.4,,,,,,,,,,,,,,,,33.91,1.88,,0.07,2.8,,0.2,0.25,0.38,1.57,0.56,2.55,85.77,12.62,,,,,,,,
G012,Condiments and Spices,"Garlic, small clove (Allium sativum)",IFCT_2017,Raw_Ingredient,122.8,514,6.75,21.84,0.14,,5.47,64.42,1.38,,,,,,,,,,,,,,,,30.48,1.97,,0.06,3.2,,0.2,0.23,0.36,1.51,0.77,2.54,78.82,13.57,,,,,,,,
G013,Condiments and Spices,"Garlic, single clove, Kashmir (Allium sativum)",IFCT_2017,Raw_Ingredient,125,523,6.12,23.46,0.16,,4.01,64.49,1.76,,,,,,,,,,,,,,,,26.58,2.89,,0.05,4.5,,0.25,0.22,0.42,1.86,0.97,2.85,92.25,15.38,,,,,,,,
G014,Condiments and Spices,"Ginger, fresh (Zinziber officinale)",IFCT_2017,Raw_Ingredient,55,230,2.22,8.97,0.85,,5.36,81.27,1.33,,,,,,,,,,,,,,,88.85,329,4.09,,0.32,25.55,,0.04,0.04,0.42,0.24,0.2,1.07,10.82,5.43,,,,,,,,
G015,Condiments and Spices,Mango ginger (Curcuma amada),IFCT_2017,Raw_Ingredient,42.3,177,1.45,6.98,0.7,,4.74,84.55,1.57,,,,,,,,,,,,,,,76.62,250,3.1,,0.59,27.71,,0.02,0.07,0.45,0.26,0.18,1.49,22.62,1.62,,,,,,,,
G016,Condiments and Spices,Mint leaves (Mentha spicata ),IFCT_2017,Raw_Ingredient,37,155,4.66,2.39,0.65,,5.89,84.24,2.18,,,,,,,,,,,,,,,4602,18693,3.37,,0.46,164,,0.02,0.19,0.74,0.34,0.17,2.21,106,17.16,,,,,,,,
G017,Condiments and Spices,"Onion, big (Allium cepa)",IFCT_2017,Raw_Ingredient,48,201,1.5,9.56,0.24,,2.45,85.76,0.5,,,,,,,,,,,,,,,1.08,89.1,0.73,,0.05,4.5,,0.04,0.01,0.34,0.3,0.1,2.61,28.88,6.69,,,,,,,,
G018,Condiments and Spices,"Onion, small (Allium cepa)",IFCT_2017,Raw_Ingredient,56.6,237,1.82,11.58,0.16,,1.16,84.67,0.61,,,,,,,,,,,,,,,1.1,31.04,0.12,,0.06,5.3,,0.07,0.02,0.21,0.14,0.12,2.69,29.68,10.96,,,,,,,,
G019,Condiments and Spices,Asafoetida (Ferula assa-foetida),IFCT_2017,Raw_Ingredient,331.5,1387,6.34,71.95,1.26,,5.13,9.42,5.9,,,,,,,,,,,,,,,6.42,168,12.59,,0.77,46.56,,0.82,0.01,0.43,0.14,0.02,2.27,26.28,,,,,,,,,
G020,Condiments and Spices,"Cardamom, green (Elettaria cardamomum)",IFCT_2017,Raw_Ingredient,255,1067,8.1,47.76,2.6,,23.1,11.24,7.21,,,,,,,,,,,,,,,21.91,366,43.72,,0.77,6.81,,0.12,0.07,1.13,0.27,0.15,4.94,2.85,,,,,,,,,
G021,Condiments and Spices,"Cardamom, black (Elettaria cardamomum)",IFCT_2017,Raw_Ingredient,270.6,1132,6.69,52.53,2.8,,23.46,6.69,7.84,,,,,,,,,,,,,,,77.48,1137,43.55,,1.1,5.74,,0.05,0.13,0.52,0.27,0.2,4.76,4.96,,,,,,,,,
G022,Condiments and Spices,"Chillies, red (Capsicum annum)",IFCT_2017,Raw_Ingredient,236.6,990,12.69,29.46,6.4,,31.15,14.57,5.73,,,,,,,,,,,,,,,1542,101812,24.36,,0.98,274,,0.46,0.83,6.94,0.57,0.42,0.92,51.5,,,,,,,,,
G023,Condiments and Spices,Cloves (Syzygium aromaticum),IFCT_2017,Raw_Ingredient,186.7,781,5.86,18.73,8.41,,34.52,26.49,5.99,,,,,,,,,,,,,,,73.51,356,45.07,,0.77,161,,0.53,0.22,1.15,0.36,0.03,2.41,32.81,,,,,,,,,
G024,Condiments and Spices,Coriander seeds (Coriandrum sativum),IFCT_2017,Raw_Ingredient,268.9,1125,10.66,12.98,17.47,,44.81,8.72,5.36,,,,,,,,,,,,,,,122,996,1.31,,1.01,35.7,,0.19,0.23,1.2,0.28,0.04,1.46,22.07,,,,,,,,,
G025,Condiments and Spices,Cumin seeds (Cuminum cyminum),IFCT_2017,Raw_Ingredient,304.5,1274,13.91,22.62,16.64,,30.35,10.59,5.9,,,,,,,,,,,,,,,89.19,553,12.1,,1.49,146,,0.52,0.13,2.87,0.22,0.39,1.2,27.79,,,,,,,,,
G026,Condiments and Spices,Fenugreek seeds (Trigonella foenum graecum),IFCT_2017,Raw_Ingredient,234.9,983,25.41,10.57,5.72,,47.55,7.82,2.93,,,,,,,,,,,,,,,142,1210,1.98,,0.02,1.5,,0.28,0.14,1.19,0.27,0.77,1.54,51.11,,,,,,,,,
G027,Condiments and Spices,Mace (Myristica fragrans),IFCT_2017,Raw_Ingredient,355.6,1488,6.24,26.51,24.41,,20.31,20.06,2.47,,,,,,,,,,,,,,,2322,9203,44.92,,4.16,70.44,,0.13,0.13,0.92,0.35,0.3,1.8,32.65,,,,,,,,,
G028,Condiments and Spices,Nutmeg (Myristica fragrans),IFCT_2017,Raw_Ingredient,463.7,1940,6.3,27.64,36.52,,11.99,15.55,1.99,,,,,,,,,,,,,,,15.37,80.91,46.67,,1.21,60.92,,0.04,0.05,0.51,0.33,0.1,1.59,74.78,,,,,,,,,
G029,Condiments and Spices,Omum (Trachyspermum ammi),IFCT_2017,Raw_Ingredient,357.3,1495,15.89,24.53,21.11,,20.58,9.71,8.18,,,,,,,,,,,,,,,746,1836,2.62,,0.01,30.36,,0.3,0.23,1.23,0.22,0.24,1.78,51.79,,,,,,,,,
G030,Condiments and Spices,Pippali (Piper longum),IFCT_2017,Raw_Ingredient,216.5,906,10.53,35.7,2.27,,34.14,10.95,6.41,,,,,,,,,,,,,,,545,2401,118,,0.03,93.45,,0.06,0.14,1.06,0.23,0.6,2.34,66.45,,,,,,,,,
G031,Condiments and Spices,"Pepper, black (Piper nigrum)",IFCT_2017,Raw_Ingredient,217.5,910,10.12,36.22,2.74,,33.16,13.18,4.58,,,,,,,,,,,,,,,767,2219,25.68,,1.27,171,,0.06,0.09,0.85,0.3,0.27,3.49,21.89,,,,,,,,,
G032,Condiments and Spices,Poppy seeds (Papaver somniferum),IFCT_2017,Raw_Ingredient,422.6,1768,20.31,12.37,30.38,,26.68,4.22,6.04,,,,,,,,,,,,,,,3.51,34.45,33.92,,1.67,95.18,,0.87,0.1,0.77,0.32,0.42,3.25,78.73,,,,,,,,,
G033,Condiments and Spices,Turmeric powder (Curcuma domestica),IFCT_2017,Raw_Ingredient,280.6,1174,7.66,49.22,5.03,,21.38,10.58,6.13,,,,,,,,,,,,,,,55.2,427,18.67,,2.92,12.8,,0.06,0.01,1.55,0.13,0.13,0.76,13.86,,,,,,,,,
H001,Nuts and Oil Seeds,Almond (Prunus amygdalus),IFCT_2017,Raw_Ingredient,609.2,2549,18.41,3.04,58.49,,13.06,4.37,2.62,,,,,,,,,,,,,,,,11.31,1.61,,25.86,8.4,,0.15,0.26,3.71,0.73,0.09,2.39,36.46,0.74,,,,,,,,
H002,Nuts and Oil Seeds,"Arecanut, dried, brown (Areca catechu)",IFCT_2017,Raw_Ingredient,350.6,1467,5.78,70.42,4.35,,11.44,6.63,1.39,,,,,,,,,,,,,,,,41.96,12.77,,0.15,3.78,,0.04,0.03,0.71,0.12,0.32,1.66,7.54,,,,,,,,,
H003,Nuts and Oil Seeds,"Arecanut, dried, red color (Areca catechu)",IFCT_2017,Raw_Ingredient,353,1477,6.46,70.27,4.46,,11.11,6.3,1.41,,,,,,,,,,,,,,,,63.72,12.6,,0.17,3.9,,0.03,0.24,0.8,0.08,0.21,2.94,8.57,,,,,,,,,
H004,Nuts and Oil Seeds,"Arecanut, fresh (Areca catechu)",IFCT_2017,Raw_Ingredient,244.7,1024,2.73,45,5.51,,7.63,37.7,1.43,,,,,,,,,,,,,,,,47.78,11.03,,0.06,3.71,,0.038,0.031,0.74,0.21,0.25,1.7,26.51,,,,,,,,,
H005,Nuts and Oil Seeds,Cashew nut (Anacardium occidentale),IFCT_2017,Raw_Ingredient,582.7,2438,18.78,25.46,45.2,,3.86,4.44,2.25,,,,,,,,,,,,,,,,16.94,3.85,,1.05,1.83,,0.61,0.03,1.03,1.4,0.16,2.58,25.2,,,,,,,,,
H006,Nuts and Oil Seeds,"Coconut, kernal, dry (Cocos nucifera)",IFCT_2017,Raw_Ingredient,624,2611,7.27,8.01,63.26,,15.88,3.97,1.61,,,,,,,,,,,,,,,,176,,,6.06,2.88,,0.04,0.04,0.71,0.21,0.15,1.01,24.27,,,,,,,,,
H007,Nuts and Oil Seeds,"Coconut, kernel, fresh (Cocos nucifera)",IFCT_2017,Raw_Ingredient,408.9,1711,3.84,6.3,41.38,,10.42,36.14,1.93,,,,,,,,,,,,,,,2.66,204,,,2.72,23.22,,0.03,0.08,0.3,0.21,0.1,0.63,25.41,0.8,,,,,,,,
H008,Nuts and Oil Seeds,"Garden cress, seeds (Lepidium sativum)",IFCT_2017,Raw_Ingredient,445.3,1863,23.36,33.66,23.74,,8.27,4.6,6.37,,,,,,,,,,,,,,,,559,1.92,,0.07,24.66,,0.52,0.15,5.67,0.28,0.05,8.66,30.92,,,,,,,,,
H009,Nuts and Oil Seeds,"Gingelly seeds, black (Sesamum indicum)",IFCT_2017,Raw_Ingredient,507.6,2124,19.17,10.29,43.1,,17.16,4.51,5.78,,,,,,,,,,,,,,,13.09,60.78,67.83,,0.09,110,,0.34,0.1,3.12,0.49,0.64,3.06,127,,,,,,,,,
H010,Nuts and Oil Seeds,"Gingelly seeds, brown (Sesamum indicum)",IFCT_2017,Raw_Ingredient,516.5,2161,21.61,9.76,43.22,,17.21,3.62,4.58,,,,,,,,,,,,,,,5.41,86.72,76.51,,0.23,113,,0.27,0.08,3.05,0.49,0.49,3.48,92.63,,,,,,,,,
H011,Nuts and Oil Seeds,"Gingelly seeds, white (Sesamum indicum)",IFCT_2017,Raw_Ingredient,519.6,2174,21.7,10.83,43.05,,16.99,3.3,4.13,,,,,,,,,,,,,,,12.94,57.06,62.74,,1.26,106,,0.36,0.07,3.94,0.48,0.62,3.46,131,,,,,,,,,
H012,Nuts and Oil Seeds,Ground nut (Arachis hypogea),IFCT_2017,Raw_Ingredient,520.1,2176,23.65,17.27,39.63,,10.38,6.97,2.11,,,,,,,,,,,,,,,22.75,82.8,7.1,,0.28,2.5,,0.57,0.12,11.35,1.01,0.23,1.61,90.87,,,,,,,,,
H013,Nuts and Oil Seeds,Mustard seeds (Brassica juncea),IFCT_2017,Raw_Ingredient,509.6,2132,19.51,16.8,40.19,,14.1,5.67,3.73,,,,,,,,,,,,,,,36.72,675,31.79,,0.45,8.2,,0.55,0.33,3.8,0.48,0.24,1.45,94.88,,,,,,,,,
H014,Nuts and Oil Seeds,Linseeds (Linum usitatissimum),IFCT_2017,Raw_Ingredient,443.8,1857,18.55,10.99,35.67,,26.17,5.48,3.15,,,,,,,,,,,,,,,1.05,92,0.55,,8.28,19.17,,0.28,0.05,1.09,0.37,0.35,21.25,86.5,,,,,,,,,
H015,Nuts and Oil Seeds,"Niger seeds, black (Guizotia abyssinica)",IFCT_2017,Raw_Ingredient,512.4,2144,18.92,22.98,38.61,,10.93,4.65,3.91,,,,,,,,,,,,,,,2.15,295,2.52,,1.44,110,,0.46,0.23,1.14,0.49,0.45,2.37,140,,,,,,,,,
H016,Nuts and Oil Seeds,"Niger seeds, gray (Guizotia abyssinica)",IFCT_2017,Raw_Ingredient,508.6,2128,18.34,20.59,39.53,,10.96,5.66,4.92,,,,,,,,,,,,,,,8.49,187,2.7,,2.66,105,,0.38,0.35,0.88,0.46,0.34,2.4,73.13,,,,,,,,,
H017,Nuts and Oil Seeds,Pine seed (Pinus gerardiana),IFCT_2017,Raw_Ingredient,594.2,2486,12.55,26.77,48.79,,3.79,5.32,2.78,,,,,,,,,,,,,,,1.98,297,0.61,,0.01,44.55,,0.36,0.08,3.52,0.5,0.11,18.46,31.64,,,,,,,,,
H018,Nuts and Oil Seeds,Pistachio nuts (Pistacla vera),IFCT_2017,Raw_Ingredient,539.4,2257,23.35,15.82,42.49,,10.64,4.68,3.02,,,,,,,,,,,,,,,110,519,1.8,,33.92,18.65,,0.98,0.04,0.86,0.58,0.96,11.82,64.9,,,,,,,,,
H019,Nuts and Oil Seeds,Safflower seeds (Carthamus tinctorius),IFCT_2017,Raw_Ingredient,473.5,1981,17.66,30.18,30.87,,13.49,5.24,2.57,,,,,,,,,,,,,,,2.07,142,1.91,,35.09,8.8,,0.85,0.15,1.12,0.89,0.93,17.37,82.41,,,,,,,,,
H020,Nuts and Oil Seeds,Sunflower seeds (Helianthus annuus),IFCT_2017,Raw_Ingredient,586.3,2453,23.53,6.85,51.85,,10.8,3.53,3.44,,,,,,,,,,,,,,,8.15,249,1.54,,12.93,9.2,,0.59,0.13,1.6,0.97,0.94,2.44,81.79,,,,,,,,,
H021,Nuts and Oil Seeds,Walnut (Juglans regia),IFCT_2017,Raw_Ingredient,671.4,2809,14.92,10.14,64.27,,5.39,3.56,1.72,,,,,,,,,,,,,,,9.53,122,46.31,,4.12,84.92,,0.4,0.12,0.86,0.84,0.8,13.05,57.95,0.88,,,,,,,,
I001,Sugars,"Jaggery, cane (Saccharum officinarum)",IFCT_2017,Raw_Ingredient,353.7,1480,1.85,84.87,0.16,,,11.2,1.92,,,,,,,,,,,,,,,,18.49,0.47,,0.04,,,0.04,0.01,0.02,0.23,0.71,0.58,14.4,,,,,,,,,
I002,Sugars,"Sugarcane, juice (Saccharum officinarum)",IFCT_2017,Raw_Ingredient,57.8,242,0.16,13.11,0.4,,0.56,85.54,0.23,,,,,,,,,,,,,,,7.87,41.23,0.41,,0.02,,,0.03,0.04,0.14,0.07,0.4,0.59,44.53,6.73,,,,,,,,
J001,Mushrooms,"Button mushroom, fresh (Agaricus sp.)",IFCT_2017,Raw_Ingredient,27.5,115,3.68,1.98,0.42,,3.11,90.09,0.71,,,,,,,,,,,,,,,,,20.54,,0.01,12.5,,0.01,0.03,0.68,0.43,0.12,9.23,8.28,,,,,,,,,
J002,Mushrooms,"Chicken mushroom, fresh (Lactiporus sp.)",IFCT_2017,Raw_Ingredient,21.3,89,1.84,2.76,0.25,,1.99,92.43,0.74,,,,,,,,,,,,,,,,,27.58,,0.02,16.29,,0.37,0.06,1.45,1.48,0.11,8.94,11.13,0.45,,,,,,,,
J003,Mushrooms,"Shiitake mushroom, fresh (Lentinula sp.)",IFCT_2017,Raw_Ingredient,58.1,243,3.19,8.98,0.76,,3.02,82.94,1.11,,,,,,,,,,,,,,,,,36.4,,0.01,12.5,,0.05,0.16,1.92,2.04,0.45,10.6,10.92,,,,,,,,,
J004,Mushrooms,"Oyster mushroom, dried (Pleurotus sp.)",IFCT_2017,Raw_Ingredient,243.5,1019,19.04,33.07,2.86,,39.12,4.51,1.41,,,,,,,,,,,,,,,,,109,,0.01,11.8,,0.24,0.17,3.77,2.33,0.85,22.51,10.4,,,,,,,,,
K001,Miscellaneous Foods,Toddy,IFCT_2017,Raw_Ingredient,24.1,101,0.18,5.72,0.03,,,93.86,0.21,,,,,,,,,,,,,,,,,,,0.01,,,0.01,0.27,0.35,0.08,0.03,1.96,0.73,0.92,,,,,,,,
K002,Miscellaneous Foods,Coconut Water,IFCT_2017,Raw_Ingredient,15.3,64,0.26,3.16,0.16,,,95.77,0.65,,,,,,,,,,,,,,,,46.12,,,0.45,2.69,,0.01,0.01,0.04,0.26,0.06,0.21,10.88,0.64,,,,,,,,
L001,Milk and Milk Products,"Milk, whole, Buffalo",IFCT_2017,Raw_Ingredient,107.3,449,3.68,8.39,6.58,,,80.68,0.67,,,,,,,,,,,,,,,8.42,80.87,1.63,,0.19,,,0.05,0.13,0.07,0.38,0.04,2.16,8.57,2.37,,,,,,,,
L002,Milk and Milk Products,"Milk, whole, Cow",IFCT_2017,Raw_Ingredient,72.9,305,3.26,4.94,4.48,,,86.64,0.68,,,,,,,,,,,,,,,13.67,200,1.22,,0.22,,,0.03,0.11,0.08,0.34,0.04,1.98,7.03,2.01,,,,,,,,
L003,Milk and Milk Products,Panner,IFCT_2017,Raw_Ingredient,257.9,1079,18.86,12.41,14.78,,,51.96,1.98,,,,,,,,,,,,,,,4.39,194,0.13,,0.02,,,0.02,0.1,0.13,0.49,0.04,21.04,93.31,,,,,,,,,
L004,Milk and Milk Products,Khoa,IFCT_2017,Raw_Ingredient,316,1322,16.34,16.53,20.62,,,42.51,4,,,,,,,,,,,,,,,3.52,190,0.12,,0.03,,,0.11,0.11,0.43,0.33,0.06,20.39,94.25,,,,,,,,,
M001,Egg and Egg Products,"Egg, poultry, whole, raw",IFCT_2017,Raw_Ingredient,134.8,564,13.28,,9.15,,,76.51,0.81,,,,,,,,,,,,,,,13.6,135,,,1.51,,,0.06,0.19,0.11,1.47,,18.24,49.32,,,,,,,,,
M002,Egg and Egg Products,"Egg, poultry, white, raw",IFCT_2017,Raw_Ingredient,44.7,187,10.84,,0.06,,,86.68,0.75,,,,,,,,,,,,,,,,,,,,,,0.02,0.16,0.01,1.35,,4.36,4.96,,,,,,,,,
M003,Egg and Egg Products,"Egg, poultry, yolk, raw",IFCT_2017,Raw_Ingredient,296.8,1242,15.74,,26.34,,,53.57,1.05,,,,,,,,,,,,,,,88.87,241,,,2.97,,,0.11,0.16,0.69,2.78,,65.22,112,,,,,,,,,
M004,Egg and Egg Products,"Egg, poultry, whole, boiled",IFCT_2017,Raw_Ingredient,147.7,618,13.43,,10.54,,,73.46,0.86,,,,,,,,,,,,,,,13.19,136,,,1.34,,,0.06,0.18,0.21,1.42,,15.36,48.25,,,,,,,,,
M005,Egg and Egg Products,"Egg, poultry, white, boiled",IFCT_2017,Raw_Ingredient,52.6,220,12.37,,0.26,,,83.54,0.81,,,,,,,,,,,,,,,,5.3,,,,,,0.02,0.18,0.01,0.18,,4.37,4.1,,,,,,,,,
M006,Egg and Egg Products,"Egg, poultry, yolk, boiled",IFCT_2017,Raw_Ingredient,308.3,1290,16.13,,27.46,,,51.42,1.38,,,,,,,,,,,,,,,68.59,218,,,2.8,,,0.17,0.15,0.45,2.57,,58.43,110,,,,,,,,,
M007,Egg and Egg Products,"Egg, poultry, omlet",IFCT_2017,Raw_Ingredient,169.7,710,16.53,,11.6,,,68.48,0.96,,,,,,,,,,,,,,,11.36,111,,,1.88,,,0.11,0.2,0.33,2.06,,17.13,37.66,,,,,,,,,
M008,Egg and Egg Products,"Egg, country hen, whole, raw",IFCT_2017,Raw_Ingredient,168.3,704,13.14,,13,,,72.96,0.86,,,,,,,,,,,,,,,18.55,191,,,2.1,,,0.14,0.08,0.14,1.03,,19.35,54.6,,,,,,,,,
M009,Egg and Egg Products,"Egg, country hen, whole, boiled",IFCT_2017,Raw_Ingredient,183.3,767,14.43,,14.1,,,70.43,0.94,,,,,,,,,,,,,,,17.45,166,,,2.05,,,0.11,0.08,0.12,0.96,,20.15,59.98,,,,,,,,,
M010,Egg and Egg Products,"Egg, country hen, omlet",IFCT_2017,Raw_Ingredient,204.3,855,14.8,,16.3,,,67.8,1.08,,,,,,,,,,,,,,,14.75,161,,,2.79,,,0.14,0.07,0.14,0.94,,18.55,58.79,,,,,,,,,
M011,Egg and Egg Products,"Egg, duck, whole, boiled",IFCT_2017,Raw_Ingredient,176.4,738,13.8,,13.61,,,71.61,0.97,,,,,,,,,,,,,,,34.59,228,,,2.06,,,0.21,0.07,0.18,1.14,,13.87,73.32,,,,,,,,,
M012,Egg and Egg Products,"Egg, duck, whole, raw",IFCT_2017,Raw_Ingredient,181.6,760,14.6,,13.83,,,70.53,0.99,,,,,,,,,,,,,,,35.66,249,,,2.47,,,0.18,0.07,0.13,0.51,,14.52,75.48,,,,,,,,,
M013,Egg and Egg Products,"Egg, duck, whole, omlet",IFCT_2017,Raw_Ingredient,192.2,804,15.1,,14.8,,,68.9,1.18,,,,,,,,,,,,,,,30.08,213,,,2.66,,,0.31,0.09,0.14,1.05,,13.81,67.95,,,,,,,,,
M014,Egg and Egg Products,"Egg, quial, whole, raw",IFCT_2017,Raw_Ingredient,151.8,635,12.39,,11.46,,,75.11,0.94,,,,,,,,,,,,,,,12.96,242,,,0.99,,,0.15,0.11,0.12,0.93,,18.82,54.86,,,,,,,,,
M015,Egg and Egg Products,"Egg, quial, whole, boiled",IFCT_2017,Raw_Ingredient,154.6,647,13.03,,11.5,,,74.41,0.99,,,,,,,,,,,,,,,10.55,230,,,0.84,,,0.11,0.08,0.15,0.81,,16.53,51.72,,,,,,,,,
N001,Poultry,"Chicken, poultry, leg, skinless",IFCT_2017,Raw_Ingredient,383.6,1605,19.44,,12.64,,,67.61,1.14,,,,,,,,,,,,,,,,,,,0.61,,,0.17,0.13,5.6,1.28,,4.58,7.47,,,,,,,,,
N002,Poultry,"Chicken, poultry, thigh, skinless",IFCT_2017,Raw_Ingredient,199.8,836,18.18,,14.23,,,67.58,1.14,,,,,,,,,,,,,,,,,,,0.66,,,0.13,0.1,5.62,1.06,,3.86,9,,,,,,,,,
N003,Poultry,"Chicken, poultry, breast, skinless",IFCT_2017,Raw_Ingredient,168.3,704,21.81,,9,,,67.15,1.19,,,,,,,,,,,,,,,,,,,0.29,,,0.1,0.06,8.06,1.15,,4.11,10.44,,,,,,,,,
N004,Poultry,"Chicken, poultry, wing, skinless",IFCT_2017,Raw_Ingredient,192.9,807,17.42,,13.81,,,67.48,1.13,,,,,,,,,,,,,,,,,,,0.58,,,0.08,0.07,6.66,1.28,,3.61,7.87,,,,,,,,,
N005,Poultry,"Poultry, chicken, liver",IFCT_2017,Raw_Ingredient,123.8,518,21.57,,4.08,,,73.2,1.11,,,,,,,,,,,,,,,,,,,0.73,,,0.28,0.2,4.44,6.39,,4.07,1032,,,,,,,,,
N006,Poultry,"Poultry, chicken, gizzard",IFCT_2017,Raw_Ingredient,92.3,386,18.22,,2.07,,,78.05,1.46,,,,,,,,,,,,,,,,,,,0.63,,,0.01,0.11,2.87,0.7,,5.12,8.72,,,,,,,,,
N007,Poultry,"Country hen, leg, with skin",IFCT_2017,Raw_Ingredient,172.8,723,17.01,,11.73,,,70.02,1.2,,,,,,,,,,,,,,,,,,,0.7,,,0.17,0.1,2.44,0.73,,4.6,8.1,,,,,,,,,
N008,Poultry,"Country hen, thigh, with skin",IFCT_2017,Raw_Ingredient,187.6,785,18.29,,12.82,,,67.46,1.23,,,,,,,,,,,,,,,,,,,0.55,,,0.11,0.13,3.62,0.89,,2.91,10.42,,,,,,,,,
N009,Poultry,"Country hen, breast, with skin",IFCT_2017,Raw_Ingredient,180,753,22.08,,10.2,,,66.53,1.14,,,,,,,,,,,,,,,,,,,0.36,,,0.11,0.04,5.62,0.81,,3.06,12.98,,,,,,,,,
N010,Poultry,"Country hen, wing, with skin",IFCT_2017,Raw_Ingredient,182.6,764,18.65,,12.09,,,68.01,1.14,,,,,,,,,,,,,,,,,,,0.58,,,0.07,0.03,3.19,0.85,,5.13,9.19,,,,,,,,,
N011,Poultry,"Duck, meat, with skin",IFCT_2017,Raw_Ingredient,130.7,547,19.07,,6.03,,,73.49,1.22,,,,,,,,,,,,,,,,,,,0.7,,,0.22,0.13,2.24,0.74,,4.27,27.98,,,,,,,,,
N012,Poultry,"Emu, meat, skinless",IFCT_2017,Raw_Ingredient,132.9,556,22.65,,4.62,,,71.65,0.98,,,,,,,,,,,,,,,,,,,0.42,,,0.1,0.17,3.26,2.21,,,7.07,,,,,,,,,
N013,Poultry,"Guinea fowl, meat, with skin",IFCT_2017,Raw_Ingredient,112.1,469,20.52,,3.24,,,75.21,0.92,,,,,,,,,,,,,,,,,,,1.88,,,0.02,0.18,3.64,0.71,,,5.69,,,,,,,,,
N014,Poultry,"Pigeon, meat, with skin",IFCT_2017,Raw_Ingredient,126.2,528,17.94,,6.03,,,74.61,1.32,,,,,,,,,,,,,,,,,,,1.54,,,0.18,0.39,3.45,0.79,,,8.41,,,,,,,,,
N015,Poultry,"Quail, meat, skinless",IFCT_2017,Raw_Ingredient,137.7,576,20.92,,5.95,,,71.58,1.35,,,,,,,,,,,,,,,,,,,1.67,,,0.05,0.24,4.69,0.81,,,9.33,,,,,,,,,
N016,Poultry,"Turkey, leg, with skin",IFCT_2017,Raw_Ingredient,154.6,647,20.3,,8.15,,,69.24,1.21,,,,,,,,,,,,,,,,,,,0.72,,,0.05,0.11,4.92,1.59,,,8.55,,,,,,,,,
N017,Poultry,"Turkey, thigh, with skin",IFCT_2017,Raw_Ingredient,138.9,581,20.46,,6.31,,,72.17,0.97,,,,,,,,,,,,,,,,,,,0.63,,,0.04,0.12,1.94,1.54,,,10.91,,,,,,,,,
N018,Poultry,"Turkey, breast, with skin",IFCT_2017,Raw_Ingredient,160.4,671,21.96,,8.04,,,68.44,1.01,,,,,,,,,,,,,,,,,,,0.57,,,0.06,0.1,4.49,1.53,,,14.67,,,,,,,,,
N019,Poultry,"Turkey, wing, with skin",IFCT_2017,Raw_Ingredient,184.3,771,21.91,,10.77,,,66.16,0.97,,,,,,,,,,,,,,,,,,,0.44,,,0.03,0.09,4.38,1.36,,,10.41,,,,,,,,,
O001,Animal Meat,"Goat, shoulder",IFCT_2017,Raw_Ingredient,188.1,787,20.33,,11.94,,,66.39,0.9,,,,,,,,,,,,,,,,,,,0.35,,,0.07,0.17,5.14,1.07,,,2.08,,,,,,,,,
O002,Animal Meat,"Goat, chops",IFCT_2017,Raw_Ingredient,135.8,568,20.39,,5.98,,,72.46,0.99,,,,,,,,,,,,,,,,,,,0.15,,,0.05,0.13,5.51,0.98,,,1.53,,,,,,,,,
O003,Animal Meat,"Goat, legs",IFCT_2017,Raw_Ingredient,159.9,669,22.07,,7.94,,,68.85,0.97,,,,,,,,,,,,,,,,,,,0.09,,,0.07,0.15,5.15,0.99,,,2.25,,,,,,,,,
O004,Animal Meat,"Goat, brain",IFCT_2017,Raw_Ingredient,127.4,533,13.82,,8.06,,,76.74,1.29,,,,,,,,,,,,,,,,,,,0.07,,,0.13,0.17,2.04,1.52,,,1.3,,,,,,,,,
O005,Animal Meat,"Goat, tongue",IFCT_2017,Raw_Ingredient,188.6,789,16.63,,13.68,,,68.4,1.02,,,,,,,,,,,,,,,,,,,0.08,,,0.14,0.22,3.04,0.88,,,2.54,,,,,,,,,
O006,Animal Meat,"Goat, lungs",IFCT_2017,Raw_Ingredient,95.8,401,16.86,,3.09,,,79.03,0.74,,,,,,,,,,,,,,,,,,,0.08,,,0.08,0.32,2.79,0.83,,,1.8,,,,,,,,,
O007,Animal Meat,"Goat, heart",IFCT_2017,Raw_Ingredient,117.6,492,19.38,,4.4,,,75.15,0.95,,,,,,,,,,,,,,,,,,,0.09,,,0.36,0.33,5.97,1.72,,,1.63,,,,,,,,,
O008,Animal Meat,"Goat, liver",IFCT_2017,Raw_Ingredient,125.7,526,20.32,,4.88,,,73.37,1.3,,,,,,,,,,,,,,,,,,,0.61,,,0.2,0.37,12.88,7.01,,,178,,,,,,,,,
O009,Animal Meat,"Goat, tripe",IFCT_2017,Raw_Ingredient,92.3,386,15.36,,3.36,,,80.94,0.23,,,,,,,,,,,,,,,,,,,0.1,,,0.02,0.1,0.81,0.21,,,2.36,,,,,,,,,
O010,Animal Meat,"Goat, spleen",IFCT_2017,Raw_Ingredient,95.8,401,18.45,,2.37,,,77.93,1.15,,,,,,,,,,,,,,,,,,,0.08,,,0.06,0.16,5.2,6.58,,,3.3,,,,,,,,,
O011,Animal Meat,"Goat, kidneys",IFCT_2017,Raw_Ingredient,89.4,374,15.6,,2.93,,,80.26,1.1,,,,,,,,,,,,,,,,,,,0.09,,,0.34,0.34,5.5,6.54,,,68.76,,,,,,,,,
O012,Animal Meat,"Goat, tube (small intestine)",IFCT_2017,Raw_Ingredient,125.5,525,12.92,,8.26,,,78.12,0.54,,,,,,,,,,,,,,,,,,,0.13,,,0.01,0.11,0.64,0.53,,,1.87,,,,,,,,,
O013,Animal Meat,"Goat, testis",IFCT_2017,Raw_Ingredient,71.2,298,12.32,,2.39,,,84.29,0.87,,,,,,,,,,,,,,,,,,,0.09,,,0.15,0.11,1.72,1.58,,,2.01,,,,,,,,,
O014,Animal Meat,"Sheep, shoulder",IFCT_2017,Raw_Ingredient,200.8,840,18.24,,14.31,,,66.51,0.86,,,,,,,,,,,,,,,,,,,0.31,,,0.05,0.18,4.53,0.96,,,3.16,,,,,,,,,
O015,Animal Meat,"Sheep, chops",IFCT_2017,Raw_Ingredient,118.5,496,18,,5.15,,,75.66,1.09,,,,,,,,,,,,,,,,,,,0.1,,,0.07,0.16,4.94,1.01,,,1.61,,,,,,,,,
O016,Animal Meat,"Sheep, leg",IFCT_2017,Raw_Ingredient,164,686,21.42,,8.69,,,68.26,0.94,,,,,,,,,,,,,,,,,,,0.08,,,0.08,0.16,5.25,1.04,,,1.81,,,,,,,,,
O017,Animal Meat,"Sheep, brain",IFCT_2017,Raw_Ingredient,117.6,492,13.05,,7.29,,,78.36,1.19,,,,,,,,,,,,,,,,,,,0.09,,,0.12,0.21,2.66,1.73,,,1.86,,,,,,,,,
O018,Animal Meat,"Sheep, tongue",IFCT_2017,Raw_Ingredient,187.1,783,16.61,,13.53,,,68.7,1.06,,,,,,,,,,,,,,,,,,,0.07,,,0.15,0.2,2.78,0.35,,,2.4,,,,,,,,,
O019,Animal Meat,"Sheep, lungs",IFCT_2017,Raw_Ingredient,86.8,363,16.12,,2.41,,,80.41,0.97,,,,,,,,,,,,,,,,,,,0.08,,,0.07,0.23,2.75,0.88,,,13.89,,,,,,,,,
O020,Animal Meat,"Sheep, heart",IFCT_2017,Raw_Ingredient,106.4,445,18.19,,3.66,,,77.06,0.97,,,,,,,,,,,,,,,,,,,0.15,,,0.34,0.3,5.43,1.66,,,2.17,,,,,,,,,
O021,Animal Meat,"Sheep, liver",IFCT_2017,Raw_Ingredient,133.6,559,22.26,,4.87,,,69.71,1.26,,,,,,,,,,,,,,,,,,,0.6,,,0.17,0.35,15.66,6.95,,,206,,,,,,,,,
O022,Animal Meat,"Sheep, tripe",IFCT_2017,Raw_Ingredient,104,435,16.76,,4.05,,,78.81,0.26,,,,,,,,,,,,,,,,,,,0.2,,,0.02,0.08,0.63,0.2,,,1.87,,,,,,,,,
O023,Animal Meat,"Sheep, spleen",IFCT_2017,Raw_Ingredient,91.8,384,16.02,,3.02,,,79.66,1.17,,,,,,,,,,,,,,,,,,,0.1,,,0.07,0.23,5.42,6.07,,,3.19,,,,,,,,,
O024,Animal Meat,"Sheep, kidneys",IFCT_2017,Raw_Ingredient,91.8,384,16.22,,2.92,,,79.77,1,,,,,,,,,,,,,,,,,,,0.1,,,0.35,0.31,5.51,6.22,,,46.21,,,,,,,,,
O025,Animal Meat,"Beef, shoulder",IFCT_2017,Raw_Ingredient,212.5,889,20.56,,14.59,,,63.84,0.95,,,,,,,,,,,,,,,,,,,0.4,,,0.03,0.12,5.18,1.14,,,8.06,,,,,,,,,
O026,Animal Meat,"Beef, chops",IFCT_2017,Raw_Ingredient,139.8,585,19.82,,6.71,,,72.4,0.96,,,,,,,,,,,,,,,,,,,0.3,,,0.02,0.06,4.36,1.27,,,5.69,,,,,,,,,
O027,Animal Meat,"Beef, round (leg)",IFCT_2017,Raw_Ingredient,157.3,658,22.64,,7.38,,,68.04,1.19,,,,,,,,,,,,,,,,,,,0.4,,,0.04,0.06,6.3,0.84,,,2.11,,,,,,,,,
O028,Animal Meat,"Beef, brain",IFCT_2017,Raw_Ingredient,125,523,10.55,,9.28,,,78.71,1.37,,,,,,,,,,,,,,,,,,,0.1,,,0.12,0.13,1.91,1.76,,,5.39,,,,,,,,,
O029,Animal Meat,"Beef, tongue",IFCT_2017,Raw_Ingredient,174.7,731,15.63,,12.57,,,70.97,0.73,,,,,,,,,,,,,,,,,,,0.11,,,0.05,0.13,2.93,0.72,,,10.81,,,,,,,,,
O030,Animal Meat,"Beef, lungs",IFCT_2017,Raw_Ingredient,83.9,351,15.66,,2.28,,,80.83,1.13,,,,,,,,,,,,,,,,,,,0.11,,,0.09,0.12,3.13,0.85,,,6.98,,,,,,,,,
O031,Animal Meat,"Beef, heart",IFCT_2017,Raw_Ingredient,103.5,433,17.68,,3.57,,,77.77,0.87,,,,,,,,,,,,,,,,,,,0.1,,,0.24,0.3,5.38,1.55,,,8.5,,,,,,,,,
O032,Animal Meat,"Beef, liver",IFCT_2017,Raw_Ingredient,119.3,499,20.73,,3.96,,,74.15,1.07,,,,,,,,,,,,,,,,,,,0.6,,,0.17,0.34,14.01,9.32,,,1744,,,,,,,,,
O033,Animal Meat,"Beef, tripe",IFCT_2017,Raw_Ingredient,75.5,316,13.1,,2.51,,,83.74,0.55,,,,,,,,,,,,,,,,,,,0.41,,,0.03,0.08,1.31,1.09,,,1.45,,,,,,,,,
O034,Animal Meat,"Beef, spleen",IFCT_2017,Raw_Ingredient,90.3,378,17.42,,2.22,,,79.03,1.22,,,,,,,,,,,,,,,,,,,0.1,,,0.31,0.25,7.45,7.3,,,3.4,,,,,,,,,
O035,Animal Meat,"Beef, kidneys",IFCT_2017,Raw_Ingredient,104.9,439,17.09,,4.01,,,77.59,1.22,,,,,,,,,,,,,,,,,,,0.08,,,0.26,0.27,6.52,2.05,,,53.68,,,,,,,,,
O036,Animal Meat,"Calf, shoulder",IFCT_2017,Raw_Ingredient,151.3,633,20.98,,7.47,,,70.49,0.94,,,,,,,,,,,,,,,,,,,0.3,,,0.1,0.2,6.11,0.98,,,9.25,,,,,,,,,
O037,Animal Meat,"Calf, chops",IFCT_2017,Raw_Ingredient,125.2,524,22.47,,3.85,,,72.66,0.92,,,,,,,,,,,,,,,,,,,0.3,,,0.07,0.17,5.11,0.94,,,2.13,,,,,,,,,
O038,Animal Meat,"Calf, round (leg)",IFCT_2017,Raw_Ingredient,147,615,21.1,,6.92,,,71.13,0.74,,,,,,,,,,,,,,,,,,,0.2,,,0.03,0.17,5.97,0.87,,,7.81,,,,,,,,,
O039,Animal Meat,"Calf, brain",IFCT_2017,Raw_Ingredient,107.1,448,9.84,,7.6,,,81.19,1.26,,,,,,,,,,,,,,,,,,,0.1,,,0.07,0.19,3.19,1.61,,,1.5,,,,,,,,,
O040,Animal Meat,"Calf, tongue",IFCT_2017,Raw_Ingredient,176.1,737,17.78,,11.76,,,69.44,0.93,,,,,,,,,,,,,,,,,,,0.1,,,0.11,0.22,4.31,0.79,,,5.2,,,,,,,,,
O041,Animal Meat,"Calf, heart",IFCT_2017,Raw_Ingredient,109.7,459,18.84,,3.75,,,73.44,0.86,,,,,,,,,,,,,,,,,,,0.1,,,0.26,0.29,5.3,2.29,,,9.41,,,,,,,,,
O042,Animal Meat,"Calf, liver",IFCT_2017,Raw_Ingredient,120.2,503,21.02,,3.95,,,73.66,1.26,,,,,,,,,,,,,,,,,,,0.5,,,0.17,0.31,12.98,8.95,,,1473,,,,,,,,,
O043,Animal Meat,"Calf, spleen",IFCT_2017,Raw_Ingredient,90.6,379,17.71,,2.12,,,78.65,1.41,,,,,,,,,,,,,,,,,,,0.1,,,0.09,0.28,7.61,6.83,,,3.58,,,,,,,,,
O044,Animal Meat,"Calf, kidneys",IFCT_2017,Raw_Ingredient,92.5,387,15.16,,3.5,,,80.23,1.02,,,,,,,,,,,,,,,,,,,0.1,,,0.32,0.35,4.16,2.49,,,33.48,,,,,,,,,
O045,Animal Meat,"Mithun, shoulder",IFCT_2017,Raw_Ingredient,175.9,736,19.05,,11.14,,,68.86,0.84,,,,,,,,,,,,,,,,,,,0.3,,,0.04,0.06,6.29,1.31,,,1.86,,,,,,,,,
O046,Animal Meat,"Mithun, chops",IFCT_2017,Raw_Ingredient,128.1,536,18.19,,6.12,,,73.81,0.79,,,,,,,,,,,,,,,,,,,0.2,,,0.2,0.18,4.76,1.62,,,1.9,,,,,,,,,
O047,Animal Meat,"Mithun, round (leg)",IFCT_2017,Raw_Ingredient,115.9,485,19.61,,4.1,,,72.25,0.9,,,,,,,,,,,,,,,,,,,0.3,,,0.02,0.05,5.3,1.36,,,1.86,,,,,,,,,
O048,Animal Meat,"Pork, shoulder",IFCT_2017,Raw_Ingredient,237.3,993,17.41,,18.83,,,62.92,0.75,,,,,,,,,,,,,,,,,,,0.3,,,0.18,0.1,4.22,0.86,,,6.7,,,,,,,,,
O049,Animal Meat,"Pork, chops",IFCT_2017,Raw_Ingredient,178.8,748,19.41,,11.3,,,68.4,0.64,,,,,,,,,,,,,,,,,,,0.11,,,0.3,0.11,4.49,0.72,,,7.74,,,,,,,,,
O050,Animal Meat,"Pork, ham",IFCT_2017,Raw_Ingredient,240.4,1006,18.83,,18.55,,,61.94,0.62,,,,,,,,,,,,,,,,,,,0.2,,,0.24,0.1,4.59,0.79,,,1.51,,,,,,,,,
O051,Animal Meat,"Pork, lungs",IFCT_2017,Raw_Ingredient,85.6,358,15.13,,2.74,,,81.12,0.93,,,,,,,,,,,,,,,,,,,0.11,,,0.08,0.14,3.11,1.79,,,6.36,,,,,,,,,
O052,Animal Meat,"Pork, heart",IFCT_2017,Raw_Ingredient,109.2,457,16.31,,4.87,,,77.74,1.01,,,,,,,,,,,,,,,,,,,0.1,,,0.28,0.3,5.13,1.49,,,4.73,,,,,,,,,
O053,Animal Meat,"Pork, liver",IFCT_2017,Raw_Ingredient,115.7,484,19.89,,3.94,,,74.88,1.18,,,,,,,,,,,,,,,,,,,0.85,,,0.16,0.31,13.76,7.93,,,954,,,,,,,,,
O054,Animal Meat,"Pork, stomach",IFCT_2017,Raw_Ingredient,131.5,550,15.36,,7.81,,,76.51,0.23,,,,,,,,,,,,,,,,,,,0.3,,,0.1,0.06,1.9,3.1,,,6.87,,,,,,,,,
O055,Animal Meat,"Pork, spleen",IFCT_2017,Raw_Ingredient,85.3,357,15.13,,2.71,,,80.93,1.13,,,,,,,,,,,,,,,,,,,0.17,,,0.13,0.27,7.8,4.87,,,5.92,,,,,,,,,
O056,Animal Meat,"Pork, kidneys",IFCT_2017,Raw_Ingredient,90.6,379,14.35,,3.65,,,80.92,0.97,,,,,,,,,,,,,,,,,,,0.19,,,0.24,0.37,6.46,2.52,,,59.61,,,,,,,,,
O057,Animal Meat,"Pork, tube (small intestine)",IFCT_2017,Raw_Ingredient,140.3,587,14.96,,8.98,,,75.42,0.55,,,,,,,,,,,,,,,,,,,0.2,,,0.08,0.1,0.9,3.02,,,7.84,,,,,,,,,
O058,Animal Meat,"Hare, shoulder",IFCT_2017,Raw_Ingredient,144.1,603,21.13,,6.58,,,71.06,1.17,,,,,,,,,,,,,,,,,,,1.46,,,0.07,0.27,5.04,0.7,,,2.2,,,,,,,,,
O059,Animal Meat,"Hare, chops",IFCT_2017,Raw_Ingredient,106.4,445,20.62,,2.55,,,75.47,1.27,,,,,,,,,,,,,,,,,,,1.73,,,0.07,0.28,4.85,0.61,,,3.85,,,,,,,,,
O060,Animal Meat,"Hare, leg",IFCT_2017,Raw_Ingredient,120.2,503,20.52,,4.16,,,73,1.26,,,,,,,,,,,,,,,,,,,1.44,,,0.08,0.22,5.63,0.64,,,1.95,,,,,,,,,
O061,Animal Meat,"Rabbit, shoulder",IFCT_2017,Raw_Ingredient,151.8,635,20.01,,7.96,,,70.75,1.19,,,,,,,,,,,,,,,,,,,1.22,,,0.03,0.14,4.38,0.69,,,1.8,,,,,,,,,
O062,Animal Meat,"Rabbit, chops",IFCT_2017,Raw_Ingredient,135,565,22.61,,4.88,,,71.03,1.35,,,,,,,,,,,,,,,,,,,0.83,,,0.02,0.08,7.54,0.73,,,2.1,,,,,,,,,
O063,Animal Meat,"Rabbit, leg",IFCT_2017,Raw_Ingredient,139.6,584,21.31,,5.99,,,70.33,1.26,,,,,,,,,,,,,,,,,,,0.72,,,0.03,0.1,5.02,0.7,,,1.8,,,,,,,,,
P001,Marine Fish,Allathi (Elops machnata),IFCT_2017,Raw_Ingredient,97,406,21.77,,0.98,,,75.91,1.06,,,,,,,,,,,,,,,,,,,1.02,,,0.08,0.04,3.67,0.72,,,1230,,,,,,,,,
P002,Marine Fish,Aluva (Parastromateus niger),IFCT_2017,Raw_Ingredient,103.7,434,21.63,,1.8,,,75.71,1.39,,,,,,,,,,,,,,,,,,,1,,,0.05,0.02,2.35,0.74,,,1132,,,,,,,,,
P003,Marine Fish,Anchovy (Stolephorus indicus),IFCT_2017,Raw_Ingredient,87.7,367,19.88,,0.78,,,77.77,1.62,,,,,,,,,,,,,,,,,,,0.73,,,0.03,0.04,0.91,1.21,,,1170,,,,,,,,,
P004,Marine Fish,Ari fish (Aprion virescens ),IFCT_2017,Raw_Ingredient,99.2,415,22.01,,1.11,,,77.09,1.34,,,,,,,,,,,,,,,,,,,0.1,,,0.06,0.03,3.65,0.23,,,602,,,,,,,,,
P005,Marine Fish,Betki (Lates calcarifer),IFCT_2017,Raw_Ingredient,67.9,284,15.28,,0.29,,,82.52,1.12,,,,,,,,,,,,,,,,,,,0.38,,,0.01,0.04,1.54,0.4,,,2079,,,,,,,,,
P006,Marine Fish,Black snapper (Macolor niger),IFCT_2017,Raw_Ingredient,90.1,377,19.5,,1.24,,,78.09,1.19,,,,,,,,,,,,,,,,,,,0.51,,,,0.02,2.89,0.54,,,1772,,,,,,,,,
P007,Marine Fish,Bombay duck (Harpadon nehereus),IFCT_2017,Raw_Ingredient,68.6,287,13.53,,1.03,,,83.24,1.07,,,,,,,,,,,,,,,,,,,0.75,,,0.03,0.02,0.64,1.48,,,2784,,,,,,,,,
P008,Marine Fish,Bommuralu (Muraenesox cinerius),IFCT_2017,Raw_Ingredient,115.9,485,22.3,,2.87,,,76.42,1.21,,,,,,,,,,,,,,,,,,,0.54,,,0.05,0.02,1.34,0.64,,,1004,,,,,,,,,
P009,Marine Fish,Cat fish (Tachysurus thalassinus),IFCT_2017,Raw_Ingredient,109,456,22.18,,2.13,,,76.22,1.32,,,,,,,,,,,,,,,,,,,0.38,,,0.05,0.05,1.38,1.24,,,1136,,,,,,,,,
P010,Marine Fish,Chakla (Rachycentron canadum),IFCT_2017,Raw_Ingredient,97,406,20.21,,1.68,,,78.36,1.07,,,,,,,,,,,,,,,,,,,0.72,,,0.06,0.04,2.37,0.67,,,572,,,,,,,,,
P011,Marine Fish,Chappal (Aluterus monoceros ),IFCT_2017,Raw_Ingredient,75.8,317,17.17,,0.67,,,80.61,1.23,,,,,,,,,,,,,,,,,,,1.09,,,0.06,0.02,3.95,0.18,,,776,,,,,,,,,
P012,Marine Fish,Chelu (Elagatis bipinnulata),IFCT_2017,Raw_Ingredient,87.5,366,20.02,,0.7,,,76.36,1.28,,,,,,,,,,,,,,,,,,,0.41,,,0.06,0.02,2.19,1.07,,,677,,,,,,,,,
P013,Marine Fish,Chembali (Lutjanus quinquelineatus),IFCT_2017,Raw_Ingredient,97,406,20.06,,1.77,,,77.54,0.86,,,,,,,,,,,,,,,,,,,1.2,,,0.03,0.06,1.8,0.27,,,1221,,,,,,,,,
P014,Marine Fish,Eri meen (Pristipomoides filamentosus),IFCT_2017,Raw_Ingredient,108.5,454,22.3,,2.02,,,76.54,1.28,,,,,,,,,,,,,,,,,,,0.1,,,0.04,0.03,2.88,0.57,,,579,,,,,,,,,
P015,Marine Fish,Gobro (Epinephelus diacanthus),IFCT_2017,Raw_Ingredient,86.5,362,19.37,,0.88,,,78.84,0.98,,,,,,,,,,,,,,,,,,,0.89,,,0.07,0.02,1.27,0.24,,,302,,,,,,,,,
P016,Marine Fish,Guitar fish (Rhinobatus prahli),IFCT_2017,Raw_Ingredient,95.6,400,22.56,,0.44,,,75.73,1.32,,,,,,,,,,,,,,,,,,,0.34,,,0.03,0.02,2.01,0.15,,,1532,,,,,,,,,
P017,Marine Fish,Hilsa (Tenualosa ilisha),IFCT_2017,Raw_Ingredient,258.8,1083,21.8,,18.49,,,60.09,1.11,,,,,,,,,,,,,,,,,,,1.35,,,0.01,0.04,2.85,2.33,,,2875,,,,,,,,,
P018,Marine Fish,Jallal (Arius sp.),IFCT_2017,Raw_Ingredient,100.4,420,21.55,,1.46,,,77.5,1.17,,,,,,,,,,,,,,,,,,,0.62,,,0.02,0.02,3.24,0.91,,,627,,,,,,,,,
P019,Marine Fish,Jathi vela meen (Lethrinus lentjan),IFCT_2017,Raw_Ingredient,108.3,453,22.45,,1.92,,,75.66,1.26,,,,,,,,,,,,,,,,,,,1.49,,,0.12,0.02,2.82,0.29,,,828,,,,,,,,,
P020,Marine Fish,Kadal bral (Synodus indicus),IFCT_2017,Raw_Ingredient,88,368,18.72,,1.34,,,79.66,1.27,,,,,,,,,,,,,,,,,,,0.12,,,0.01,0.06,1.76,0.19,,,1178,,,,,,,,,
P021,Marine Fish,Kadali (Nemipterus mesoprion),IFCT_2017,Raw_Ingredient,126.7,530,22.07,,4.2,,,73.74,1.06,,,,,,,,,,,,,,,,,,,0.58,,,0.04,0.01,1.86,0.32,,,1317,,,,,,,,,
P022,Marine Fish,Kalamaara (Leptomelanosoma indicum),IFCT_2017,Raw_Ingredient,125,523,20.89,,4.54,,,75.5,1.08,,,,,,,,,,,,,,,,,,,0.82,,,0.06,0.03,2.22,0.65,,,657,,,,,,,,,
P023,Marine Fish,Kalava (Epinephelus coioides),IFCT_2017,Raw_Ingredient,89.4,374,19.38,,1.2,,,80.02,1.34,,,,,,,,,,,,,,,,,,,0.33,,,0.06,0.05,2.24,0.22,,,1194,,,,,,,,,
P024,Marine Fish,Kanamayya (Lutjanus rivulatus),IFCT_2017,Raw_Ingredient,87.7,367,20.19,,0.65,,,77.59,1.07,,,,,,,,,,,,,,,,,,,0.59,,,0.06,0.01,1.22,1.46,,,1167,,,,,,,,,
P025,Marine Fish,Kannadi paarai (Alectis indicus),IFCT_2017,Raw_Ingredient,101.1,423,22.09,,1.27,,,76.25,1.28,,,,,,,,,,,,,,,,,,,0.7,,,0.04,0.03,1.81,1.07,,,561,,,,,,,,,
P026,Marine Fish,Karimeen (Etroplus suratensis),IFCT_2017,Raw_Ingredient,92.3,386,19.68,,1.38,,,78.66,0.97,,,,,,,,,,,,,,,,,,,0.37,,,0.08,0.05,1.15,0.23,,,1199,,,,,,,,,
P027,Marine Fish,Karnagawala (Anchoa hepsetus),IFCT_2017,Raw_Ingredient,86.8,363,19.52,,0.84,,,79.22,1.45,,,,,,,,,,,,,,,,,,,0.12,,,0.07,0.01,0.98,1.39,,,377,,,,,,,,,
P028,Marine Fish,Kayrai (Thunnus albacores),IFCT_2017,Raw_Ingredient,108.5,454,20.15,,3,,,72.69,1.28,,,,,,,,,,,,,,,,,,,0.75,,,0.08,0.07,5.18,1.29,,,884,,,,,,,,,
P029,Marine Fish,Kiriyan (Atule mate),IFCT_2017,Raw_Ingredient,132.9,556,22.49,,4.7,,,72.39,0.94,,,,,,,,,,,,,,,,,,,0.35,,,0.04,0.13,2.75,1.36,,,604,,,,,,,,,
P030,Marine Fish,Kite fish (Mobula kuhlii),IFCT_2017,Raw_Ingredient,98.7,413,23.07,,0.56,,,77.61,1.5,,,,,,,,,,,,,,,,,,,0.24,,,0.04,0.07,2.5,0.45,,,1334,,,,,,,,,
P031,Marine Fish,Korka (Terapon jarbua),IFCT_2017,Raw_Ingredient,126.2,528,23.72,,3.36,,,72.25,1.09,,,,,,,,,,,,,,,,,,,0.63,,,0.03,0.17,3.42,0.4,,,751,,,,,,,,,
P032,Marine Fish,Kulam paarai (Carangoides fulvoguttatus),IFCT_2017,Raw_Ingredient,119.7,501,21.62,,3.6,,,73.44,1.25,,,,,,,,,,,,,,,,,,,1.05,,,0.06,0.01,1.97,0.57,,,699,,,,,,,,,
P033,Marine Fish,Maagaa (Polynemus plebeius),IFCT_2017,Raw_Ingredient,87.5,366,20.11,,0.67,,,79.23,1.01,,,,,,,,,,,,,,,,,,,1.03,,,0.02,0.01,0.73,0.4,,,695,,,,,,,,,
P034,Marine Fish,Mackerel (Rastrelliger kanagurta),IFCT_2017,Raw_Ingredient,101.1,423,21.51,,1.53,,,74.55,1.2,,,,,,,,,,,,,,,,,,,0.71,,,0.07,0.1,2.67,1.35,,,713,,,,,,,,,
P035,Marine Fish,Manda clathi (Naso reticulatus),IFCT_2017,Raw_Ingredient,95.1,398,21.27,,1,,,76.32,1.48,,,,,,,,,,,,,,,,,,,0.16,,,0.03,0.02,2.77,1.02,,,738,,,,,,,,,
P036,Marine Fish,Matha (Acanthurus mata),IFCT_2017,Raw_Ingredient,93,389,21.17,,0.79,,,79.81,1.35,,,,,,,,,,,,,,,,,,,0.61,,,0.05,0.05,2.37,1.4,,,1157,,,,,,,,,
P037,Marine Fish,Milk fish (Chanos chanos),IFCT_2017,Raw_Ingredient,105.6,442,23.66,,1.09,,,72.22,1.12,,,,,,,,,,,,,,,,,,,1.86,,,0.05,0.07,5.21,1.03,,,1132,,,,,,,,,
P038,Marine Fish,Moon fish (Mene maculata),IFCT_2017,Raw_Ingredient,125.7,526,20.74,,4.69,,,74.21,1.69,,,,,,,,,,,,,,,,,,,1.2,,,0.07,0.07,1.83,1.72,,,772,,,,,,,,,
P039,Marine Fish,Mullet (Mugil cephalus),IFCT_2017,Raw_Ingredient,93.9,393,20.23,,1.32,,,76.12,1.16,,,,,,,,,,,,,,,,,,,0.53,,,0.05,0.09,2.52,1.11,,,1189,,,,,,,,,
P040,Marine Fish,Mural (Tylosurus crocodilus crocodilus),IFCT_2017,Raw_Ingredient,82.5,345,19.04,,0.58,,,78.96,1.11,,,,,,,,,,,,,,,,,,,0.44,,,0.06,0.03,2.65,0.37,,,1146,,,,,,,,,
P041,Marine Fish,Myil meen (Istiophorus platypterus),IFCT_2017,Raw_Ingredient,98,410,22.89,,0.56,,,75.57,1.21,,,,,,,,,,,,,,,,,,,0.53,,,0.04,0.04,4.41,0.71,,,808,,,,,,,,,
P042,Marine Fish,Nalla bontha (Epinephelus sp.),IFCT_2017,Raw_Ingredient,87,364,19.82,,0.72,,,79.32,1,,,,,,,,,,,,,,,,,,,0.11,,,0.04,0.01,0.56,0.22,,,1714,,,,,,,,,
P043,Marine Fish,Narba (Caranx sexfasciatus),IFCT_2017,Raw_Ingredient,103.3,432,21.95,,1.6,,,76.37,1.17,,,,,,,,,,,,,,,,,,,0.9,,,0.05,0.04,1.51,0.75,,,1303,,,,,,,,,
P044,Marine Fish,Paarai (Caranx heberi),IFCT_2017,Raw_Ingredient,104,435,21.58,,1.84,,,75.77,1.21,,,,,,,,,,,,,,,,,,,0.3,,,0.03,0.02,2.86,0.27,,,1612,,,,,,,,,
P045,Marine Fish,Padayappa (Canthidermis maculata),IFCT_2017,Raw_Ingredient,86,360,19.7,,0.69,,,79.18,1.26,,,,,,,,,,,,,,,,,,,0.25,,,0.03,0.05,4.53,0.68,,,1337,,,,,,,,,
P046,Marine Fish,Pali kora (Panna microdon),IFCT_2017,Raw_Ingredient,94.2,394,19.25,,1.81,,,78.63,1,,,,,,,,,,,,,,,,,,,0.44,,,0.03,0.05,0.78,0.43,,,887,,,,,,,,,
P047,Marine Fish,Pambada (Lepturacanthus savala),IFCT_2017,Raw_Ingredient,128.3,537,21.95,,4.44,,,74.67,1.41,,,,,,,,,,,,,,,,,,,0.55,,,0.04,0.03,1.96,0.64,,,1163,,,,,,,,,
P048,Marine Fish,Pandukopa (Pseudosciaena manchurica),IFCT_2017,Raw_Ingredient,86,360,19.73,,0.65,,,77.46,1.15,,,,,,,,,,,,,,,,,,,0.47,,,0.04,0.02,0.54,0.42,,,1651,,,,,,,,,
P049,Marine Fish,Parava (Lactarius lactarius),IFCT_2017,Raw_Ingredient,111.6,467,21.5,,2.74,,,77.19,1.08,,,,,,,,,,,,,,,,,,,0.55,,,0.03,0.03,0.98,0.09,,,796,,,,,,,,,
P050,Marine Fish,Parcus (Psettodes erumei),IFCT_2017,Raw_Ingredient,86.3,361,19.87,,0.62,,,79.01,1.12,,,,,,,,,,,,,,,,,,,0.3,,,0.04,0.02,0.88,0.21,,,488,,,,,,,,,
P051,Marine Fish,Parrot fish (Scarus ghobban),IFCT_2017,Raw_Ingredient,89.6,375,20.82,,0.57,,,76.84,1.4,,,,,,,,,,,,,,,,,,,0.26,,,0.06,0.02,1.89,1.15,,,556,,,,,,,,,
P052,Marine Fish,Perinkilichai (Pinjalo pinjalo),IFCT_2017,Raw_Ingredient,92.5,387,20.89,,0.87,,,78.33,1.02,,,,,,,,,,,,,,,,,,,1.1,,,0.08,0.01,1.48,0.43,,,511,,,,,,,,,
P053,Marine Fish,Phopat (Coryphaena hippurus),IFCT_2017,Raw_Ingredient,101.3,424,22.05,,1.33,,,76.42,1.24,,,,,,,,,,,,,,,,,,,0.58,,,0.06,0.04,4.28,1.13,,,502,,,,,,,,,
P054,Marine Fish,Piranha (Pygopritis sp.),IFCT_2017,Raw_Ingredient,131.2,549,20.46,,5.43,,,76.15,0.93,,,,,,,,,,,,,,,,,,,0.37,,,0.04,0.05,0.97,1.04,,,774,,,,,,,,,
P055,Marine Fish,"Pomfret, black (Parastromateus niger)",IFCT_2017,Raw_Ingredient,123.1,515,18.91,,4.83,,,74.43,0.97,,,,,,,,,,,,,,,,,,,0.6,,,0.06,0.02,2.61,0.75,,,2056,,,,,,,,,
P056,Marine Fish,"Pomfret, snub nose (Trachinotus blochii)",IFCT_2017,Raw_Ingredient,89.6,375,21.05,,0.46,,,77.81,1.29,,,,,,,,,,,,,,,,,,,1.54,,,0.08,0.05,1.94,0.61,,,651,,,,,,,,,
P057,Marine Fish,"Pomfret, white (Pampus argenteus)",IFCT_2017,Raw_Ingredient,122.6,513,19.02,,5.12,,,75.91,1.01,,,,,,,,,,,,,,,,,,,1.26,,,0.05,0.03,1.38,1.11,,,961,,,,,,,,,
P058,Marine Fish,Pranel (Gerres sp.),IFCT_2017,Raw_Ingredient,96.8,405,19.69,,1.89,,,79.54,0.76,,,,,,,,,,,,,,,,,,,0.42,,,0.04,0.13,3.37,0.76,,,1251,,,,,,,,,
P059,Marine Fish,Pulli paarai (Gnathanodon speciosus),IFCT_2017,Raw_Ingredient,95.4,399,20.06,,1.55,,,75.99,1.19,,,,,,,,,,,,,,,,,,,0.82,,,0.05,0.04,1.94,1.13,,,1387,,,,,,,,,
P060,Marine Fish,Queen fish (Scomberoides commersonianus),IFCT_2017,Raw_Ingredient,95.6,400,20.97,,1.17,,,76.63,1.22,,,,,,,,,,,,,,,,,,,0.4,,,0.06,0.04,3.24,0.63,,,1073,,,,,,,,,
P061,Marine Fish,Raai fish (Lobotes surinamensis),IFCT_2017,Raw_Ingredient,102.8,430,21.61,,1.69,,,77.14,1.11,,,,,,,,,,,,,,,,,,,0.52,,,0.07,0.02,1.63,0.31,,,1638,,,,,,,,,
P062,Marine Fish,Raai vanthu (Epinephelus chlorostigma),IFCT_2017,Raw_Ingredient,98,410,19.39,,2.17,,,79.95,0.92,,,,,,,,,,,,,,,,,,,0.02,,,0.03,0.01,0.72,0.31,,,1562,,,,,,,,,
P063,Marine Fish,Rani (Pink perch),IFCT_2017,Raw_Ingredient,90.1,377,18.83,,1.49,,,78.55,1.01,,,,,,,,,,,,,,,,,,,1.65,,,,0.01,1.33,0.53,,,1217,,,,,,,,,
P064,Marine Fish,"Ray fish, bow head, spotted (Rhina ancylostoma)",IFCT_2017,Raw_Ingredient,83.4,349,19.03,,0.7,,,80.3,1.15,,,,,,,,,,,,,,,,,,,0.33,,,0.05,0.03,1.99,0.23,,,1244,,,,,,,,,
P065,Marine Fish,Red snapper (Lutjanus argentimaculatus),IFCT_2017,Raw_Ingredient,104.4,437,22.79,,1.34,,,76.28,1.26,,,,,,,,,,,,,,,,,,,0.41,,,0.02,0.02,3.14,0.52,,,1386,,,,,,,,,
P066,Marine Fish,"Red snapper, small (Priacanthus hamrur)",IFCT_2017,Raw_Ingredient,107.8,451,21.5,,2.3,,,76.31,1.1,,,,,,,,,,,,,,,,,,,0.85,,,0.06,0.03,3.43,0.96,,,906,,,,,,,,,
P067,Marine Fish,Sadaya (Platax orbicularis ),IFCT_2017,Raw_Ingredient,110.4,462,20.68,,2.97,,,75.53,1.32,,,,,,,,,,,,,,,,,,,0.52,,,0.07,0.38,2.45,1.07,,,459,,,,,,,,,
P068,Marine Fish,Salmon (Salmo salar),IFCT_2017,Raw_Ingredient,172.3,721,20.97,,9.86,,,67.84,1.13,,,,,,,,,,,,,,,,,,,0.58,,,0.07,0.06,4.45,1.15,,,1136,,,,,,,,,
P069,Marine Fish,Sangada (Nemipterus japanicus),IFCT_2017,Raw_Ingredient,105.9,443,20.26,,2.67,,,78.51,1.26,,,,,,,,,,,,,,,,,,,0.36,,,0.01,0.02,0.68,0.22,,,1675,,,,,,,,,
P070,Marine Fish,Sankata paarai (Caranx ignobilis),IFCT_2017,Raw_Ingredient,103.7,434,21.87,,1.68,,,74.88,1.18,,,,,,,,,,,,,,,,,,,1.07,,,0.03,0.06,3.7,1.19,,,1076,,,,,,,,,
P071,Marine Fish,Sardine (Sardinella longiceps),IFCT_2017,Raw_Ingredient,152.2,637,17.91,,8.99,,,72.29,0.84,,,,,,,,,,,,,,,,,,,0.38,,,0.01,0.06,0.91,0.77,,,2266,,,,,,,,,
P072,Marine Fish,Shark (Carcharhinus sorrah),IFCT_2017,Raw_Ingredient,95.1,398,21.6,,0.83,,,72.82,1.08,,,,,,,,,,,,,,,,,,,0.22,,,0.03,0.04,2.68,1.15,,,857,,,,,,,,,
P073,Marine Fish,"Shark, hammer head (Sphyrna mokarran)",IFCT_2017,Raw_Ingredient,103.3,432,23.4,,0.8,,,74.61,0.92,,,,,,,,,,,,,,,,,,,0.78,,,0.02,0.04,2.72,0.66,,,2006,,,,,,,,,
P074,Marine Fish,"Shark, spotted (Stegostoma fasciatum)",IFCT_2017,Raw_Ingredient,91.8,384,20.95,,0.75,,,78.83,1.04,,,,,,,,,,,,,,,,,,,0.19,,,0.05,0.05,1.02,0.67,,,1323,,,,,,,,,
P075,Marine Fish,Shelavu (Sphyraena jello),IFCT_2017,Raw_Ingredient,106.6,446,22.46,,1.74,,,74.6,1.26,,,,,,,,,,,,,,,,,,,0.36,,,0.05,0.06,2.1,0.44,,,790,,,,,,,,,
P076,Marine Fish,Silan (Silonia silondia),IFCT_2017,Raw_Ingredient,151.3,633,22.72,,6.68,,,70.12,0.77,,,,,,,,,,,,,,,,,,,0.48,,,0.02,0.07,1.27,0.9,,,2438,,,,,,,,,
P077,Marine Fish,Silk fish (Beryx sp.),IFCT_2017,Raw_Ingredient,97.5,408,20.65,,1.53,,,77.61,1.05,,,,,,,,,,,,,,,,,,,0.72,,,0.03,0.04,2.24,0.17,,,802,,,,,,,,,
P078,Marine Fish,Silver carp (Hypophthalmichthys molitrix),IFCT_2017,Raw_Ingredient,132.6,555,21.71,,5.17,,,72.47,0.95,,,,,,,,,,,,,,,,,,,0.6,,,0.02,0.02,1.87,1.33,,,2462,,,,,,,,,
P079,Marine Fish,Sole fish (Cynoglossus arel),IFCT_2017,Raw_Ingredient,87.7,367,19.05,,1.18,,,80.18,1.06,,,,,,,,,,,,,,,,,,,0.18,,,0.01,0.02,0.47,0.91,,,1393,,,,,,,,,
P080,Marine Fish,Stingray (Dasyatis pastinaca),IFCT_2017,Raw_Ingredient,97.5,408,23.98,,0.68,,,75.67,1.14,,,,,,,,,,,,,,,,,,,0.28,,,0.03,0.02,2.74,0.98,,,2559,,,,,,,,,
P081,Marine Fish,Tarlava (Drepane punctata),IFCT_2017,Raw_Ingredient,98.9,414,21.72,,1.2,,,76.76,1.14,,,,,,,,,,,,,,,,,,,0.52,,,0.04,0.04,2.13,0.25,,,1380,,,,,,,,,
P082,Marine Fish,Tholam (Plectorhinchus schotaf),IFCT_2017,Raw_Ingredient,103.3,432,20.78,,2.13,,,76.2,1.06,,,,,,,,,,,,,,,,,,,0.6,,,0.04,0.03,2.74,1.22,,,824,,,,,,,,,
P083,Marine Fish,Tilapia (Oreochromis niloticus),IFCT_2017,Raw_Ingredient,83.4,349,18.48,,1.08,,,79.57,1.18,,,,,,,,,,,,,,,,,,,1.86,,,0.02,0.18,1.4,0.78,,,829,,,,,,,,,
P084,Marine Fish,Tuna (Euthynnus affinis),IFCT_2017,Raw_Ingredient,112.3,470,24.5,,1.44,,,72.12,1.11,,,,,,,,,,,,,,,,,,,0.57,,,0.06,0.07,4.73,1.34,,,1374,,,,,,,,,
P085,Marine Fish,"Tuna, striped (Katsuwonus pelamis)",IFCT_2017,Raw_Ingredient,96.3,403,21.28,,1.12,,,77.76,0.87,,,,,,,,,,,,,,,,,,,0.14,,,0.07,0.15,5.04,1.27,,,789,,,,,,,,,
P086,Marine Fish,Valava (Chirocentrus nudus),IFCT_2017,Raw_Ingredient,98,410,21.8,,1.06,,,77.25,1.27,,,,,,,,,,,,,,,,,,,0.31,,,0.13,0.02,0.86,0.61,,,1438,,,,,,,,,
P087,Marine Fish,Vanjaram (Scomberomorus commerson ),IFCT_2017,Raw_Ingredient,136.2,570,22.28,,5.18,,,72.3,1.33,,,,,,,,,,,,,,,,,,,0.67,,,0.03,0.07,3.46,1.22,,,1545,,,,,,,,,
P088,Marine Fish,Vela meen (Aprion virescens),IFCT_2017,Raw_Ingredient,128.3,537,22.16,,4.34,,,71.82,1.34,,,,,,,,,,,,,,,,,,,0.44,,,0.05,0.04,5.15,0.22,,,1632,,,,,,,,,
P089,Marine Fish,Vora (Siganus javus),IFCT_2017,Raw_Ingredient,100.9,422,20.14,,2.14,,,76.94,1.26,,,,,,,,,,,,,,,,,,,0.65,,,0.06,0.07,3.72,0.28,,,1480,,,,,,,,,
P090,Marine Fish,Whale shark (Galeocerdo cuvier),IFCT_2017,Raw_Ingredient,95.8,401,21.83,,0.82,,,77.59,1.48,,,,,,,,,,,,,,,,,,,0.17,,,0.06,0.04,2.9,0.84,,,1605,,,,,,,,,
P091,Marine Fish,Xiphinis (Xiphias gladius),IFCT_2017,Raw_Ingredient,88.4,370,19.82,,0.88,,,79.22,1.15,,,,,,,,,,,,,,,,,,,0.76,,,0.06,0.05,3.24,0.21,,,820,,,,,,,,,
P092,Marine Fish,"Z.Eggs, Cat fish (Ompok bimaculatus)",IFCT_2017,Raw_Ingredient,143.4,600,24.68,,5.28,,,69.34,1.57,,,,,,,,,,,,,,,,,,,0.28,,,,0.19,1.09,0.83,,,2059,,,,,,,,,
Q001,Marine Shellfish,Crab (Menippe mercenaria),IFCT_2017,Raw_Ingredient,82,343,10.23,,1.41,,,79.77,1.74,,,,,,,,,,,,,,,,,,,6.33,,,0.01,0.1,1.66,0.71,,,2304,,,,,,,,,
Q002,Marine Shellfish,"Crab, sea (Portunus sanguinolentus)",IFCT_2017,Raw_Ingredient,67.6,283,15.36,,0.6,,,79.67,0.92,,,,,,,,,,,,,,,,,,,2.06,,,0.05,0.06,0.97,1.53,,,774,,,,,,,,,
Q003,Marine Shellfish,"Lobster, brown (Thenus orientalis)",IFCT_2017,Raw_Ingredient,69.8,292,15.96,,0.56,,,81.48,1.29,,,,,,,,,,,,,,,,,,,1.35,,,0.01,0.01,0.63,1.44,,,1129,,,,,,,,,
Q004,Marine Shellfish,"Lobster, king size (Thenus orientalis)",IFCT_2017,Raw_Ingredient,89.6,375,18.54,,0.78,,,77.77,1.08,,,,,,,,,,,,,,,,,,,0.52,,,0.01,0.02,1.87,1.25,,,1997,,,,,,,,,
Q005,Marine Shellfish,Mud crab (Scylla tranquebarica),IFCT_2017,Raw_Ingredient,45.4,190,10,,0.55,,,83.1,2.6,,,,,,,,,,,,,,,,,,,2.34,,,0.06,0.14,0.6,1.3,,,1383,,,,,,,,,
Q006,Marine Shellfish,Oyster (Crassostrea sp.),IFCT_2017,Raw_Ingredient,60.2,252,9.51,,2.44,,,82.5,2.47,,,,,,,,,,,,,,,,,,,1.11,,,0.06,0.07,0.71,1.18,,,1612,,,,,,,,,
Q007,Marine Shellfish,"Tiger prawns, brown (Solenocera crassicornis)",IFCT_2017,Raw_Ingredient,65.2,273,14.85,,0.56,,,82.41,0.94,,,,,,,,,,,,,,,,,,,3.04,,,0.01,0.03,1.03,1.68,,,1537,,,,,,,,,
Q008,Marine Shellfish,"Tiger Prawns, orange (Penaeus monodon)",IFCT_2017,Raw_Ingredient,64.5,270,14.25,,0.74,,,81.48,0.83,,,,,,,,,,,,,,,,,,,2.87,,,0.03,0.03,1.18,1.47,,,807,,,,,,,,,
R001,Marine Molluscs,"Clam, green shell (Perna viridis )",IFCT_2017,Raw_Ingredient,58.1,243,12.14,,0.98,,,80.07,2.44,,,,,,,,,,,,,,,,,,,2.7,,,0.06,0.1,0.96,1.14,,,907,,,,,,,,,
R002,Marine Molluscs,"Clam, white shell, ribbed (Meretrix meretrix)",IFCT_2017,Raw_Ingredient,59.8,250,11.82,,1.34,,,80.27,0.85,,,,,,,,,,,,,,,,,,,1.21,,,0.06,0.11,0.9,0.97,,,900,,,,,,,,,
R003,Marine Molluscs,Octopus (Octopus vulgaris),IFCT_2017,Raw_Ingredient,79.8,334,14.71,,1.12,,,80.45,1.21,,,,,,,,,,,,,,,,,,,0.66,,,0.05,0.05,1.18,0.94,,,2087,,,,,,,,,
R004,Marine Molluscs,"Squid, black (Loligo sp.)",IFCT_2017,Raw_Ingredient,80.1,335,16.1,,1.07,,,80.59,0.99,,,,,,,,,,,,,,,,,,,0.68,,,0.02,0.04,1.04,0.72,,,1233,,,,,,,,,
R005,Marine Molluscs,"Squid, hard shell (Sepia pharaonis)",IFCT_2017,Raw_Ingredient,76.5,320,16.82,,0.93,,,80.52,0.75,,,,,,,,,,,,,,,,,,,0.55,,,0.02,0.02,0.65,1.22,,,622,,,,,,,,,
R006,Marine Molluscs,"Squid, red (Loligo duvaucelii)",IFCT_2017,Raw_Ingredient,78.6,329,16.25,,1.44,,,80.85,1.15,,,,,,,,,,,,,,,,,,,0.47,,,0.03,0.02,0.71,0.95,,,1300,,,,,,,,,
R007,Marine Molluscs,"Squid, white, small (Uroteuthis duvauceli )",IFCT_2017,Raw_Ingredient,84.4,353,17.41,,1.15,,,79.38,1.19,,,,,,,,,,,,,,,,,,,0.66,,,0.01,0.03,0.71,0.77,,,1833,,,,,,,,,
S001,Freshwater Fish and Shellfish,Cat fish (Tandanus tandanus),IFCT_2017,Raw_Ingredient,123.8,518,15.86,,6.24,,,77.23,0.93,,,,,,,,,,,,,,,,,,,0.38,,,0.01,0.07,1.74,1.12,,,1395,,,,,,,,,
S002,Freshwater Fish and Shellfish,Catla (Catla catla),IFCT_2017,Raw_Ingredient,94.2,394,17.94,,2.15,,,78.43,0.94,,,,,,,,,,,,,,,,,,,2.35,,,0.01,0.03,2.21,1,,,1926,,,,,,,,,
S003,Freshwater Fish and Shellfish,Freshwater Eel (Anguilla anguilla),IFCT_2017,Raw_Ingredient,107.8,451,20.41,,2.63,,,75.57,1.03,,,,,,,,,,,,,,,,,,,1.8,,,,0.31,2.3,1.52,,,1294,,,,,,,,,
S004,Freshwater Fish and Shellfish,Gold fish (Carassius auratus),IFCT_2017,Raw_Ingredient,94.6,396,16.91,,2.94,,,79.07,1.1,,,,,,,,,,,,,,,,,,,2.1,,,,0.05,1.86,1.13,,,2457,,,,,,,,,
S005,Freshwater Fish and Shellfish,Pangas (Pangasianodon hypophthalmus),IFCT_2017,Raw_Ingredient,203.6,852,17.12,,16.77,,,68.5,1.12,,,,,,,,,,,,,,,,,,,2.8,,,,0.05,1.28,0.66,,,1323,,,,,,,,,
S006,Freshwater Fish and Shellfish,Rohu (Labeo rohita),IFCT_2017,Raw_Ingredient,102.3,428,19.71,,2.39,,,76.34,1.28,,,,,,,,,,,,,,,,,,,2.4,,,,0.04,2.33,1.18,,,1263,,,,,,,,,
S007,Freshwater Fish and Shellfish,Crab (Pachygrapsus sp.),IFCT_2017,Raw_Ingredient,78.2,327,13.23,,0.89,,,80.58,1.23,,,,,,,,,,,,,,,,,,,4.85,,,0.01,0.11,1.54,0.79,,,1783,,,,,,,,,
S008,Freshwater Fish and Shellfish,"Prawns, big (Macrobrachium rosenbergii)",IFCT_2017,Raw_Ingredient,90.8,380,19.24,,0.52,,,77.43,0.84,,,,,,,,,,,,,,,,,,,,,,,0.02,1.31,1.74,,,1826,,,,,,,,,
S009,Freshwater Fish and Shellfish,"Prawns, small (Macrobrachium sp.)",IFCT_2017,Raw_Ingredient,71,297,13.07,,0.78,,,82.58,0.86,,,,,,,,,,,,,,,,,,,1.75,,,0.01,0.03,0.54,1.74,,,1306,,,,,,,,,
S010,Freshwater Fish and Shellfish,Tiger prawns (Macrobrachium sp.),IFCT_2017,Raw_Ingredient,67.9,284,14.24,,0.66,,,83.24,0.83,,,,,,,,,,,,,,,,,,,1.65,,,0.01,0.04,1.28,1.87,,,1875,,,,,,,,,
G509,Additional Raw Ingredients,"Agar, dried",UK_FCT,Raw_Ingredient,16,67,1.3,0,1.2,0,,,,300,100,400,0,760,50,620,110,110,20.6,14.4,,,0,,0,,,0,,,0.01,0.22,0.2,0,0,0,0,0,,,,,,,,
E507,Additional Raw Ingredients,Amla,UK_FCT,Raw_Ingredient,58,243,0.5,13.7,0.1,,,,,0,0,0,0,50,20,,5,230,1.2,,0.18,,0,,9,,,,,,0.03,0.01,0.2,,,,,,,,,,,,,
V500,Additional Raw Ingredients,"Apple juice, clear, ambient and chilled",UK_FCT,Raw_Ingredient,37,157,0.1,9.7,0,9.7,0,,,0,0,0,0,6,6,4,3,89,0.06,0,0.01,0,0,,0,,,0,,,0.05,0.02,0.2,0.05,0.05,0.9,1,26,,,,,,,,
O500,Additional Raw Ingredients,"Bacon rashers, back, raw",UK_FCT,Raw_Ingredient,215,891,16.5,0,16.5,0,0,,,6200,6900,2200,53,5,150,17,1140,300,0.4,1.2,0.06,8,0,,0,,,0.02,,,0.63,0.11,5.6,1,0.46,2,3,1,,,,,,,,
K500,Additional Raw Ingredients,Baking powder,UK_FCT,Raw_Ingredient,163,693,5.2,37.8,0,0,0,,,0,0,0,0,1130,8430,9,11800,49,0,2.8,0,0,0,,0,,,0,,,0,0,0,0,0,0,0,0,,,,,,,,
E503,Additional Raw Ingredients,"Bananas, raw, flesh only, weighed with skin",UK_FCT,Raw_Ingredient,51,217,0.8,12.8,0,11.4,0.9,,,30,0,30,0,4,14,17,0,208,0.17,0.1,0.06,0,0,,16,,,0.1,0.04,,0.09,0.03,0.5,0.22,0.2,1.6,9,5,,,,,,,,
G511,Additional Raw Ingredients,"Basil, dried, ground",UK_FCT,Raw_Ingredient,251,1051,14.4,43.2,4,,,,,,,,0,2110,490,420,34,3430,42,5.8,1.37,,0,,5630,,,,,,0.15,0.32,6.9,,,,0,0,,,,,,,,
G512,Additional Raw Ingredients,"Bay leaf, dried",UK_FCT,Raw_Ingredient,313,1312,7.6,48.6,8.4,,,,,2300,1600,2300,0,830,110,120,23,530,43,3.7,0.42,,0,,3710,,,,,,0.01,0.42,2,,,,0,0,,,,,,,,
D508,Additional Raw Ingredients,"Beans, broad, whole, raw",UK_FCT,Raw_Ingredient,59,247,5.7,7.2,1,1.3,,,,100,100,500,0,23,130,24,1,310,0.9,0.9,0.11,,0,,170,,,0.46,,,0.04,0.04,3.2,4.94,0.06,2.7,145,32,,,,,,,,
B500,Additional Raw Ingredients,"Beans, chick peas, Kabuli, whole, dried, raw",UK_FCT,Raw_Ingredient,320,1355,21.3,49.6,5.4,2.6,,,,500,1100,2700,0,160,310,130,39,1000,5.5,3,0.95,2,0,,60,,,2.88,8.92,,0.39,0.24,1.9,1.59,0.53,,180,0,,,,,,,,
B501,Additional Raw Ingredients,"Beansprouts, mung, boiled in unsalted water",UK_FCT,Raw_Ingredient,25,104,2.5,2.8,0.5,1.4,,,,100,100,200,0,19,37,14,4,46,2.2,0.3,0.01,,0,,46,,,,,,0.09,0.05,0.3,0.24,0.07,,17,2,,,,,,,,
K501,Additional Raw Ingredients,Bicarbonate of soda,UK_FCT,Raw_Ingredient,0,0,0,0,0,0,,,,0,0,0,0,0,0,0,27380,0,0,0,0,0,0,,0,,,0,,,0,0,0,0,0,0,0,0,,,,,,,,
U500,Additional Raw Ingredients,"Biscuits, digestive, plain",UK_FCT,Raw_Ingredient,463,1943,6.2,65.6,21.3,17.5,3.8,,,7710,10190,2280,2.4,95,119,31,561,215,1.8,0.9,0.21,4,0,,0,,,5.32,1.51,,0.12,0.02,1.9,0.48,0.07,3.5,11,0,,,,,,,,
E500,Additional Raw Ingredients,Blueberries,UK_FCT,Raw_Ingredient,40,169,0.9,9.1,0.2,9.1,1.5,,,20,40,110,0,10,16,5,2,66,0.55,0.1,0.06,0,0,,14,,,0.94,,,0.04,0.04,0.3,0.2,0.01,1.5,8,6,,,,,,,,
U501,Additional Raw Ingredients,"Bread, brown, average",UK_FCT,Raw_Ingredient,207,882,7.9,42.1,2,3.4,5,,,430,430,650,0,186,157,45,400,216,2.2,1.3,0.17,4,0,,0,,,0.01,,,0.22,0.07,2.8,0.46,0.17,3,45,0,,,,,,,,
U502,Additional Raw Ingredients,"Bread, brown, toasted",UK_FCT,Raw_Ingredient,266,1131,10.1,54,2.6,4.4,6.4,,,550,550,830,0,238,201,58,513,277,2.82,1.7,0.22,5,0,,0,,,0.01,,,0.24,0.08,3.4,0.44,0.16,3.8,29,0,,,,,,,,
U511,Additional Raw Ingredients,"Bread, white, average",UK_FCT,Raw_Ingredient,236,1004,8.7,48.7,2.1,3,2.9,,,,,,0,155,96,22,400,134,1.5,0.7,0.14,7,0,,0,,,0.08,,,0.22,0.07,1.6,,0.07,,29,0,,,,,,,,
A501,Additional Raw Ingredients,"Breakfast cereal, crunchy clusters type, without nuts, unfortified",UK_FCT,Raw_Ingredient,399,1687,7.2,71,11.6,25.3,7.2,,,4150,4470,2330,,40,232,72,41,310,2.68,1.6,0.3,6,0,,0,,,1.38,,,1.02,1.06,4,0.32,0.17,8.9,90,0,,,,,,,,
C500,Additional Raw Ingredients,"Broccoli, green, raw",UK_FCT,Raw_Ingredient,34,146,4.3,3.2,0.6,1.9,4,,,150,70,250,0,48,81,22,9,397,1.06,0.7,0.08,1,0,,581,,,1.72,185,,0.15,0.12,0.8,0.61,0.13,4.1,95,79,,,,,,,,
A514,Additional Raw Ingredients,"Buckwheat, groats",UK_FCT,Raw_Ingredient,364,1522,8.1,84.9,1.5,0.4,,,,,,,,12,150,48,1,220,2,2.6,0.7,9,,,,,,0,,,0.28,0.07,2.8,1.2,0.4,,,0,,,,,,,,
T500,Additional Raw Ingredients,"Butter, salted",UK_FCT,Raw_Ingredient,744,3059,0.6,0.6,82.2,0.6,0,,,52090,20910,2830,213.2,18,23,2,730,27,0,0.1,0.01,0,958,,608,,,1.85,7.4,,0,0.07,0,0.05,0,0.2,0,0,,,,,,,,
T501,Additional Raw Ingredients,"Butter, unsalted",UK_FCT,Raw_Ingredient,744,3059,0.6,0.6,82.2,0.6,0,,,52090,20910,2830,213,18,23,2,8,27,0,0.1,0.01,0,958,,608,,,1.85,7.4,,0,0.07,0,0.05,0,0.2,0,0,,,,,,,,
L500,Additional Raw Ingredients,"Cheese, Cheddar, English",UK_FCT,Raw_Ingredient,416,1725,25.4,0.1,34.9,0.1,0,,,21680,9430,1100,97,739,505,29,723,75,0.3,4.1,0.03,6,364,,141,,,0.52,4.7,,0.03,0.39,0.1,0.5,0.15,4.4,31,0,,,,,,,,
L502,Additional Raw Ingredients,"Cheese, cottage, plain",UK_FCT,Raw_Ingredient,103,431,9.4,3.1,6,3.1,0,,,3240,1720,210,22,127,171,13,250,161,0,0.6,0,4,64,,18,,,0.14,,,0.05,0.24,0.2,0.3,0.05,5.1,22,0,,,,,,,,
L506,Additional Raw Ingredients,"Cheese, Feta",UK_FCT,Raw_Ingredient,250,1037,15.6,1.5,20.2,1.5,0,,,13700,4100,600,70,360,280,20,1000,95,0.2,0.9,0.07,5,220,,33,,,0.37,,,0.04,0.21,0.2,0.36,0.07,2.4,23,0,,,,,,,,
L503,Additional Raw Ingredients,"Cheese, Mozzarella, fresh",UK_FCT,Raw_Ingredient,257,1067,18.6,0,20.3,0,0,,,13750,5040,760,58,362,267,15,395,51,0,2.7,0,6,258,,152,,,0.31,,,0.03,0.4,0.1,0.25,0.1,2.2,20,0,,,,,,,,
L505,Additional Raw Ingredients,"Cheese, processed, plain",UK_FCT,Raw_Ingredient,297,1234,17.8,5,23,5,0,,,14320,6340,830,85,610,768,27,1000,178,0.5,2.6,0,5,270,,95,,,0.55,1.6,,0.06,0.25,0.1,0.6,0.07,5.6,15,0,,,,,,,,
L511,Additional Raw Ingredients,"Cheese, Ricotta",UK_FCT,Raw_Ingredient,144,599,9.4,2,11,2,,,,6900,2700,500,50,240,170,13,100,110,0.4,1.3,,,185,,92,,,0.03,,,0.02,0.19,0.1,,0.03,,,0,,,,,,,,
E511,Additional Raw Ingredients,"Cherries, glace",UK_FCT,Raw_Ingredient,294,1256,0.4,78.1,0,,,,,0,0,0,0,56,9,5,27,24,0.9,0.1,0.08,0,0,,7,,,0,,,0,0,0,0,0,0,0,0,,,,,,,,
E504,Additional Raw Ingredients,"Cherries, West Indian, flesh only",UK_FCT,Raw_Ingredient,24,102,0.4,5,0.4,5,,,,,,,0,11,15,18,5,110,0.2,,,,0,,315,,,,,,0.02,0.07,0.4,0.31,0.01,,,1720,,,,,,,,
N500,Additional Raw Ingredients,"Chicken, whole, corn-fed, raw, meat and skin, weighed with bone",UK_FCT,Raw_Ingredient,142,589,12.2,0,10.3,0,,,,3000,4500,2100,64,5,120,14,50,180,0.3,0.7,0.04,8,36,,0,,,0.08,,,0.04,0.08,4.9,0.71,0.3,1,4,0,,,,,,,,
G516,Additional Raw Ingredients,Chilli powder,UK_FCT,Raw_Ingredient,,,13.5,,14.3,7.2,34.8,,,2460,3210,8010,0,330,300,149,4000,1950,17.3,4.3,1,,0,,17790,,,,105.7,,0.25,0.94,11.6,0.89,2.1,,28,1,,,,,,,,
G517,Additional Raw Ingredients,Chilli sauce,UK_FCT,Raw_Ingredient,40,169,1.3,7.3,0.8,6.9,2.2,,,0,0,0,0,17,28,15,1250,140,2.8,0.1,0.07,0,0,,570,,,1.97,,,0.01,0.09,0.6,0.22,0.1,1,10,8,,,,,,,,
I509,Additional Raw Ingredients,"Chocolate, plain",UK_FCT,Raw_Ingredient,510,2137,5,63.5,28,62.6,,,,16800,9000,1000,6,33,140,89,6,300,2.3,1.3,0.71,4,15,,15,,,1.44,2.3,,0.04,0.06,0.4,0.3,0.03,3,12,0,,,,,,,,
G518,Additional Raw Ingredients,"Cinnamon, ground",UK_FCT,Raw_Ingredient,,,4,,1.2,2.2,53.1,,,350,250,70,0,1002,64,60,10,431,8.32,1.8,0.34,3,0,,177,,,,31.2,,0.02,0.04,1.3,0.36,0.16,,6,4,,,,,,,,
V501,Additional Raw Ingredients,Cocoa powder,UK_FCT,Raw_Ingredient,312,1301,18.5,11.5,21.7,0,,,,12800,7200,600,0,130,660,520,,1500,10.5,6.9,3.9,,0,,40,,,0.68,1.5,,0.16,0.06,1.7,,0.07,,38,0,,,,,,,,
H501,Additional Raw Ingredients,Coconut milk,UK_FCT,Raw_Ingredient,22,95,0.3,4.9,0.3,4.9,,,,200,0,0,0,29,30,30,110,280,0.1,0.1,0.04,,0,,0,,,0,,,0.03,0.06,0.1,0.04,0.03,,,2,,,,,,,,
V502,Additional Raw Ingredients,"Coffee, powder, instant",UK_FCT,Raw_Ingredient,75,320,14.6,4.5,0,0,0,,,0,0,0,0,140,310,330,81,3780,4.6,1.1,0.62,9,0,,,,,0,4.3,,0.04,0.21,24.8,0,0.02,67,11,0,,,,,,,,
V503,Additional Raw Ingredients,Cola,UK_FCT,Raw_Ingredient,41,174,0,10.9,0,10.9,0,,,0,0,0,0,6,30,1,5,1,0,0,0,0,0,,0,,,0,,,0,0,0,0,0,0,0,0,,,,,,,,
A502,Additional Raw Ingredients,"Couscous, plain, raw",UK_FCT,Raw_Ingredient,364,1549,12,79.2,2.1,2.3,3.7,,,300,260,840,0,28,238,59,4,287,2,1.8,0.36,5,0,,0,,,0.13,,,0.28,0.06,2.6,0.59,0.15,3.2,28,0,,,,,,,,
E501,Additional Raw Ingredients,Cranberries,UK_FCT,Raw_Ingredient,15,65,0.4,3.4,0.1,3.4,,,,0,0,0,0,12,11,7,2,95,0.7,0.2,0.05,0,0,,22,,,,,,0.03,0.02,0.1,0.22,0.07,,2,13,,,,,,,,
U505,Additional Raw Ingredients,Cream of tartar,UK_FCT,Raw_Ingredient,239,1005,0,0,0,0,,,,0,0,0,0,0,0,0,0,20780,0,0,0,0,0,,0,,,0,,,0,0,0,0,0,0,0,0,,,,,,,,
L519,Additional Raw Ingredients,"Cream, fresh, single",UK_FCT,Raw_Ingredient,193,798,3.3,2.2,19.1,2.2,0,,,12150,5070,630,55,89,79,8,29,104,0,0.3,0,,291,,169,,,0.47,,,0.03,0.19,0.1,0.3,0.03,2.8,5,1,,,,,,,,
L512,Additional Raw Ingredients,"Cream, fresh, whipping",UK_FCT,Raw_Ingredient,381,1568,2,2.7,40.3,2.7,0,,,25230,11690,1130,105,58,59,6,25,86,0,0.2,0,,399,,247,,,1.32,,,0.02,0.17,0,0.22,0.04,1.4,7,1,,,,,,,,
D500,Additional Raw Ingredients,"Curly kale, raw",UK_FCT,Raw_Ingredient,33,140,3.4,1.4,1.6,1.3,,,,200,100,900,0,130,61,34,43,450,1.7,0.4,0.03,2,0,,3145,,,1.7,623,,0.08,0.09,1,0.09,0.26,0.5,120,110,,,,,,,,
E510,Additional Raw Ingredients,Currants,UK_FCT,Raw_Ingredient,267,1139,2.3,67.8,0.4,67.8,,,,,,,0,93,71,30,14,720,1.3,0.3,0.81,,0,,6,,,,,,0.16,0.05,0.9,0.07,0.23,4.8,4,0,,,,,,,,
G520,Additional Raw Ingredients,Curry powder,UK_FCT,Raw_Ingredient,233,979,9.5,26.1,10.8,,,,,,,,0,640,270,280,450,1830,58.3,4.1,1.04,,0,,100,,,,,,0.25,0.28,3.5,,0.1,,56,1,,,,,,,,
K503,Additional Raw Ingredients,Custard powder,UK_FCT,Raw_Ingredient,354,1508,0.6,92,0.7,0,,,,100,100,300,0,2,17,2,378,3,0.1,0.5,0.05,0,0,,0,,,0,,,0.02,0,0,0,0,0,2,0,,,,,,,,
X508,Additional Raw Ingredients,"Dips, sour-cream based, assorted flavours",UK_FCT,Raw_Ingredient,360,1482,2.9,4,37,2,,,,,,,60,72,79,10,330,130,0.4,0.9,0.98,0,,,,,,,,,,,,,,,,,,,,,,,,
X510,Additional Raw Ingredients,"Dressing, French",UK_FCT,Raw_Ingredient,335,1384,0.3,11.7,32.2,6.7,0.5,,,,,,0,,,,600,,,,,,0,,0,,,,,,0,0,0,0,0,0,0,0,,,,,,,,
X509,Additional Raw Ingredients,"Dressing, thousand island",UK_FCT,Raw_Ingredient,210,873,0.7,15.9,16.4,13.4,0.4,,,2040,6380,6960,,24,34,9,470,130,0.3,0.2,0.05,1,,,,,,4.4,,,0.01,0.02,0.1,0.1,0.02,1,4,0,,,,,,,,
V504,Additional Raw Ingredients,"Drinking chocolate, powder",UK_FCT,Raw_Ingredient,377,1598,6.4,79.7,5.8,77.7,,,,3410,1810,290,0,39,193,132,228,495,3.5,5.6,3.69,,0,,,,,0.41,,,0.02,0.06,0.6,0.3,0.01,9,7,0,,,,,,,,
V505,Additional Raw Ingredients,"Energy drink, carbonated",UK_FCT,Raw_Ingredient,42,178,0,11.1,0,11.1,0,,,0,0,0,0,,,,60,,,,,,0,,,,,0,,,,,,,,0,,,,,,,,,,
G510,Additional Raw Ingredients,Fennel seeds,UK_FCT,Raw_Ingredient,,,15.8,,14.9,,,,,500,9900,1700,0,1200,510,390,88,1660,12.3,3.7,1.07,,0,,81,,,,,,0.41,0.35,10.3,,,,0,0,,,,,,,,
A503,Additional Raw Ingredients,"Flour, corn",UK_FCT,Raw_Ingredient,354,1508,0.6,92,0.7,0,,,,100,100,300,0,2,17,2,11,3,0.1,0.5,0,0,0,,0,,,0,,,0.02,0,0,0,0,0,2,0,,,,,,,,
A504,Additional Raw Ingredients,"Flour, gram",UK_FCT,Raw_Ingredient,353,1498,22.7,57,5.4,2.3,10.1,,,610,1010,2800,0,58,220,62,2,297,2.63,1.5,0.27,4,0,,32,,,2.54,8.92,,0.45,0.17,1.9,1.24,0.45,8.4,193,0,,,,,,,,
A505,Additional Raw Ingredients,"Flour, rice",UK_FCT,Raw_Ingredient,366,1531,6.4,80.1,0.8,,,,,,,,,24,130,23,5,240,1.9,,0.2,,,,,,,,,,0.1,0.05,2.1,,0.2,,,0,,,,,,,,
B503,Additional Raw Ingredients,"Flour, soya",UK_FCT,Raw_Ingredient,409,1711,34.3,18.7,22.4,6.4,18,,,2740,3810,11360,0.3,182,668,245,1,1867,8.42,4.1,1.31,7,0,,0,,,4.33,25.3,,0.38,0.26,1.9,1.79,0.4,14,245,0,,,,,,,,
E516,Additional Raw Ingredients,"Fruit cocktail, canned in juice, whole contents",UK_FCT,Raw_Ingredient,45,194,0.4,11.7,0,11.7,,,,0,0,0,0,9,14,7,3,95,0.4,0.1,0.04,0,0,,54,,,,,,0.01,0.01,0.3,0.05,0.04,0.3,6,14,,,,,,,,
V506,Additional Raw Ingredients,"Fruit cocktail, canned in syrup, whole contents",UK_FCT,Raw_Ingredient,57,244,0.4,14.8,0,14.8,,,,0,0,0,0,5,9,5,3,95,0.3,0.1,0.02,0,0,,54,,,,,,0.02,0.01,0.4,0.05,0.03,0.1,5,4,,,,,,,,
V507,Additional Raw Ingredients,"Fruit juice drink/squash, diluted",UK_FCT,Raw_Ingredient,7,29,0,1.8,0,1.8,0,,,0,0,0,0,1,0,0,8,5,0,0,0,0,0,,138,,,,,,0,0,0,0,0,0,0,,,,,,,,,
V508,Additional Raw Ingredients,"Fruit juice drink/squash, undiluted",UK_FCT,Raw_Ingredient,34,144,0.1,8.9,0,8.9,0,,,0,0,0,0,6,2,1,40,27,0,0,0,0,0,,690,,,,,,0,0,0.1,0,0.01,0,2,,,,,,,,,
G523,Additional Raw Ingredients,Garam masala,UK_FCT,Raw_Ingredient,379,1592,15.6,45.2,15.1,,,,,,,,0,760,390,330,97,1450,32.6,3.8,1.62,,0,,340,,,,,,0.35,0.33,2.5,,,,0,0,,,,,,,,
G524,Additional Raw Ingredients,Garlic powder,UK_FCT,Raw_Ingredient,246,1045,18.7,42.7,1.2,4.2,,,,200,0,400,0,65,220,61,19,1360,3.9,2.6,0.15,5,0,,0,,,0.03,,,,0.12,0.7,,0.99,,0,0,,,,,,,,
K504,Additional Raw Ingredients,Gelatine,UK_FCT,Raw_Ingredient,338,1435,84.4,0,0,0,0,,,0,0,0,0,250,32,15,330,7,2.1,0.2,0.05,19,0,,0,,,0,,,0,0,0,0,0,0,0,0,,,,,,,,
T506,Additional Raw Ingredients,"Ghee, butter",UK_FCT,Raw_Ingredient,878,3611,0.1,0,97.6,0,0,,,58420,25700,4560,246,1,0,0,1,0,0,0,0,0,922,,1863,,,5.76,,,0,0,0,0,0,0,0,0,,,,,,,,
D505,Additional Raw Ingredients,"Gherkins, pickled, drained",UK_FCT,Raw_Ingredient,14,61,0.9,2.6,0.1,2.4,1.5,,,0,0,0,0,20,22,11,690,110,0.7,0.3,0.1,,0,,2,,,,,,0,0.02,0.1,,,,6,1,,,,,,,,
G554,Additional Raw Ingredients,"Ginger, ground",UK_FCT,Raw_Ingredient,284,1208,7.4,60,3.3,19.8,14.1,,,1570,950,120,0,97,140,130,34,910,46.8,4.7,0.45,,0,,220,,,,,,0.05,0.19,5.1,1.27,1.01,,0,0,,,,,,,,
O501,Additional Raw Ingredients,Ham,UK_FCT,Raw_Ingredient,107,451,18.4,1,3.3,1,0.1,,,1100,1390,520,58,7,340,24,800,340,0.7,1.8,0.12,11,0,,0,,,0.04,,,0.8,0.17,6.5,1.03,0.61,3,19,0,,,,,,,,
H502,Additional Raw Ingredients,"Hazelnuts, kernel only",UK_FCT,Raw_Ingredient,650,2685,14.1,6,63.5,4,6.9,,,4550,49230,6620,0,140,300,160,6,730,3.2,2.1,1.23,2,0,,0,,,24.98,,,0.43,0.16,1.1,1.51,0.59,76,72,0,,,,,,,,
I507,Additional Raw Ingredients,Honey,UK_FCT,Raw_Ingredient,288,1229,0.4,76.4,0,76.4,0,,,0,0,0,0,5,17,2,11,51,0.4,0.9,0.05,1,0,,0,,,0,,,0,0.05,0.2,,,,,0,,,,,,,,
I501,Additional Raw Ingredients,"Ice cream, dairy, vanilla, soft scoop",UK_FCT,Raw_Ingredient,169,711,3.2,22,8.2,22,0.2,,,5190,2130,320,29.4,104,85,13,63,163,0.06,0.3,0.02,1,91,,45,,,0.49,,,0.1,0.28,0.2,1.05,0.04,2.2,6,1,,,,,,,,
W501,Additional Raw Ingredients,"Jelly, made with water",UK_FCT,Raw_Ingredient,61,260,1.2,15.1,0,15.1,0,,,0,0,0,0,7,1,0,5,5,0.4,,0.01,,0,,0,,,0,,,0,0,0,0,0,0,0,0,,,,,,,,
E502,Additional Raw Ingredients,"Kiwi fruit, flesh only, raw",UK_FCT,Raw_Ingredient,44,185,0.8,8.6,0.9,8.3,2.7,,,70,100,520,0,33,33,13,1,289,0.22,0.1,0.17,0,0,,40,,,2.17,,,0,0,0.3,0.42,0.09,,33,71,,,,,,,,
O502,Additional Raw Ingredients,"Lamb, mince, raw",UK_FCT,Raw_Ingredient,196,817,19.1,0,13.3,0,0,,,6200,5300,600,77,17,190,21,69,310,1.6,3.5,0.08,2,5,,0,,,0.18,,,0.12,0.18,4.8,0.9,0.2,2,2,0,,,,,,,,
E520,Additional Raw Ingredients,"Lemons, flesh only, raw, weighed with peel and pips",UK_FCT,Raw_Ingredient,9,38,0.5,1.4,0.2,1.4,,,,100,0,100,0,17,10,6,2,90,0.3,0.1,0,1,0,,4,,,,,,0.03,0.01,0.1,0.12,0.05,,7,34,,,,,,,,
W502,Additional Raw Ingredients,Marmalade,UK_FCT,Raw_Ingredient,261,1114,0.1,69.5,0,69.5,0.5,,,0,0,0,0,26,6,3,64,35,0.2,0.1,0.03,1,0,,50,,,0,,,0,0,0,0,0,0,5,10,,,,,,,,
L507,Additional Raw Ingredients,"Mayonnaise, standard, retail",UK_FCT,Raw_Ingredient,686,2824,1.1,2.4,74.8,2.4,0,,,5650,45550,19930,57.2,2,5,0,131,4,0.16,0.1,0,0,78,,0,,,22.1,,,0,0.1,0,0.15,0.09,0.7,9,0,,,,,,,,
H500,Additional Raw Ingredients,Melon seeds,UK_FCT,Raw_Ingredient,583,2418,28.5,9.9,47.7,,,,,12000,8300,26200,0,71,690,510,99,650,7.6,4,2.39,,0,,0,,,,,,0.17,0.15,2.1,,,,58,0,,,,,,,,
L508,Additional Raw Ingredients,"Milk, condensed, whole, sweetened",UK_FCT,Raw_Ingredient,310,1310,7.4,55.5,8,55.5,0,,,4990,2300,240,29,290,240,29,90,360,0.23,1,0,3,110,,70,,,0.19,0.36,,0.09,0.46,0.3,0.85,0.07,3.9,15,4,,,,,,,,
L509,Additional Raw Ingredients,"Milk, evaporated, light",UK_FCT,Raw_Ingredient,107,449,7.8,10.3,4.1,10.3,0,,,2500,1090,150,16.9,260,233,25,115,336,0,1,0,3,50,,21,,,0.11,,,0.07,0.42,0.2,0.75,0.04,4,8,1,,,,,,,,
L510,Additional Raw Ingredients,"Milk, skimmed, dried, fortified",UK_FCT,Raw_Ingredient,348,1482,36.1,52.9,0.6,52.9,0,,,400,200,0,12,1280,970,130,550,1590,0.27,4,0,11,550,,5,,,0.01,,,0.38,1.63,1,3.28,0.6,20.1,51,13,,,,,,,,
X512,Additional Raw Ingredients,"Mint sauce, homemade",UK_FCT,Raw_Ingredient,85,358,0.8,19.4,0.1,,,,,0,0,0,0,39,17,0,5,59,1.73,,,,0,,129,,,0.87,,,0.02,0.06,0.2,,,,19,5,,,,,,,,
G515,Additional Raw Ingredients,Mixed curry spices,UK_FCT,Raw_Ingredient,,,13.2,,13.3,,,,,,,,0,490,319,234,1154,1878,32.33,4.1,1.09,,0,,11946,,,,,,0.3,0.69,6.9,,,,33,1,,,,,,,,
G521,Additional Raw Ingredients,"Mixed herbs, dried",UK_FCT,Raw_Ingredient,261,1092,12.1,36.3,8.5,,,,,,,,0,1653,235,280,81,1873,68.97,4.6,0.73,,0,,8100,,,,,,,0.34,5,,,,,43,,,,,,,,
G533,Additional Raw Ingredients,Mustard powder,UK_FCT,Raw_Ingredient,452,1884,28.9,20.7,28.7,,,,,1500,19800,5400,0,330,180,260,5,940,9.5,6.5,0.2,,0,,,,,,,,,,,,,,0,0,,,,,,,,
T507,Additional Raw Ingredients,"Oil, coconut",UK_FCT,Raw_Ingredient,899,3696,0,0,99.9,0,0,,,86500,6000,1500,0,0,0,0,0,0,0,0,0,0,0,,0,,,0.66,1,,0,0,0,0,0,0,0,0,,,,,,,,
T502,Additional Raw Ingredients,"Oil, olive",UK_FCT,Raw_Ingredient,899,3696,0,0,99.9,0,0,,,14300,73000,8200,0,0,0,0,0,0,0.4,0,0.01,0,0,,,,,5.1,57.5,,0,0,0,0,0,0,0,0,,,,,,,,
T509,Additional Raw Ingredients,"Oil, sesame",UK_FCT,Raw_Ingredient,898,3692,0.2,0,99.7,0,0,,,14600,37500,43400,0,10,,0,2,20,0.1,0,0,0,0,,0,,,,,,0.01,0.07,0.1,0,0,0,0,0,,,,,,,,
T508,Additional Raw Ingredients,"Oil, sunflower",UK_FCT,Raw_Ingredient,899,3696,0,0,99.9,0,0,,,12000,20500,63300,0,0,0,0,0,0,0.1,0,0.01,0,0,,0,,,49.22,6.3,,0,0,0,0,0,0,0,0,,,,,,,,
D504,Additional Raw Ingredients,"Olives, green, in brine, drained, flesh and skin",UK_FCT,Raw_Ingredient,103,422,0.9,0,11,0,,,,1700,5700,1300,0,61,17,22,1330,91,1,,0.23,,0,,180,,,1.99,,,0,0,0,0.02,0.02,0,0,0,,,,,,,,
E518,Additional Raw Ingredients,"Orange juice, freshly squeezed",UK_FCT,Raw_Ingredient,33,140,0.6,8.1,0,8.1,,,,0,0,0,0,12,22,12,2,180,0.3,0,0,0,0,,55,,,0.35,,,0.08,0.02,0.2,0.27,0.05,1,28,48,,,,,,,,
G526,Additional Raw Ingredients,"Oregano, dried, ground",UK_FCT,Raw_Ingredient,,,9,,4.3,4.1,42.5,,,1550,720,1370,0,1597,148,270,25,1260,36.8,2.7,0.63,5,0,,1021,,,,,,0.18,0.53,4.6,0.92,1.04,,237,2,,,,,,,,
G545,Additional Raw Ingredients,Paprika,UK_FCT,Raw_Ingredient,,,14.1,,12.9,10.3,34.9,,,2140,1700,7770,0,229,314,178,68,2280,21.14,4.3,0.71,6,0,,29553,,,,,,0.33,1.23,10.1,2.51,2.14,,49,1,,,,,,,,
A507,Additional Raw Ingredients,"Pasta, white, dried, raw",UK_FCT,Raw_Ingredient,343,1461,11.3,75.6,1.6,2.1,,,,230,180,650,0,24,179,47,2,232,1.59,1.2,0.3,22,0,,0,,,0.3,0.21,,0.17,0.03,3.3,0.8,0.14,1,19,0,,,,,,,,
E508,Additional Raw Ingredients,"Peaches, canned in syrup, whole contents",UK_FCT,Raw_Ingredient,55,233,0.5,14,0,14,,,,0,0,0,0,3,11,5,4,110,0.2,0,0,0,0,,75,,,,,,0.01,0.01,0.6,0.05,0.02,0.1,7,5,,,,,,,,
B504,Additional Raw Ingredients,"Peanut butter, smooth",UK_FCT,Raw_Ingredient,607,2514,22.8,13.1,51.8,6.7,6.6,,,12780,19910,16840,0,37,330,180,350,700,2.1,3,0.7,3,0,,0,,,4.99,,,0.17,0.09,12.5,1.56,0.58,94,53,0,,,,,,,,
B505,Additional Raw Ingredients,"Peanuts, dry roasted",UK_FCT,Raw_Ingredient,590,2444,25.7,10.3,49.8,3.8,7.6,,,8900,22800,15500,0,52,420,190,790,730,2.1,3.3,0.64,3,0,,0,,,1.11,0.31,,0.18,0.13,13.1,1.59,0.54,130,44,0,,,,,,,,
E509,Additional Raw Ingredients,"Pears, canned in juice, whole contents",UK_FCT,Raw_Ingredient,33,141,0.3,8.5,0,8.5,,,,0,0,0,0,6,10,5,3,81,0.2,0.1,0,0,0,,0,,,0,,,0.01,0.01,0.2,0.04,0.03,0.2,4,3,,,,,,,,
G527,Additional Raw Ingredients,"Pepper, white",UK_FCT,Raw_Ingredient,,,10.4,,2.1,,26.2,,,630,790,620,0,270,180,90,5,73,14.3,1.1,0.91,3,0,,0,,,,,,0.02,0.13,0.2,,0.1,,10,21,,,,,,,,
D506,Additional Raw Ingredients,"Pickle, sweet",UK_FCT,Raw_Ingredient,111,476,0.6,28,0.1,24.6,1.2,,,0,0,0,0,15,12,6,1130,94,0.6,0.1,0,,0,,250,,,,,,0.03,0.01,0.1,,0.01,0,0,0,,,,,,,,
V509,Additional Raw Ingredients,"Pineapple juice, unsweetened",UK_FCT,Raw_Ingredient,41,177,0.3,10.5,0.1,10.5,0,,,0,0,0,0,8,1,6,8,53,0.2,0.1,0.02,0,0,,8,,,0.03,,,0.06,0.01,0.1,0.07,0.05,0,8,11,,,,,,,,
X513,Additional Raw Ingredients,"Pizza base, raw",UK_FCT,Raw_Ingredient,290,1229,7.8,57.5,4.8,3.4,2.5,,,,,,,86,85,18,400,124,1.55,0.7,0.09,,,,,,,,,,0.41,0.03,1.7,,0.03,,8,0,,,,,,,,
A508,Additional Raw Ingredients,"Porridge oats, unfortified",UK_FCT,Raw_Ingredient,381,1614,10.9,70.7,8.1,0.3,7.8,,,1280,3110,3190,0.3,50,387,114,1,372,3.64,2.3,0.37,3,0,,0,,,0.59,,,1.05,0.05,0.8,0.75,0.34,19,32,0,,,,,,,,
H518,Additional Raw Ingredients,Pumpkin seeds,UK_FCT,Raw_Ingredient,565,2345,24.4,15.2,45.6,1.1,,,,7000,11200,21710,0,39,850,270,18,820,10,6.6,1.57,6,0,,230,,,,,,0.23,0.32,1.7,,,,,0,,,,,,,,
E505,Additional Raw Ingredients,"Redcurrants, raw",UK_FCT,Raw_Ingredient,21,89,1.1,4.4,0,4.4,,,,,,,0,36,30,13,2,280,1.2,0.2,0.12,,0,,25,,,0.1,,,0.04,0.06,0.1,0.06,0.05,2.6,,40,,,,,,,,
G525,Additional Raw Ingredients,"Rosemary, dried",UK_FCT,Raw_Ingredient,331,1387,4.9,46.4,15.2,,42.6,,,7370,3010,2340,0,1280,70,220,50,950,29.3,3.2,0.55,5,0,,1880,,,,,,0.51,0.43,1,,1.74,,307,61,,,,,,,,
G529,Additional Raw Ingredients,Saffron,UK_FCT,Raw_Ingredient,310,1298,11.4,61.5,5.9,42.4,,,,,,,0,110,250,,150,1720,11.1,,0.33,,0,,,,,,,,,,,,,,0,0,,,,,,,,
I508,Additional Raw Ingredients,"Sago, raw",UK_FCT,Raw_Ingredient,355,1515,0.2,94,0.2,0,,,,100,100,0,0,10,29,3,3,5,1.2,,0.03,,0,,0,,,0,,,0,0,0,0,0,0,0,0,,,,,,,,
O503,Additional Raw Ingredients,Salami,UK_FCT,Raw_Ingredient,438,1814,20.9,0.5,39.2,0.5,0.4,,,14600,17700,4400,83,11,170,18,1530,320,1.3,3,0.12,7,0,,0,,,0.23,1.11,,0.6,0.23,5.6,1.66,0.36,7,3,,,,,,,,,
G528,Additional Raw Ingredients,Salt,UK_FCT,Raw_Ingredient,0,0,0,0,0,0,0,,,0,0,0,0,10,1,76,39300,89,0.3,0.1,0.08,,0,,0,,,0,,,0,0,0,0,0,0,0,0,,,,,,,,
X500,Additional Raw Ingredients,"Sauces, Indian cook in, other",UK_FCT,Raw_Ingredient,67,282,1.4,8.7,3.2,6.1,2.5,,,500,1240,1280,,33,32,18,300,236,1.02,0.2,0.09,1,0,,384,,,2.34,,,0.03,0.03,0.8,0.31,0.08,3.2,11,3,,,,,,,,
O504,Additional Raw Ingredients,"Sausages, premium, raw",UK_FCT,Raw_Ingredient,254,1053,13.8,2.6,21,1.5,0.5,,,8170,8330,3480,63,160,160,14,500,190,1,1.2,0.06,,0,,0,,,0.9,,,0.05,0.11,3,0.84,0.16,3,7,14,,,,,,,,
G513,Additional Raw Ingredients,Sesame seeds,UK_FCT,Raw_Ingredient,598,2470,18.2,0.9,58,0.4,,,,10480,22070,25500,0,670,720,370,20,570,10.4,5.3,1.46,,0,,6,,,2.53,,,0.93,0.17,5,2.14,0.75,11,97,0,,,,,,,,
G546,Additional Raw Ingredients,"Shallots, raw",UK_FCT,Raw_Ingredient,20,86,1.5,3.3,0.2,3.3,,,,0,0,100,0,24,50,4,10,180,0.8,0.4,0.05,1,0,,,,,0.31,,,0.04,0.06,0.6,0.11,0.2,0.9,17,13,,,,,,,,
X501,Additional Raw Ingredients,"Soy sauce, light and dark varieties",UK_FCT,Raw_Ingredient,79,337,3,17.9,0,16.4,0,,,0,0,0,0,17,47,37,5500,180,2.4,0.2,0.01,,0,,0,,,,,,0.05,0.13,3.4,,,,11,0,,,,,,,,
K502,Additional Raw Ingredients,"Spirits, 40% volume",UK_FCT,Raw_Ingredient,222,919,0,0,0,0,0,,,0,0,0,0,0,0,0,0,0,0,0,0,0,0,,0,,,0,0,,0,0,0,0,0,0,0,0,,,,,,,,
G547,Additional Raw Ingredients,"Spring onions, bulbs and tops, raw",UK_FCT,Raw_Ingredient,23,98,2,3,0.5,2.8,,,,100,100,200,0,39,29,12,7,260,1.9,0.4,0.06,,0,,620,,,,,,0.05,0.03,0.5,0.07,0.13,,54,26,,,,,,,,
G501,Additional Raw Ingredients,"Spring onions, bulbs only, raw",UK_FCT,Raw_Ingredient,35,151,0.9,8.5,0,8.5,,,,0,0,0,0,140,24,11,13,230,1.2,,,,0,,0,,,,,,0.13,0,0.7,0.11,0.2,0.9,17,25,,,,,,,,
K506,Additional Raw Ingredients,"Stock cubes, chicken",UK_FCT,Raw_Ingredient,,,15.4,,15.4,,0.6,,,,,,0,120,200,47,16300,400,4.9,1.2,0.1,,,,,,,,,,,,,,,,,0,,,,,,,,
K507,Additional Raw Ingredients,"Stock cubes, vegetable",UK_FCT,Raw_Ingredient,,,13.5,,17.3,,1.8,,,,,,0,47,120,44,16800,390,2.8,0.4,0.05,,0,,,,,,,,,,,,,,,0,,,,,,,,
I503,Additional Raw Ingredients,"Sugar, brown",UK_FCT,Raw_Ingredient,380,1623,0.1,101.3,0,101.3,0,,,0,0,0,0,56,4,17,31,140,1.7,0.1,0.06,0,0,,0,,,0,,,0,0,0,0,0,0,0,0,,,,,,,,
I504,Additional Raw Ingredients,"Sugar, icing",UK_FCT,Raw_Ingredient,393,1678,0,104.9,0,103.8,0,,,0,0,0,0,2,1,0,12,11,0.5,0.1,0.05,0,0,,0,,,0,,,0,0,0,0,0,0,0,0,,,,,,,,
I502,Additional Raw Ingredients,"Sugar, white",UK_FCT,Raw_Ingredient,394,1680,0,105,0,105,0,,,0,0,0,0,10,1,2,5,5,0.2,0.1,0.12,0,0,,0,,,0,,,0,0,0,0,0,0,0,0,,,,,,,,
E506,Additional Raw Ingredients,Sultanas,UK_FCT,Raw_Ingredient,275,1171,2.7,69.4,0.4,69.4,,,,,,,0,64,86,31,19,1060,2.2,0.3,0.4,,0,,12,,,0.7,,,0.09,0.05,0.8,0.09,0.25,4.8,27,0,,,,,,,,
D503,Additional Raw Ingredients,"Sweetcorn, kernels, raw",UK_FCT,Raw_Ingredient,60,254,3.4,8.1,1.8,2,,,,200,500,700,0,3,91,37,1,260,0.7,0.4,0.04,0,0,,23,,,0.33,,,0.16,0.05,1.9,0.73,0.02,,41,8,,,,,,,,
I505,Additional Raw Ingredients,"Syrup, corn, dark",UK_FCT,Raw_Ingredient,282,1181,0,76.6,0,28.1,,,,0,0,0,0,18,11,8,160,44,0.4,0,0,0,0,,0,,,0,,,0.01,0.01,0,0.02,0.01,0,0,0,,,,,,,,
V510,Additional Raw Ingredients,"Tea, black, infusion, average",UK_FCT,Raw_Ingredient,0,2,0.1,0,0,0,0,,,0,0,0,0,0,2,2,0,27,0,0,0.01,0,0,,0,,,,0.27,,0,0.02,0,0.04,0,1,3,0,,,,,,,,
V511,Additional Raw Ingredients,"Tea, green, infusion",UK_FCT,Raw_Ingredient,0,0,0.1,0,0,0,0,,,0,0,0,0,2,1,0,1,20,0.1,0,0,0,0,,0,,,,,,0,0.02,0.1,0,0,0,0,3,,,,,,,,
G531,Additional Raw Ingredients,"Thyme, dried, ground",UK_FCT,Raw_Ingredient,276,1156,9.1,45.3,7.4,1.7,37,,,2700,500,1200,0,1890,200,220,55,810,123.6,6.2,0.86,5,0,,2280,,,,,,0.51,0.4,4.9,,0.55,,274,50,,,,,,,,
B506,Additional Raw Ingredients,"Tofu, soya bean, steamed",UK_FCT,Raw_Ingredient,73,304,8.1,0.7,4.2,0.3,,,,500,800,2000,0,,95,23,4,63,1.2,0.7,0.2,,0,,2,,,0.95,,,0.06,0.02,0.1,0.05,0.07,,15,0,,,,,,,,
X503,Additional Raw Ingredients,Tomato ketchup,UK_FCT,Raw_Ingredient,115,489,1.6,28.6,0.1,27.5,0.9,,,0,0,0,0,13,31,19,800,350,0.3,0.1,0.05,,0,,473,,,,,,1,0.09,2.1,,0.03,,1,2,,,,,,,,
X504,Additional Raw Ingredients,Tomato puree,UK_FCT,Raw_Ingredient,67,287,4.4,12.9,0.2,12.9,4.7,,,40,20,70,0,45,94,57,49,1257,1.45,0.6,0.41,1,0,,1754,,,5.22,,,0.98,0.12,3.6,0.11,0.28,6.3,39,43,,,,,,,,
X505,Additional Raw Ingredients,"Tomato sauce, homemade",UK_FCT,Raw_Ingredient,89,374,2.2,8.6,5.5,4,,,,1800,2200,1100,10,19,39,10,340,280,0.6,0.3,0.03,1,26,,1070,,,1.47,,,0.11,0.02,1.2,0.22,0.14,1.2,9,8,,,,,,,,
D502,Additional Raw Ingredients,"Tomatoes, cherry, raw",UK_FCT,Raw_Ingredient,22,94,1.1,3.6,0.5,3.6,1.3,,,100,100,200,0,10,31,12,4,274,0.34,0.2,0.05,0,0,,479,,,0.89,,,0.05,0.02,0.4,0.19,0.06,1.8,24,15,,,,,,,,
F501,Additional Raw Ingredients,"Turnip, flesh only, raw",UK_FCT,Raw_Ingredient,23,98,0.9,4.7,0.3,4.5,,,,0,0,200,0,48,41,8,15,280,0.2,0.1,0.01,1,0,,20,,,0,0.15,,0.05,0.01,0.4,0.2,0.08,0.1,14,17,,,,,,,,
G532,Additional Raw Ingredients,Vinegar,UK_FCT,Raw_Ingredient,22,89,0.4,0.6,0,0.6,0,,,0,0,0,0,3,10,4,5,34,0.1,0.1,0.01,1,0,,0,,,0,,,0,0,0,0,0,0,0,0,,,,,,,,
U509,Additional Raw Ingredients,"Wafers, plain ice cream wafers, not filled",UK_FCT,Raw_Ingredient,368,1565,10.5,79.7,3,3.5,3.4,,,590,950,1310,4.1,89,129,28,192,195,2.3,1.2,0.12,7,0,,0,,,0.42,,,0.08,0.02,1.6,0.53,0.04,8.9,14,0,,,,,,,,
K505,Additional Raw Ingredients,"Water, distilled",UK_FCT,Raw_Ingredient,0,0,0,0,0,0,0,,,0,0,0,0,0,0,0,0,0,0,0,0,0,0,,0,,,0,,,0,0,0,0,0,0,0,0,,,,,,,,
C502,Additional Raw Ingredients,"Watercress, raw",UK_FCT,Raw_Ingredient,10,43,1.9,0,0.3,0,1.5,,,90,30,120,0,138,61,16,37,300,0.72,0.5,0.05,1,0,,1589,,,1.46,315,,0.16,0.06,0.3,0.1,0.23,0.4,43,62,,,,,,,,
X506,Additional Raw Ingredients,"White sauce, savoury, made with whole milk, homemade",UK_FCT,Raw_Ingredient,158,660,4.4,11.6,10.8,4.9,0.3,,,6800,2780,350,30.4,136,113,14,105,182,0.18,0.6,0.01,1,118,,65,,,0.25,,,0.04,0.23,0.2,0.52,0.06,2.8,5,1,,,,,,,,
X507,Additional Raw Ingredients,Worcestershire sauce,UK_FCT,Raw_Ingredient,113,480,1.4,28.3,0.1,21.5,0,,,0,0,0,0,190,31,73,1500,600,10.1,0.4,0.21,1,0,,8,,,,,,0,0.01,0.4,,,,1,0,,,,,,,,
G534,Additional Raw Ingredients,Yeast extract,UK_FCT,Raw_Ingredient,180,763,40.7,3.5,0.4,1.6,0,,,,,,0,70,950,160,4300,2100,2.9,2.7,0.2,,0,,0,,,,,,4.1,11.9,64,,1.6,,2620,0,,,,,,,,
L520,Additional Raw Ingredients,"Yogurt, whole milk, plain",UK_FCT,Raw_Ingredient,79,333,5.7,7.8,3,7.8,0,,,1910,790,100,11,200,170,19,80,280,0.1,0.7,0,2,28,,21,,,0.05,,,0.06,0.27,0.2,0.5,0.1,2.6,18,1,,,,,,,,
G536,Additional Raw Ingredients,AJWAIN SEED WHOLE ORGANIC SPICES,USDA_FDC,Raw_Ingredient,238,995.792,23.81,47.62,0,0,47.6,,,620,,,0,667,,,0,1333,16.19,,,,,,,,,,,,,,,,,,,,,,,,,,,
A513,Additional Raw Ingredients,"ALMOND FLOUR, ALMOND",USDA_FDC,Raw_Ingredient,571,2389.064,21.43,21.43,50,7.14,14.3,,,3570,,,,271,,271,,736,3.57,,,,,,,,,26,,,,,,,,,0,,,,,,,,,
H507,Additional Raw Ingredients,ALMOND MILK,USDA_FDC,Raw_Ingredient,17,71.128,0.42,0.83,1.25,0.42,0.4,,,0,830,210,0,42,,,75,79,0.15,,,,,,,,,,,,,,,,,,,0,,,,,,,,
G539,Additional Raw Ingredients,BALSAMIC VINEGAR,USDA_FDC,Raw_Ingredient,100,418.4,0,20,0,20,,,,,,,,,,,0,,,,,,,,,,,,,,,,,,,,,,,,,,,,,
B507,Additional Raw Ingredients,BLACK BEANS,USDA_FDC,Raw_Ingredient,55,230.12,3.94,15.8,0.79,,5.5,,,0,,,0,31,,,496,,1.13,,,,,,,,,,,,,,,,,,,4.7,,,,,,,,
A509,Additional Raw Ingredients,BLACK RICE,USDA_FDC,Raw_Ingredient,372,1556.448,11.6,79.1,3.49,2.33,4.7,,,0,,,0,0,,,0,,1.67,,,,,,,,,,,,,,,,,,,0,,,,,,,,
X517,Additional Raw Ingredients,"CAJUN SEASONING, CAJUN",USDA_FDC,Raw_Ingredient,0,0,0,0,0,0,,,,0,,,0,0,,,25556,,0,,,,,,,,,,,,,,,,,,,0,,,,,,,,
I510,Additional Raw Ingredients,"Candies, gum drops, no sugar or low calorie (sorbitol)",USDA_FDC,Raw_Ingredient,354,1480,0,88.1,0.2,70,0,,,34,92,64,0,0,0,0,7,,0,0,0,0.5,0,,0,0,0,0,0,0,0,0,0,0,0,0,0,0,,,,,,,,
G542,Additional Raw Ingredients,"Capers, canned",USDA_FDC,Raw_Ingredient,23,96,2.36,4.89,0.86,0.41,3.2,,,233,63,304,0,40,10,33,2350,40,1.67,0.32,0.374,1.2,0,,83,0,0,0.88,,,0.018,0.139,0.652,0.027,0.023,,23,4.3,,,,,,,,
L501,Additional Raw Ingredients,"Cheese spread, cream cheese, regular",USDA_FDC,Raw_Ingredient,295,1234.28,7.1,3.5,28.6,3.5,0,,,18020,8071,1033,90,71,91,6,436,112,1.13,0.51,0.015,2.7,300,,19,,,0.77,,,0.02,0.19,0.95,,0.04,,12,0,,,,,,,,
L518,Additional Raw Ingredients,"Cheese, cream, low fat",USDA_FDC,Raw_Ingredient,208,66.7,7.85,6.73,16.7,3.3,0,,,10000,4000,575,54,148,152,8,317,247,0.17,0.57,0.032,4,160,,11,,0.3,0.27,,5.4,0.04,0.185,0.125,0.845,0.045,,19,0,,,,,,,,
L513,Additional Raw Ingredients,"Cheese, provolone",USDA_FDC,Raw_Ingredient,351,1470,25.6,2.14,26.6,0.56,0,,,17100,7390,769,69,756,496,28,727,138,0.52,3.23,0.026,14.5,230,,68,,0.5,0.23,2.2,,0.019,0.321,0.156,0.476,0.073,,10,0,,,,,,,,
H506,Additional Raw Ingredients,Chia seeds,USDA_FDC,Raw_Ingredient,534,2234.256,18.29,28.88,42.16,1.55,27.3,,,3663,7527,28730,0,255,642,392,30,813,5.73,4.34,1.22,25.4,0,,651,,,0.31,4.3,,1.644,0.161,3.08,,0.473,,87,0.6,,,,,,,,
B509,Additional Raw Ingredients,"Chickpeas (garbanzo beans, bengal gram), mature seeds, raw",USDA_FDC,Raw_Ingredient,378,1580,20.5,63,6.04,10.7,12.2,,,603,1380,2730,0,57,252,79,24,718,4.31,2.76,0.656,0,0,,40,,,0.82,9,,0.477,0.212,1.54,1.59,0.535,,557,4,,,,,,,,
A510,Additional Raw Ingredients,CRACKED WHEAT,USDA_FDC,Raw_Ingredient,350,1464.4,12.5,75,1.25,0,12.5,,,0,,,0,50,,,0,,4.5,,,,,,,,,,,,,,,,,,,0,,,,,,,,
L515,Additional Raw Ingredients,"Cream, fluid, light (coffee cream or table cream)",USDA_FDC,Raw_Ingredient,195,815,2.96,3.66,19.1,3.67,0,,,10200,4520,789,59,91,92,9,72,136,0.05,0.32,0.012,4.6,117,,37,0,1.1,0.12,1.7,,0.023,0.19,0.09,0.44,0.044,,2,0.8,,,,,,,,
X518,Additional Raw Ingredients,CREAMED CORN,USDA_FDC,Raw_Ingredient,159,665.256,3.54,17.7,7.96,5.31,1.8,,,4420,,,27,53,,,186,,0.32,0,,,0.265,,,,,,,,,,,,,,0,3.2,,,,,,,,
X515,Additional Raw Ingredients,"DIJON MUSTARD, DIJON",USDA_FDC,Raw_Ingredient,100,418.4,0,0,0,0,0,,,0,0,0,0,0,,,2400,200,0,,,,,,,,,,,,,,,,,,,0,,,,,,,,
E514,Additional Raw Ingredients,DRIED MANGO,USDA_FDC,Raw_Ingredient,350,1464.4,0,85,0,67.5,2.5,,,0,,,0,0,,,175,275,0,,,,,,,,,,,,,,,,,,,0,,,,,,,,
G548,Additional Raw Ingredients,"GINGER JUICE, GINGER",USDA_FDC,Raw_Ingredient,67,280.328,0,16.67,0,0,0,,,0,0,,0,17,,,0,417,0,,,,,,,,,,,,,,,,,,,,,,,,,,,
E515,Additional Raw Ingredients,"Gooseberries, raw",USDA_FDC,Raw_Ingredient,44,184.096,0.88,10.2,0.58,,4.3,,,38,51,317,0,25,27,10,1,198,0.31,0.12,0.07,0.6,0,,0,,,0.37,,,0.04,0.03,0.3,0.286,0.08,,6,27.7,,,,,,,,
G540,Additional Raw Ingredients,HIMALAYAN BLACK SALT,USDA_FDC,Raw_Ingredient,0,0,0,0,0,0,0,,,0,,,0,0,,,38182,0,0,0,,,,,,,,,,,,,,,,,,,,,,,,,,
U506,Additional Raw Ingredients,HOT DOG BUNS,USDA_FDC,Raw_Ingredient,245,1025.08,9.43,45.28,2.83,5.66,1.9,,,940,0,0,,30,,,434,72,1.89,0,,,,,,,,,,,,,,,,,,,,,,,,,,
W504,Additional Raw Ingredients,JAM,USDA_FDC,Raw_Ingredient,200,836.8,0,50,0,45,0,,,0,,,0,0,,,0,,0,0,,,,,,,,,,,,,,,,,,,,,,,,,,
G551,Additional Raw Ingredients,"Lemon grass (citronella), raw",USDA_FDC,Raw_Ingredient,99,414,1.82,25.3,0.49,,,,,119,54,170,0,65,101,60,6,723,8.17,2.23,0.266,0.7,0,,3,,,,,,0.065,0.135,1.1,0.05,0.08,,75,2.6,,,,,,,,
G550,Additional Raw Ingredients,"Lemon peel, raw",USDA_FDC,Raw_Ingredient,47,197,1.5,16,0.3,4.17,10.6,,,39,11,89,0,134,12,15,6,160,0.8,0.25,0.092,0.7,0,,121,,,0.25,0,,0.06,0.08,0.4,0.319,0.172,,13,129,,,,,,,,
T504,Additional Raw Ingredients,MARGARINE,USDA_FDC,Raw_Ingredient,714,2987.376,0,0,78.57,,,,,21400,21400,35700,0,,,,750,,,,,,,,,,,,,,,,,,,,,,,,,,,,,
L521,Additional Raw Ingredients,"Milk, buttermilk, fluid, whole",USDA_FDC,Raw_Ingredient,62,260,3.21,4.88,3.31,4.88,0,,,1900,827,0,11,115,85,10,105,135,0.03,0.38,0.025,3.7,46,,7,,1.3,0.07,0.3,,0.047,0.172,0.09,0.38,0.036,,5,0,,,,,,,,
L516,Additional Raw Ingredients,"Milk, dry, nonfat, regular, without added vitamin A and vitamin D",USDA_FDC,Raw_Ingredient,362,1520,36.2,52,0.77,52,0,,,499,201,30,20,1260,968,110,535,1790,0.32,4.08,0.041,27.3,6,,1,,0,0,0.1,,0.415,1.55,0.951,3.57,0.361,,50,6.8,,,,,,,,
H505,Additional Raw Ingredients,"MIXED NUTS CASHEWS, ALMONDS, HAZELNUTS, PISTACHIOS, PECANS, MIXED NUTS",USDA_FDC,Raw_Ingredient,607,2539.688,17.86,25,50,3.57,7.1,,,7140,,,,143,,,286,714,5.36,,,,,,,,,,,,,,,,,,,,,,,,,,,
G541,Additional Raw Ingredients,MSG MONOSODIUM GLUTAMATE,USDA_FDC,Raw_Ingredient,0,0,0,0,0,,,,,,,,,,,,12500,,,,,,,,,,,,,,,,,,,,,,,,,,,,,
X514,Additional Raw Ingredients,MUSTARD SAUCE,USDA_FDC,Raw_Ingredient,643,2690.312,3.57,3.57,71.43,0,0,,,12500,,,89,0,,,714,,1.29,0,,,0.357,,,,,,,,,,,,,,,0,,,,,,,,
H508,Additional Raw Ingredients,"Nuts, coconut water (liquid from coconuts)",USDA_FDC,Raw_Ingredient,19,79,0.72,3.71,0.2,2.61,1.1,,,176,8,2,0,24,20,25,105,250,0.29,0.1,0.04,1,0,,0,,,0,0,,0.03,0.057,0.08,0.043,0.032,,3,2.4,,,,,,,,
T510,Additional Raw Ingredients,"Oil, mustard",USDA_FDC,Raw_Ingredient,884,3700,0,0,100,,0,,,11600,59200,21200,,0,0,0,0,0,0,0,0,0,0,,,,,,,,0,0,0,0,0,,0,0,,,,,,,,
G552,Additional Raw Ingredients,"Orange peel, raw",USDA_FDC,Raw_Ingredient,97,405,1.5,25,0.2,,10.6,,,24,36,40,0,161,21,22,3,212,0.8,0.25,0.092,1,0,,,,,0.25,,,0.12,0.09,0.9,0.49,0.176,0,30,136,,,,,,,,
G549,Additional Raw Ingredients,"Peppers, jalapeno, raw",USDA_FDC,Raw_Ingredient,29,119,0.91,6.5,0.37,4.12,2.8,,,92,29,112,0,12,26,15,3,248,0.25,0.14,0.046,0.4,0,,1594,,,3.58,18.5,,0.04,0.07,1.28,0.315,0.419,0,27,119,,,,,,,,
D507,Additional Raw Ingredients,PITTED BLACK OLIVES,USDA_FDC,Raw_Ingredient,133,556.472,0,6.67,13.33,0,0,,,3330,,,0,0,,,800,,4.8,,,,,,,,,,,,,,,,,,,0,,,,,,,,
E513,Additional Raw Ingredients,"Raspberries, raw",USDA_FDC,Raw_Ingredient,52,220,1.2,11.9,0.65,4.42,6.5,,,19,64,375,0,25,29,22,1,151,0.69,0.42,0.09,0.2,0.002,,164,,,0.87,7.8,,0.032,0.038,0.598,0.329,0.055,,21,26.2,,,,,,,,
G543,Additional Raw Ingredients,RICE VINEGAR,USDA_FDC,Raw_Ingredient,0,0,0,0,0,0,,,,,,,0,,,,,,,,,,,,,,,,,,,,,,,,,,,,,,,,,
B511,Additional Raw Ingredients,ROASTED CHICKPEAS,USDA_FDC,Raw_Ingredient,286,1196.624,17.86,60.71,7.14,3.57,21.4,,,0,,,0,36,,,679,821,4.64,0,,,,,,,,,,,,,,,,,,,,,,,,,,
H503,Additional Raw Ingredients,"Seeds, lotus seeds, dried",USDA_FDC,Raw_Ingredient,332,1390,15.4,64.5,1.97,,,,,330,388,1170,0,163,626,210,5,1370,3.53,1.05,0.35,,0,,,,,,,,0.64,0.15,1.6,0.851,0.629,,104,0,,,,,,,,
G535,Additional Raw Ingredients,"SIVA'S, AMHUR POWDER (DRY MANGO POWDER)",USDA_FDC,Raw_Ingredient,360,1506.24,0,90,0,0,20,,,0,,,0,200,,,3000,,0,,,,,,,,,,,,,,,,,,,12,,,,,,,,
L514,Additional Raw Ingredients,"Sour cream, regular",USDA_FDC,Raw_Ingredient,198,828.432,2.44,4.63,19.35,3.41,0,,,10140,4594,800,59,101,76,10,31,125,0.07,0.33,0.018,3.7,121,,30,,,0.38,1.5,,0.02,0.168,0.093,,0.041,,6,0.9,,,,,,,,
B508,Additional Raw Ingredients,"Soybeans, mature seeds, raw",USDA_FDC,Raw_Ingredient,446,1870,36.5,30.2,19.9,7.33,9.3,,,2880,4400,11300,0,277,704,280,2,1800,15.7,4.89,1.66,17.8,0,,13,,,0.85,47,,0.874,0.87,1.62,0.793,0.377,,375,6,,,,,,,,
G555,Additional Raw Ingredients,"Spices, onion powder",USDA_FDC,Raw_Ingredient,341,1430,10.4,79.1,1.04,6.63,15.2,,,219,202,310,0,384,322,113,73,985,3.9,4.05,0.59,14.3,0,,0,,,,4.1,,0.457,0.08,0.321,0.732,0.718,,64,23.4,,,,,,,,
G537,Additional Raw Ingredients,STAR ANISE,USDA_FDC,Raw_Ingredient,0,0,0,0,0,,,,,,,,,,,,0,,,,,,,,,,,,,,,,,,,,,,,,,,,,,
W505,Additional Raw Ingredients,STRAWBERRY JAM,USDA_FDC,Raw_Ingredient,225,941.4,0,60,0,35,0,,,0,,,0,5,,,0,40,0,,,,,,,,,,,,,,,,,,,,,,,,,,,
A512,Additional Raw Ingredients,"SWEET SUNNAH, WHOLE BLACK SEEDS NIGELLA SATIVA",USDA_FDC,Raw_Ingredient,400,1673.6,16.67,50,33.33,0,0,,,0,,,0,0,,,0,,12,,,,,,,,,,,,,,,,,,,0,,,,,,,,
I511,Additional Raw Ingredients,"TUTTI FRUTTI GUMBALLS, TUTTI FRUTTI",USDA_FDC,Raw_Ingredient,500,2092,0,100,0,66.67,0,,,0,,,0,0,,,0,0,0,,,,,,,,,,,,,,,,,,,,,,,,,,,
G544,Additional Raw Ingredients,Vanilla extract,USDA_FDC,Raw_Ingredient,288,1200,0.06,12.6,0.06,12.6,0,,,10,10,4,0,11,6,12,9,148,0.12,0.11,0.072,0,0,,0,,,0,0,,0.011,0.095,0.425,0.035,0.026,0,0,0,,,,,,,,
G538,Additional Raw Ingredients,"Vinegar, distilled",USDA_FDC,Raw_Ingredient,18,76,0,0.04,0,0.04,0,,,0,0,0,0,6,4,1,2,2,0.03,0.01,0.006,0.5,0,,0,,,0,0,,0,0,0,0,0,0,0,0,,,,,,,,
L517,Additional Raw Ingredients,"Whey, acid, fluid",USDA_FDC,Raw_Ingredient,24,100,0.76,5.12,0.09,5.12,0,,,57,25,4,1,103,78,10,48,143,0.08,0.43,0.03,1.8,2,,,,,0,0,,0.042,0.14,0.079,0.381,0.042,,2,0.1,,,,,,,,
U507,Additional Raw Ingredients,WHITE HAMBURGER BUNS,USDA_FDC,Raw_Ingredient,256,1071.104,9.3,48.84,3.49,6.98,2.3,,,0,0,2330,0,47,,,465,,2.51,,,,,,,,,,,,1,0.316,4.651,,,,93,0,,,,,,,,
U508,Additional Raw Ingredients,WHOLE WHEAT HAMBURGER BUNS,USDA_FDC,Raw_Ingredient,245,1025.08,11.32,45.28,3.77,5.66,5.7,,,0,0,1890,0,75,,,453,,2.04,0,,,0,,,,,,,,0,0.128,3.019,0,,,0,0,,,,,,,,
ASC001,Indian Recipes,Hot tea (Garam Chai),INDB,Cooked_Recipe,16.1443,68.1615,0.3879,2.5819,0.5321,2.576,0,,,321.4964,144.1805,16.3895,0,14.2043,11.5012,1.0356,3.1188,13.9454,0.0216,0.0411,0.0059,0.1128,0,,23.753,0,0,0.0261,0.0019,0,0.0036,0.0132,0.0095,0.0407,0.0048,0.2423,0.8563,0.2387,,1,2,33.9837,0.8165,5.435,1.12,0
ASC002,Indian Recipes,Instant coffee,INDB,Cooked_Recipe,23.1558,97.7667,0.6407,3.6533,0.7467,3.615,0,,,451.1667,202.3333,23,0,20.8667,18.1867,3.6333,4.9167,44.5,0.061,0.065,0.0123,0.2183,0,,33.3333,0,0,0.0367,0.0287,0,0.0053,0.0197,0.1787,0.0567,0.0068,0.7767,1.245,0.335,,1,1,104.2012,2.883,16.44,3.36,0
ASC003,Indian Recipes,Espreso coffee,INDB,Cooked_Recipe,51.5434,216.9968,1.747,6.6205,2.1382,6.5338,0,,,1291.6719,580.1577,66.2145,0,58.1041,50.2492,8.5741,13.9779,103.8643,0.1476,0.1915,0.0382,0.5631,0,,94.6372,0,0,0.1054,0.0543,0,0.0148,0.0549,0.3527,0.1618,0.0192,1.8107,3.4874,0.9511,,1,1,81.6963,2.769,10.4935,3.389,0
ASC004,Indian Recipes,Iced tea,INDB,Cooked_Recipe,10.3422,44.0906,0.028,2.7016,0.0109,2.7016,0,,,5.4688,0,5.4688,0,1.1797,0.5844,0.3906,0.2344,5.2156,0.0214,0.008,0.0031,0.0547,0,,0.2188,0,0,0,0.0017,0,0.0016,0.0007,0.0055,0.0068,0.0027,0.0062,0.4016,1.8594,,1,1,33.095,0.0895,8.645,0.035,0
ASC005,Indian Recipes,Raw mango drink (Aam panna),INDB,Cooked_Recipe,35.9182,152.3948,0.157,9.0475,0.0263,7.4908,0.612,,,6.1383,5.8882,9.4306,0,7.0777,3.3352,4.2486,79.825,31.453,0.1355,0.029,0.0258,0.0477,0,,167.1862,1.4603,0,0.1725,3.4437,0,0.0041,0.0045,0.0529,0.0257,0.0251,0.273,5.2336,16.8721,,1,2,96.4404,0.4216,24.2924,0.0707,1.6433
ASC006,Indian Recipes,Fruit Punch (with fresh juices),INDB,Cooked_Recipe,36.1168,153.8873,0.1393,9.3806,0.0325,9.2456,0.0601,,,6.2067,1.3017,10.082,0,5.068,10.2425,3.1967,2.6321,33.4328,0.102,0.0226,0.0098,0.0305,0,,45.5349,0.0491,0,0.0465,0.5613,0,0.0167,0.0043,0.0407,0.0433,0.0141,0.1524,4.5141,7.6128,,1,2,196.5966,0.7585,51.0618,0.1769,0.3269
ASC007,Indian Recipes,Fruit Punch (with squashes),INDB,Cooked_Recipe,23.1283,98.2245,0.0723,5.9899,0.0168,5.8834,0.1682,,,5.23,1.6314,7.0737,0,3.3009,9.2651,1.8843,2.2575,16.6499,0.0615,0.0119,0.007,0.0354,0,,55.6862,0.0536,0,0.028,0.6523,0,0.0047,0.0024,0.0179,0.0165,0.0084,0.0782,1.8159,2.9995,,1,2,116.2971,0.3638,30.1191,0.0847,0.8459
ASC008,Indian Recipes,Lemonade,INDB,Cooked_Recipe,20.799,88.6614,0.0348,5.4786,0.0105,5.472,0.0169,,,4.6528,0.0379,5.3028,0,1.8397,0.6686,0.7301,28.5236,5.7301,0.0479,0.0117,0.0073,0.0738,0,,53.6951,0.0096,0,0.0013,0.4696,0,0.0013,0.001,0.0064,0.0061,0.0026,0.0063,0.6042,1.5094,,1,2,72.6404,0.1216,19.1339,0.0365,0.0589
ASC009,Indian Recipes,Lem-o-gin,INDB,Cooked_Recipe,21.5174,91.6328,0.0808,5.552,0.0281,5.3845,0.1292,,,9.4114,1.466,13.2011,0,2.1979,1.5871,1.8639,28.1348,14.1661,0.0869,0.0196,0.0099,0.0723,0,,59.4828,0.0954,0,0.008,0.9968,0,0.0022,0.0018,0.0151,0.011,0.0068,0.0287,0.8189,1.5918,,1,2,76.7632,0.2881,19.8067,0.1002,0.4609
ASC010,Indian Recipes,Cumin infused water (Jeere/Zeere ka pani),INDB,Cooked_Recipe,9.0898,38.2272,0.1695,1.8644,0.1105,1.4616,0.4635,,,14.5011,40.0365,33.5278,0,10.8438,4.4721,5.2801,189.5951,32.1512,0.315,0.0427,0.0175,0.1295,0,,64.0937,0.5719,0,0.0135,1.7687,0,0.0097,0.0033,0.049,0.0109,0.0066,0.0348,0.9267,1.0663,,1,2,30.8031,0.5745,6.3179,0.3744,1.5708
ASC011,Indian Recipes,Coco pine cooler,INDB,Cooked_Recipe,32.7488,138.4729,0.5551,5.7177,1,5.5234,0.2572,,,627.3115,248.961,41.4986,3.4012,17.8104,13.4688,6.5913,23.1958,66.6499,0.1258,0.0691,0.0142,0.3051,10.5275,,96.5533,0.0671,0,0.0675,0.8438,0,0.0254,0.0431,0.0548,0.1425,0.0184,0.2913,2.9245,2.4687,,1,1,141.5401,2.3989,24.7118,4.3219,1.1118
ASC012,Indian Recipes,Summer cooler,INDB,Cooked_Recipe,22.4288,95.2165,0.3739,5.4316,0.0354,5.2122,0.1967,,,10.7133,1.8733,16.8468,0,8.1299,11.456,7.6234,1.5735,93.0632,0.2768,0.0429,0.0083,0.1687,0,,219.7472,0.1387,0,0.1544,2.3116,0,0.0346,0.0126,0.1075,0.123,0.0288,0.454,12.9169,20.9225,,1,1,110.9465,1.8496,26.8681,0.1751,0.9731
ASC014,Indian Recipes,Hot cocoa,INDB,Cooked_Recipe,90.1,378.2356,3.3628,9.234,4.5628,9.0063,0,,,2752.1467,1257.1727,139.4764,0,113.6649,101.4073,16.0545,24.2031,132.1466,0.3147,0.4236,0.0946,0.8953,0,,189.11,0,0,0.218,0.0236,0,0.0308,0.1046,0.1021,0.3204,0.0388,1.866,7.222,1.8942,,1,1,172.091,6.423,17.637,8.715,0
ASC015,Indian Recipes,Cold coffee with ice cream,INDB,Cooked_Recipe,67.8488,286.607,1.5701,11.2448,2.1095,11.1801,0.008,,,1283.9801,567.9602,67.6617,1.1701,53.2935,44.9791,7.2557,13.8448,90.2687,0.1238,0.1622,0.0285,0.5075,3.6219,,81.393,0,0,0.1071,0.0428,0,0.0163,0.057,0.2866,0.1771,0.0177,1.5423,3.1463,0.8398,,1,1,204.564,4.734,33.903,6.36,0.024
ASC016,Indian Recipes,Banana milkshake (Kele milkshake),INDB,Cooked_Recipe,65.3064,274.3271,1.8433,9.1456,2.3712,7.956,0.2559,,,1423.068,634.1685,87.1896,0,62.6391,52.7722,7.9166,13.6087,102.4255,0.1318,0.1931,0.0339,0.4949,0,,134.2981,0.0232,0,0.125,0.2547,0,0.0168,0.0622,0.0985,0.2178,0.08,1.2098,5.7384,1.9803,,1,1,225.6338,6.3686,31.598,8.1926,0.884
ASC017,Indian Recipes,Mango milkshake (Aam milkshake),INDB,Cooked_Recipe,56.9011,239.128,1.7268,7.2315,2.3459,7.1485,0.2644,,,1394.571,633.5583,88.4501,0,62.3333,50.4987,6.1713,13.2737,79.0661,0.1548,0.1877,0.0335,0.7496,0,,301.5471,0.5218,0,0.1508,0.6709,0,0.0194,0.0616,0.0783,0.1891,0.0372,1.2276,15.0996,5.6549,,1,1,202.2835,6.1386,25.708,8.3396,0.94
ASC018,Indian Recipes,Pineapple milkshake (Ananas milkshake),INDB,Cooked_Recipe,55.7177,235.0617,1.6593,7.6247,2.2288,7.6,0,,,1336.7902,599.5062,68.1481,0,59.9177,47.8815,5.1424,14.0543,65.679,0.1136,0.1827,0.0221,0.4691,0,,100.0823,0,0,0.1136,0,0,0.0247,0.056,0.056,0.1794,0.028,0.9778,4.7885,2.8033,,1,1,203.091,6.048,27.792,8.124,0
ASC019,Indian Recipes,Orange milkshake (Narangi milkshake),INDB,Cooked_Recipe,57.415,241.5023,1.8648,7.107,2.5239,7.0789,0,,,1525.0704,683.9437,77.7465,0,67.4178,55.4704,5.3033,14.6254,73.4272,0.1061,0.1897,0.0214,0.5352,0,,115.2582,0,0,0.1404,0,0,0.0207,0.0629,0.0545,0.2042,0.0249,1.1624,5.2751,3.3859,,1,1,183.441,5.958,22.707,8.064,0
ASC020,Indian Recipes,Egg nog,INDB,Cooked_Recipe,97.1414,407.6771,4.7763,8.145,5.1104,8.0617,0.0198,,,2633.5073,1536.2059,299.5503,60.2965,102.1318,107.2353,8.9941,40.6476,115.14,0.4306,0.4703,0.0422,7.4256,32.6194,,180.5287,0.0769,0.1384,0.4247,0.1004,2.4069,0.0337,0.1187,0.0836,0.5117,0.0582,4.5733,13.8075,1.5895,,1,1,294.8243,14.4961,24.7202,15.5102,0.06
ASC021,Indian Recipes,Sweet Lassi (Meethi lassi),INDB,Cooked_Recipe,35.661,151.1864,1.2881,6.5085,0.678,6.5085,0,,,431.6384,178.5311,22.5989,2.4859,45.6497,38.4633,4.3842,18.3051,63.5028,0.0316,0.1627,0.0054,0.452,6.3277,,4.7458,0,0,0.0113,0,0,0.0136,0.061,0.0452,0.113,0.0226,0.5876,4.0678,0.226,,1,1,157.8,5.7,28.8,3,0
ASC022,Indian Recipes,Lassi (salted),INDB,Cooked_Recipe,18.8449,79.4294,1.3549,1.8562,0.7186,1.8437,0.0179,,,451.6356,191.6001,26.1742,2.5989,47.7838,40.3922,4.8399,65.4017,67.3739,0.0361,0.168,0.0008,0.4749,6.6155,,5.2882,0.0071,0,0.0127,0.0862,0,0.0145,0.0639,0.0489,0.1183,0.0239,0.615,4.2692,0.241,,1,1,79.7612,5.7348,7.8566,3.0416,0.0759
ASC023,Indian Recipes,Cheese and chilli sandwich,INDB,Cooked_Recipe,218.1147,916.6547,6.7956,27.4014,9.7804,2.3799,2.0787,,,5276.3911,2277.0017,351.3722,23.0493,113.7892,89.9776,18.8592,437.5008,142.3139,0.9906,0.5553,0.0961,4.571,97.3991,,518.1121,0.2407,0,0.2523,5.8538,0,0.1366,0.0928,1.0011,0.0973,0.0748,1.7717,28.9502,22.0628,,2,1,121.5989,3.7885,15.2763,5.4526,1.1589
ASC024,Indian Recipes,Egg sandwich (Ande ka sandwich),INDB,Cooked_Recipe,285.9571,1198.2463,8.6947,29.1572,15.7977,1.8636,1.8776,,,8437.2119,4047.3547,733.8719,121.6256,110.133,107.3153,18.8793,461.6703,129.5862,1.4419,0.7701,0.1115,14.1583,190.3448,,134.0345,0.1265,0.2069,0.6989,1.936,3.5985,0.1451,0.099,0.9771,0.3709,0.0821,4.5394,29.3985,0,,2,1,145.1232,4.4125,14.7973,8.0174,0.9529
ASC025,Indian Recipes,Cucumber sandwich (Kheere ka sandwich),INDB,Cooked_Recipe,188.5979,792.8148,4.7984,25.7651,7.9977,1.6433,2.4492,,,4322.5142,1808.7242,287.5268,17.5309,87.8354,62.3004,21.6049,362.6423,154.0576,1.0194,0.4561,0.0948,3.5767,78.8477,,129.5432,0.6242,0,0.2052,4.6872,0,0.1171,0.0448,0.9377,0.1905,0.0604,1.1913,21.3411,2.5144,,2,1,114.5732,2.915,15.6523,4.8586,1.4879
ASC026,Indian Recipes,Cheese and pineapple sandwich (Cheese aur ananas ka sandwich),INDB,Cooked_Recipe,257.7143,1080.7803,8.1965,29.1019,12.7975,4.1019,2.3299,,,7259.1821,3109.009,440.2978,34.3498,199.7318,195.3695,21.5211,571.9564,143.3901,1.0444,0.9051,0.0979,4.7324,134.3498,,97.0018,0.1528,0,0.394,2.148,0,0.1384,0.0946,0.9043,0.1368,0.0748,1.2264,21.6605,6.5238,,2,1,143.6757,4.5696,16.2243,7.1346,1.2989
ASC027,Indian Recipes,Cheese and tomato sandwich (Cheese aur tamatar ke sandwich),INDB,Cooked_Recipe,243.3199,1020.4464,7.9185,26.9224,12.2744,2.8469,1.9749,,,6949.0835,2976.7725,438.7382,32.8755,191.2017,187.9721,20.9657,549.7085,148.5236,0.9988,0.8727,0.0903,4.5156,128.5837,,1328.2361,2.6488,0,0.3471,6.8197,0,0.1324,0.0897,0.9543,0.1472,0.0664,1.2274,20.9115,5.4227,,2,1,141.7339,4.6125,15.6823,7.1498,1.1504
ASC028,Indian Recipes,Chicken sandwich,INDB,Cooked_Recipe,253.2727,1063.5793,13.1241,25.3773,11.7487,1.5979,1.6359,,,4795.6826,2264.6052,412.4721,42.0579,89.5575,121.5665,21.588,389.6656,196.0773,1.1863,0.704,0.186,10.8263,84.9202,,61.7124,0.1102,0.533,0.3175,1.3691,10.7382,0.1522,0.0656,3.941,0.4498,0.2419,1.6197,19.0622,0,,2,1,147.5313,7.6448,14.7823,6.8436,0.9529
ASC029,Indian Recipes,Peanut and tomato sandwich (Moongfali aur tamatar ka sandwich),INDB,Cooked_Recipe,291.4269,1223.0618,9.5289,28.5449,16.1376,2.8161,4.0295,,,5981.6318,5583.6953,2667.5967,17.5309,94.0329,134.2695,56.1934,364.9901,252.823,1.5832,1.0631,0.2759,4.2084,78.8477,,1274.9753,4.0007,0,1.1229,6.7901,0,0.2344,0.0695,3.234,0.2502,0.0995,0.5864,36.2794,5.1996,,2,1,177.0419,5.7888,17.341,9.8036,2.4479
ASC030,Indian Recipes,Rainbow sandwich,INDB,Cooked_Recipe,272.7514,1145.5657,7.7466,34.2639,12.5396,4.0453,2.1028,,,7021.9561,2934.21,411.2227,31.1553,172.0381,149.8506,20.4275,612.4858,143.9744,1.2038,0.7626,0.1014,4.9985,128.3847,,188.0873,0.1296,0,0.3615,2.1474,0,0.2001,0.0907,1.1559,0.0823,0.0598,0.6839,21.6939,2.1174,,2,2,130.4434,3.7048,16.3867,5.9971,1.0057
ASC031,Indian Recipes,Club sandwich,INDB,Cooked_Recipe,235.3242,982.3528,7.3101,18.5084,15.1215,2.0133,1.8082,,,6110.9004,5725.7075,1625.3755,31.2603,115.6785,128.0249,18.5996,461.6602,168.9986,0.862,0.8746,0.0784,3.7313,80.8819,,918.3343,1.9135,0,1.1883,13.5616,0,0.1593,0.0876,1.3326,0.3565,0.1042,1.9772,19.822,6.8286,,2,2,206.7911,6.4238,16.2643,13.2881,1.589
ASC032,Indian Recipes,Vegetarian club sandwich,INDB,Cooked_Recipe,198.3293,829.6742,5.4513,19.6842,11.3292,2.0804,2.0567,,,4721.687,3935.8149,1208.3846,23.1312,122.4392,120.4916,18.6538,305.3633,159.7677,0.7747,0.5756,0.0741,3.1118,85.7617,,973.7391,3.2681,0,1.2328,15,0,0.0971,0.067,0.7784,0.2036,0.0743,1.8087,21.1555,7.2406,,2,2,164.3654,4.5178,16.3133,9.3891,1.7045
ASC033,Indian Recipes,Pin wheel sandwich,INDB,Cooked_Recipe,311.5206,1295.3992,8.7669,14.0041,24.9347,1.4543,0.929,,,2856.2959,13907.457,5907.9644,179.5157,67.7534,111.5919,13.6906,374.3905,110.296,1.3601,0.802,0.0782,20.0723,109.7758,,70.4888,0.1152,0.3767,6.6505,0.7668,6.5516,0.0864,0.1313,0.4836,0.7009,0.116,8.3834,32.439,0,,2,2,86.8364,2.4438,3.9036,6.9506,0.2589
ASC034,Indian Recipes,Carrot apple sandwich (Gajar aur seb ka sandwich),INDB,Cooked_Recipe,214.1118,899.8165,5.2974,29.045,9.124,5.2952,3.656,,,5161.1958,2211.0293,628.9769,21.054,118.0475,97.7648,31.4888,302.8827,228.8175,1.7975,0.7803,0.1381,3.5991,89.3059,,2220.1426,0.4531,0,0.2473,14.8988,0,0.1266,0.068,1.4393,0.2091,0.0961,1.7127,22.3164,2.7807,,1,2,208.2238,5.1517,28.2462,8.8731,3.5555
ASC035,Indian Recipes,Salami sandwich,INDB,Cooked_Recipe,255.5937,1068.3502,8.6957,21.5385,15.5099,1.9964,1.9696,,,6875.0425,5531.6787,1238.0822,33.3468,73.5428,88.6135,20.8094,662.7457,194.0606,1.1068,1.0506,0.1034,4.5176,64.5118,,104.0303,0.4259,0,0.2192,3.537,0,0.2521,0.0905,2.0682,0.5057,0.1284,2.3875,17.034,1.6862,,2,1,189.7783,6.4565,15.9923,11.5161,1.4624
ASC036,Indian Recipes,Vegetable and mayonnaise sandwich,INDB,Cooked_Recipe,244.2625,1020.2284,4.4737,23.2014,15.3984,2.3489,2.3512,,,4467.5981,6614.5972,2487.481,21.8741,79.5275,55.5543,16.6997,342.6958,143.1025,0.9148,0.4168,0.0917,3.168,78.6969,,2218.2527,1.7921,0,2.6631,9.3746,0,0.1127,0.057,0.8636,0.1056,0.0832,0.9821,24.9682,18.8871,,2,1,166.8313,3.0555,15.8466,10.5171,1.6059
ASC037,Indian Recipes,Egg and tomato sandwich (Ande aur tamatar ka sandwich),INDB,Cooked_Recipe,222.1064,933.2311,7.6555,25.903,10.5092,2.0917,1.7675,,,5164.0557,2761.6619,611.979,95.6302,95.7122,95.4674,18.105,423.2587,150.4664,1.3034,0.6895,0.1014,12.1602,124.2857,,790.6681,1.3505,0.1765,0.665,3.8739,3.0693,0.1372,0.0853,0.9878,0.3517,0.0902,4.0787,27.4502,3.3267,,2,1,132.1533,4.555,15.4123,6.253,1.0517
ASC038,Indian Recipes,Sweet open sandwich,INDB,Cooked_Recipe,244.2458,1026.9323,4.9854,39.2437,8.1539,12.2308,2.3566,,,4453.8125,1778.4857,289.9661,18.0508,85.1844,60.4956,22.7444,205.2708,230.9661,1.1461,0.4261,0.1303,3.6224,81.1864,,146.678,0.1275,0,0.2286,1.4281,0,0.1183,0.0564,0.9925,0.13,0.2142,0.5637,22.122,2.8017,,2,1,144.105,2.9414,23.1538,4.8108,1.3904
ASC039,Indian Recipes,Mushroom and cheese sandwich (toasted),INDB,Cooked_Recipe,227.4191,951.3004,7.7855,21.0129,13.0081,2.1067,2.2844,,,7548.3267,3185.627,525.3333,35.1155,172.3531,196.8515,21.1617,456.5712,198.3696,0.8439,0.7982,0.0929,3.6374,139.4059,,83.198,6.8636,0,0.3131,5.6865,0,0.1005,0.0861,0.8774,0.2469,0.0798,4.0016,16.7653,0,,2,1,172.27,5.8975,15.9173,9.8536,1.7304
ASC040,Indian Recipes,Cheese and tomato sandwich (toasted) (Cheese aur tamatar ke sandwich (toasted)),INDB,Cooked_Recipe,224.5795,939.4192,6.8218,21.4156,12.9519,2.6743,1.7794,,,7543.2969,3193.4421,477.8086,35.1155,169.2244,173.2013,19.0363,457.9376,148.5347,0.8208,0.7783,0.0764,3.6374,139.4059,,2005.9703,3.989,0,0.3824,9.5215,0,0.1104,0.0828,0.8213,0.1644,0.0666,1.3151,19.1184,8.3399,,2,1,170.119,5.1675,16.2223,9.8111,1.3479
ASC041,Indian Recipes,Pea potato sandwich (toasted) (Matar aloo ka sandwich),INDB,Cooked_Recipe,164.9007,692.5998,4.6049,25.1684,5.4272,1.3328,2.8859,,,576.4678,962.9065,2954.1785,0,64.1531,61.7998,26.6629,262.6282,342.7329,1.1072,0.5198,0.1238,2.8951,0,,289.2605,1.747,0,2.311,7.8627,0,0.1357,0.0357,1.1999,0.26,0.1038,1.1096,23.6371,15.8746,,2,1,146.5555,4.0926,22.3684,4.8234,2.5648
ASC042,Indian Recipes,Paneer pea sandwich (toasted) (Paneer matar ka sandwich),INDB,Cooked_Recipe,249.5557,1046.8052,12.4001,24.0522,11.9757,6.3961,2.1163,,,4540.4351,2891.9888,3093.7004,0,274.102,190.781,27.8106,268.8977,127.8379,1.2557,1.6269,0.1283,12.9722,0,,282.9596,1.72,0,2.293,6.9085,0,0.1177,0.0762,0.7903,0.3095,0.0768,9.9714,58.6525,5.4555,,2,1,221.7926,11.0206,21.3764,10.6434,1.8808
ASC043,Indian Recipes,Chicken sandwich (toasted),INDB,Cooked_Recipe,167.368,705.5848,12.0811,18.8194,5.3156,2.1343,1.642,,,1141.7766,725.9234,213.0877,26.5673,99.9865,147.9491,20.6667,327.5488,203.5556,0.9889,0.7337,0.1691,9.3583,18.2316,,316.1491,0.2423,0.4842,0.1797,4.0041,9.7544,0.1265,0.0652,3.5031,0.4991,0.2446,2.6219,24.2219,15.1684,,2,1,143.0996,10.3293,16.0905,4.5448,1.4039
ASC044,Indian Recipes,Pea keema sandwich (toasted) (Matar aur keema ka sandwich),INDB,Cooked_Recipe,171.7752,723.4984,11.055,20.2555,5.6114,1.9431,2.4534,,,2222.3679,1918.946,274.9151,27.2921,70.7867,115.5461,26.1922,290.0723,234.3514,1.5066,1.6954,0.1284,3.4358,1.7722,,216.2008,1.8314,0,0.142,7.4915,0,0.1614,0.0977,2.5101,0.4479,0.1445,1.5444,21.6147,6.5001,,2,1,145.3905,9.357,17.1443,4.7495,2.0766
ASC045,Indian Recipes,Classic club sandwich,INDB,Cooked_Recipe,200.831,840.3043,6.7364,18.4916,11.5626,1.8572,1.6238,,,4632.5327,4002.4001,1496.1072,62.8747,107.7265,127.9779,20.0158,277.4922,167.5682,1.0938,0.7267,0.0804,7.8782,97.1633,,1056.7964,1.172,0.094,1.4328,20.7882,1.6342,0.1141,0.0841,0.8756,0.3563,0.101,3.5418,25.459,7.2448,,1,2,448.8573,15.0558,41.3287,25.8424,3.6293
ASC046,Indian Recipes,Sesame toast,INDB,Cooked_Recipe,495.1863,2042.6948,1.8991,11.147,49.3782,1.4626,1.319,,,5926.6323,10168.2275,30988.8066,0,43.4448,36.6673,15.3367,128.7752,172.985,0.7189,0.2951,0.0728,1.3891,0,,744.6355,1.027,0,23.9089,7.0517,0,0.0742,0.0182,0.5643,0.1129,0.0562,0.5966,14.2006,11.0753,,4,2,309.182,1.1858,6.9599,30.8305,0.8235
ASC047,Indian Recipes,Cracked wheat porridge (Meetha daliya),INDB,Cooked_Recipe,81.5651,341.0869,2.6427,8.871,4.0806,5.1179,0.6203,,,1828.1638,1007.4442,870.9677,0,75.8809,59.9206,5.1762,15.8933,71.4392,0.3216,0.2067,0.0211,0.5893,0,,124.0695,0,0,0.7471,0.0782,0,0.0186,0.0682,0.0496,0.2109,0.0248,1.2283,4.361,1.2469,,1,1,328.7075,10.65,35.75,16.445,2.5
ASC048,Indian Recipes,Semolina porridge (Suji/Rava daliya),INDB,Cooked_Recipe,100.8944,423.0576,3.7504,12.3871,4.082,7.5378,0.6993,,,2440.7461,1096.5712,147.482,0,108.5165,95.4245,10.2295,23.2058,123.9928,0.355,0.4529,0.0635,1.6406,0,,199.7122,0.5892,0,0.2122,0.0863,0,0.0478,0.1018,0.1532,0.3597,0.0439,1.8122,8.1694,1.8076,,1,1,280.4863,10.426,34.436,11.348,1.944
ASC050,Indian Recipes,Oatmeal Porridge,INDB,Cooked_Recipe,72.8536,306.4573,2.5955,8.7663,3.2211,5.1972,0.392,,,1764.6985,918.8442,246.9849,0.0151,76.8342,80.1206,10.9698,16.1432,91.0302,0.2812,0.3249,0.0398,0.7475,0,,125.6281,0,0,0.1678,0,0,0.0716,0.0716,0.0905,0.2513,0.0422,2.1985,6.0239,1.2626,,1,1,289.9575,10.33,34.89,12.82,1.56
ASC051,Indian Recipes,Cornflakes with milk,INDB,Cooked_Recipe,117.3266,493.705,3.5914,14.9482,5.1194,9.9734,0.777,,,2784.8201,1530.4316,370.5755,0,106.4748,108.4259,14.9755,26.5482,132.8777,0.4245,0.4604,0.0617,1.4676,0,,172.6619,0,0,0.3388,0,0,0.136,0.2094,0.5007,0.3281,0.0529,2.6698,15.7813,1.7353,,1,1,326.168,9.984,41.556,14.232,2.16
ASC052,Indian Recipes,Rice flakes (Chiwda/Aval),INDB,Cooked_Recipe,112.4403,471.3669,3.6173,15.5687,3.9906,7.2799,0.3734,,,2367.6257,1093.9209,181.4029,0,103.15,104.4331,15.6144,22.4022,115.3957,0.6165,0.4486,0.0574,0.8201,0,,176.2888,0,0,0.1953,0.1079,0,0.0388,0.0993,0.2417,0.3453,0.0367,1.7514,6.982,1.7353,,1,1,312.584,10.056,43.281,11.094,1.038
ASC053,Indian Recipes,Wheat flakes,INDB,Cooked_Recipe,112.4403,471.3669,3.6173,15.5687,3.9906,7.2799,0.3734,,,2367.6257,1093.9209,181.4029,0,103.15,104.4331,15.6144,22.4022,115.3957,0.6165,0.4486,0.0574,0.8201,0,,176.2888,0,0,0.1953,0.1079,0,0.0388,0.0993,0.2417,0.3453,0.0367,1.7514,6.982,1.7353,,1,1,312.584,10.056,43.281,11.094,1.038
ASC054,Indian Recipes,Murmura (Puffed rice),INDB,Cooked_Recipe,113.3172,475.036,3.6205,15.6691,4.0424,7.3122,0.2763,,,2342.033,1052.3494,123.9712,0,103.7867,99.7928,14.1759,22.5219,114.5324,0.6263,0.4442,0.0563,0.8201,0,,178.1072,0,0,0.1942,0.1079,0,0.0378,0.0993,0.2709,0.3345,0.0421,1.8453,6.0691,1.7353,,1,1,315.0218,10.065,43.56,11.238,0.768
ASC055,Indian Recipes,Puffed wheat (Murmure/Moori),INDB,Cooked_Recipe,113.3172,475.036,3.6205,15.6691,4.0424,7.3122,0.2763,,,2342.033,1052.3494,123.9712,0,103.7867,99.7928,14.1759,22.5219,114.5324,0.6263,0.4442,0.0563,0.8201,0,,178.1072,0,0,0.1942,0.1079,0,0.0378,0.0993,0.2709,0.3345,0.0421,1.8453,6.0691,1.7353,,1,1,315.0218,10.065,43.56,11.238,0.768
ASC056,Indian Recipes,Boiled egg (Ubla anda),INDB,Cooked_Recipe,45.3546,189.7682,4.4309,0.1199,3.0389,0.0011,0.1098,,,981.6357,1154.1821,385.0199,121.1921,17.745,61.7384,4.8775,170.9407,50.9139,0.6431,0.4117,0.0293,13.4309,65.5629,,52.0497,0.085,0.2781,0.5042,0.5662,4.8377,0.0201,0.0632,0.0392,0.4877,0.0539,6.0513,16.4036,0,,1,1,68.4855,6.6906,0.1811,4.5887,0.1658
ASC057,Indian Recipes,Fried Egg,INDB,Cooked_Recipe,223.6674,928.1905,11.5855,0.3136,19.6224,0.0028,0.2871,,,3969.2986,5413.9653,8405.4199,316.8831,46.3983,161.4286,12.7532,446.9617,133.1255,1.6932,1.0765,0.0777,35.118,171.4286,,136.0952,0.2223,0.7273,7.0713,2.2169,12.6494,0.0525,0.1653,0.1026,1.2753,0.1409,15.8224,42.8908,0,,1,1,129.168,6.6906,0.1811,11.3319,0.1658
ASC058,Indian Recipes,Poached egg,INDB,Cooked_Recipe,123.8669,518.0536,11.9761,0.3662,8.1941,0.0457,0.2961,,,2646.9106,3112.1697,1038.1786,326.7857,48.2411,167.2054,14.7946,1163.0721,141.3036,1.7465,1.1191,0.0811,36.2869,176.7857,,140.3482,0.2293,0.75,1.3596,1.5268,13.0446,0.0541,0.1704,0.1058,1.3152,0.1453,16.3169,44.2312,0,,1,1,69.3655,6.7066,0.2051,4.5887,0.1658
ASC059,Indian Recipes,Scrambled egg (Ande ki bhurji),INDB,Cooked_Recipe,155.971,649.5143,10.2909,1.3516,12.2124,1.0844,0.2369,,,5674.1714,3944.7358,1021.8286,273.6,64.5929,155.1843,12.41,374.6563,136.0143,1.4194,0.9646,0.0701,29.1759,196.1714,,189.8786,0.1834,0.6,1.2405,1.6443,10.4357,0.0497,0.1639,0.1018,1.1279,0.1248,13.4892,36.8914,0.4307,,1,1,109.1797,7.2036,0.9461,8.5487,0.1658
ASC060,Indian Recipes,Baked egg,INDB,Cooked_Recipe,218.847,916.6337,11.8818,15.4169,12.6522,1.665,1.0255,,,6173.0396,3702.292,838.9901,204.3564,164.0545,236.0148,17.9356,523.2875,143.6931,1.4812,1.2146,0.0858,22.9016,185.5446,,122.0247,0.1271,0.4158,0.9508,1.4505,7.2327,0.1043,0.1559,0.5488,0.8208,0.1117,9.8886,35.3658,0,,1,1,221.0355,12.0006,15.5711,12.7787,1.0358
ASC061,Indian Recipes,Plain omelette/omlet,INDB,Cooked_Recipe,272.411,1127.4265,9.6641,0.6448,25.7403,0.5141,0.1159,,,4620.5034,6433.8564,12775.5801,255.9441,48.4021,140.0063,10.2182,226.1814,114.0769,1.35,0.8994,0.0604,28.4218,138.4615,,123.1434,0.0898,0.5874,10.3767,1.7874,10.2168,0.0453,0.1447,0.0883,1.0647,0.117,12.9751,35.3035,0.2108,,1,1,389.5477,13.8196,0.9221,36.8087,0.1658
ASC062,Indian Recipes,Stuffed egg omelette/omlet,INDB,Cooked_Recipe,203.5149,843.313,8.6025,2.3019,17.7745,1.5684,0.7503,,,4762.8848,4522.7041,7171.7671,154.3779,89.9093,182.387,14.1496,267.1868,161.7214,0.9143,0.9037,0.0629,16.6529,115.9618,,649.9771,3.2074,0.3206,5.7734,5.1649,5.5763,0.0848,0.1194,0.5759,0.7849,0.1341,9.0248,26.804,3.1647,,1,1,533.2089,22.5386,6.0311,46.5692,1.9658
ASC063,Indian Recipes,Pancake,INDB,Cooked_Recipe,203.3556,846.2117,5.6821,20.4897,10.8166,3.3152,0.6529,,,2766.084,2526.3762,4767.8486,35.929,79.4897,101.2862,13.5598,143.6984,116.8261,0.694,0.5244,0.0658,4.5317,19.437,,195.3933,1.592,0.0825,3.783,0.6836,1.4342,0.0591,0.0979,0.2402,0.5157,0.0583,3.0987,12.8428,1.1886,,4,1,85.9686,2.4021,8.662,4.5727,0.276
ASC064,Indian Recipes,Keema pancake,INDB,Cooked_Recipe,176.275,733.0741,9.007,9.5593,11.2456,2.1967,0.8406,,,4774.8154,3416.9177,2148.8843,46.432,40.9631,110.6751,16.9506,125.3999,198.4212,0.9272,1.4551,0.074,2.4697,38.4341,,770.6041,2.1269,0.0316,1.6034,4.3006,0.5493,0.0738,0.1057,1.8272,0.5684,0.1166,2.3198,11.0791,4.2015,,4,1,194.5767,9.9422,10.5518,12.4132,0.9279
ASC065,Indian Recipes,Vegetable pancake,INDB,Cooked_Recipe,125.1763,520.5525,3.8657,12.2352,6.5732,2.085,2.4772,,,2574.5017,1578.6693,1920.98,19.3152,42.8856,63.2474,19.9055,116.6942,230.7177,0.7857,0.479,0.0888,2.0712,35.1682,,1985.4204,4.2092,0.0298,1.5378,13.9369,0.5176,0.0864,0.0574,0.5515,0.4599,0.1015,2.4801,24.3896,17.6067,,4,1,146.6441,4.5286,14.3335,7.7005,2.902
ASC066,Indian Recipes,Jam and fruit pancake,INDB,Cooked_Recipe,162.0184,675.4348,3.7916,20.7276,7.008,7.8475,1.2087,,,1792.7222,1632.6405,3082.635,23.0924,54.0563,68.5414,11.9005,93.0852,110.423,0.5185,0.3703,0.0591,2.9308,12.4926,,146.3268,1.0748,0.053,2.5355,1.0038,0.9218,0.0519,0.0702,0.1858,0.3644,0.0689,2.2493,12.7951,9.8502,,4,1,106.5676,2.4939,13.6336,4.6095,0.795
ASC067,Indian Recipes,Khoa and coconut pancake,INDB,Cooked_Recipe,271.9807,1138.7784,6.9796,27.3232,15.2944,16.4708,1.6516,,,6999.2861,2755.8879,3040.0728,21.3479,157.2231,151.2839,22.6088,101.0041,205.4332,1.1185,0.8009,0.0962,10.6137,11.5488,,171.6233,1.0438,0.049,2.5411,2.8658,0.8522,0.0578,0.086,0.2519,0.387,0.056,5.4984,26.8726,1.0225,,4,1,193.5143,4.966,19.4405,10.882,1.1751
ASC068,Indian Recipes,Brown stock,INDB,Cooked_Recipe,21.3248,89.2423,1.9484,0.2517,1.3841,0.1402,0.0938,,,2.9787,1.6365,7.6706,0,17.165,16.7844,0.7179,44.5976,36.6777,0.297,0.0098,0.0037,0.0255,0,,101.7428,0.0413,0,0.0037,0.3685,0,0.0199,0.0152,0.7108,0.0085,0.0032,0.046,1.3019,0.3077,,1,2,103.6546,9.4706,1.2235,6.7276,0.4559
ASC069,Indian Recipes,Vegetable stock,INDB,Cooked_Recipe,17.6044,72.8365,0.2997,0.9596,1.3777,0.4429,0.3816,,,853.558,343.8365,67.2104,3.4609,5.0822,5.4336,2.6376,49.7488,30.0496,0.1172,0.0528,0.0135,0.0974,15.566,,330.9511,0.3968,0,0.0441,2.0311,0,0.0105,0.0037,0.0619,0.0415,0.0135,0.2303,3.3518,1.8243,,1,2,73.1331,1.245,3.9864,5.7232,1.5851
ASC070,Indian Recipes,Chicken stock,INDB,Cooked_Recipe,29.8802,125.023,3.6865,0.3678,1.5105,0.1957,0.1035,,,139.3367,167.2171,66.5088,10.2324,3.5696,30.8226,4.2506,58.5799,56.1172,0.1835,0.1442,0.05,3.1052,1.1571,,6.4118,0.0413,0.2294,0.0507,0.2633,4.6216,0.018,0.0106,1.3529,0.2014,0.0916,0.7724,2.7104,0.2224,,1,4,112.3346,13.8593,1.3828,5.6786,0.3892
ASC079,Indian Recipes,Clear tomato soup (Tamatar ka soup),INDB,Cooked_Recipe,80.0741,330.9048,4.793,3.4507,12.2249,1.4367,1.9638,,,851.4722,1413.9976,4382.4844,0,29.046,50.3118,22.386,5135.7422,232.9467,1.1445,0.2317,0.055,0.2064,0,,3417.4695,6.1358,0,3.4712,14.3243,0,0.0285,0.0142,0.3228,0.1226,0.0534,0.7659,11.043,13.369,,1,1,318.4146,19.0594,13.7217,48.6124,7.809
ASC080,Indian Recipes,Lentil soup,INDB,Cooked_Recipe,31.1662,129.8505,9.6534,3.9446,11.6788,1.0552,2.574,,,568.306,231.8271,109.9549,2.1889,40.5683,96.8912,36.6118,10418.8428,350.2552,2.2593,0.468,0.0974,1.9873,9.8451,,2080.8918,1.9331,0,0.0938,8.1702,0,0.0267,0.0154,0.1958,0.1364,0.0414,0.5648,8.9725,4.5999,,1,1,121.3083,37.574,15.3535,45.4573,10.0186
ASC081,Indian Recipes,Chicken consomme (Clear chicken soup),INDB,Cooked_Recipe,47.9448,199.2444,11.4715,1.1854,12.0187,0.541,1.5683,,,819.6492,1205.0647,595.9053,16.9987,35.4791,102.4498,32.3471,8953.6367,305.3873,1.8241,0.4555,0.0621,3.8303,9.5618,,560.4405,0.3535,0.079,0.0453,4.6503,0,0.0188,0.0374,1.3508,0.3311,0.0941,0.8911,5.0387,0.9309,,1,1,108.3074,25.9141,2.6779,27.1502,3.5429
ASC082,Indian Recipes,Cream of tomato soup,INDB,Cooked_Recipe,97.8122,404.6038,4.6103,3.928,13.1155,1.8071,1.3752,,,2374.4814,1898.5947,3845.4932,5.4693,39.6066,56.771,19.7535,4461.2227,205.6585,0.9542,0.241,0.0463,0.2782,26.0143,,2573.7112,5.2039,0,3.0512,11.4929,0,0.0277,0.0324,0.2784,0.1462,0.0468,0.9431,9.5173,11.5125,,1,1,452.2837,21.3181,18.1631,60.646,6.3591
ASC083,Indian Recipes,Cream of green peas soup,INDB,Cooked_Recipe,127.8408,529.6304,7.1269,6.7507,14.7814,1.6099,2.9505,,,2672.927,2142.4985,4324.333,6.1909,51.0132,76.1367,29.9739,4999.6963,242.6022,1.4847,0.5646,0.1054,0.8773,29.4468,,1001.41,4.1321,0,3.4228,16.4328,0,0.0965,0.0381,0.4696,0.3018,0.0782,1.8544,21.6838,12.7983,,1,1,522.2298,29.1134,27.5765,60.3819,12.0529
ASC084,Indian Recipes,Cream of spinach soup,INDB,Cooked_Recipe,100.5378,416.0081,5.214,3.4465,13.31,1.1309,1.7408,,,2433.5002,1903.3855,3918.1731,5.4666,70.7697,64.4381,52.2929,4429.8076,404.1294,2.1001,0.3915,0.1035,1.19,26.0013,,4180.5757,0.2526,0,3.5136,141.6311,0,0.0799,0.067,0.1998,0.1658,0.0782,2.2664,64.4269,13.6912,,1,1,465.1179,24.1217,15.9445,61.5759,8.0535
ASC085,Indian Recipes,Cream of mixed vegetable soup,INDB,Cooked_Recipe,59.6458,248.4183,6.8448,4.9312,9.0493,2.0977,2.1434,,,2015.6385,852.7674,171.6004,7.0475,65.2605,94.3339,27.0477,5655.4497,255.8692,1.3634,0.4763,0.0741,0.6403,28.5982,,1564.1252,3.5996,0,0.1696,11.3775,0,0.0569,0.037,0.3205,0.2376,0.0626,1.4365,15.0278,10.7679,,1,1,216.1564,24.8056,17.8706,32.7945,7.7676
ASC086,Indian Recipes,Cream of mushroom soup,INDB,Cooked_Recipe,117.2778,484.6349,6.6403,3.7424,15.5007,1.9312,1.3362,,,2922.1768,2330.7507,4743.4473,6.7435,70.5612,106.9302,24.3072,5276.0596,249.7864,1.8118,0.5576,0.0802,0.2456,32.0748,,77.0944,4.306,0,3.6512,4.3525,0,0.0156,0.0355,0.2167,0.2088,0.0509,2.7448,8.1901,1.5439,,1,1,439.8269,24.9031,14.0352,58.1324,5.0111
ASC087,Indian Recipes,Chicken sweet corn soup,INDB,Cooked_Recipe,28.3205,119.031,14.4751,1.633,12.593,0.265,0.4662,,,106.181,155.2032,113.2244,6.365,91.4977,177.6702,41.6373,12205.335,362.1541,3.8267,1.0219,0.1087,2.6721,0.7198,,4.1153,0.0133,0.1796,0.0668,0.0884,2.8749,0.0279,0.0175,1.0419,0.2423,0.0571,0.5812,5.5652,0.8356,,1,2,68.4648,34.9935,3.9478,30.4436,1.127
ASC088,Indian Recipes,Minestrone soup,INDB,Cooked_Recipe,42.6594,178.3941,9.3037,3.7148,11.0874,1.0148,1.9226,,,787.8425,334.7934,103.8301,3.698,53.5536,101.2982,31.059,8875.0645,299.6388,1.8172,0.3937,0.061,0.7123,14.1923,,1748.0364,3.2407,0,0.1045,10.8068,0,0.0394,0.0228,0.6397,0.131,0.0423,0.7687,10.1008,8.4426,,1,2,98.1699,21.4102,8.5488,25.5149,4.4244
ASC089,Indian Recipes,Egg drop soup,INDB,Cooked_Recipe,26.6365,110.834,12.9299,1.1007,13.5164,0.6047,0.8107,,,929.7263,583.3799,160.3682,31.6664,100.1355,170.9577,39.3934,12418.8438,346.4178,3.9302,1.0444,0.0922,3.3002,28.129,,63.9142,0.0794,0.0661,0.1802,7.6234,1.1495,0.0115,0.0208,0.0855,0.155,0.0301,1.7176,8.871,2.6776,,1,1,84.6375,41.0848,3.4975,42.9483,2.5759
ASC090,Indian Recipes,Chinese cabbage and meat ball soup,INDB,Cooked_Recipe,484.3055,1992.3737,5.2108,1.429,56.5716,0.3734,0.5661,,,6459.8916,10712.21,32686.7676,5.8297,41.0703,64.9325,15.0729,4249.4062,147.0953,1.5195,0.3603,0.0426,0.7305,6.775,,640.3692,1.3463,0.0113,25.4343,8.5392,0.1962,0.0158,0.0126,0.3698,0.0571,0.0168,0.4682,4.3679,3.5911,,1,2,2254.2483,24.2543,6.6514,263.3183,2.6349
ASC091,Indian Recipes,French onion soup,INDB,Cooked_Recipe,55.6097,230.896,11.4078,4.2752,14.392,1.5023,1.0133,,,2424.6287,995.7525,166.5899,10.5868,106.2202,167.1304,37.5442,11202.8877,320.6749,3.522,0.9918,0.0967,0.2389,44.4246,,53.6502,0.2024,0,0.0998,1.5953,0,0.0113,0.0127,0.0836,0.0876,0.0251,0.7651,7.0626,1.5209,,1,1,195.6907,40.144,15.0445,50.6453,3.5658
ASC092,Indian Recipes,Hot and sour soup,INDB,Cooked_Recipe,31.5139,132.1654,3.1163,1.7758,1.3124,0.656,0.6012,,,199.036,223.1152,125.9808,17.9059,10.6825,34.221,7.5261,163.256,93.4333,0.4269,0.1844,0.0466,3.2528,7.0061,,595.2139,0.7294,0.1672,0.1026,6.903,3.2942,0.023,0.0229,0.9668,0.2188,0.0881,1.5059,10.1347,6.256,,1,1,123.8498,12.247,6.9788,5.1578,2.3627
ASC093,Indian Recipes,Talaumein soup,INDB,Cooked_Recipe,35.6273,149.3231,10.122,4.1714,12.7848,0.7679,1.9394,,,257.7397,354.0782,793.1891,12.3967,42.3348,101.5438,37.805,11088.1377,340.9657,2.2269,0.4146,0.0638,2.0891,6.7064,,1060.5989,1.2424,0.0285,0.6575,14.9523,0.4949,0.0241,0.0236,0.252,0.1595,0.0567,1.3811,13.164,3.4197,,1,1,131.4826,37.3554,15.3945,47.1823,7.1574
ASC094,Indian Recipes,Cold cucumber soup (Thanda kheere ka soup),INDB,Cooked_Recipe,48.0296,201.4317,2.9876,4.5809,1.9909,3.3449,0.8775,,,1232.6567,523.2379,98.3671,7.0608,99.7918,98.4351,15.829,121.3152,171.0171,0.3185,0.4208,0.0259,1.0707,20.1167,,265.6842,0.4658,0,0.0546,4.5869,0,0.0314,0.1057,0.2004,0.3397,0.0629,2.0801,14.614,2.6899,,1,2,90.1299,5.6065,8.5962,3.7361,1.6467
ASC095,Indian Recipes,Cold summer garden soup,INDB,Cooked_Recipe,49.1865,203.3811,8.5713,2.6457,14.0813,0.4605,1.8566,,,2460.7688,990.525,183.1397,10.1173,43.9339,86.5383,38.8914,9919.625,361.4267,2.1278,0.3603,0.0685,0.5506,46.9251,,1029.9315,0.2791,0,0.1693,22.7792,0,0.0206,0.0218,0.1884,0.1267,0.0341,0.9408,14.0897,5.3097,,1,1,151.0025,26.314,8.1222,43.2297,5.6999
ASC096,Indian Recipes,Chapati/Roti,INDB,Cooked_Recipe,202.3111,844.75,5.875,35.65,3.5611,1,6.3111,,,1737.2223,796.6667,538.8889,6.8333,17.2167,175,69.4444,1.1611,172.7778,2.2778,1.5833,0.2667,29.5111,25.6111,,209.5278,7.4611,0,0.3044,0.8333,0,0.2333,0.0833,1.3167,0.4833,0.1389,0.4222,16.2333,0,,4,1,72.832,2.115,12.834,1.282,2.272
ASC097,Indian Recipes,Plain parantha/paratha,INDB,Cooked_Recipe,298.3008,1237.5463,5.0556,30.6923,16.8582,0.8609,5.4335,,,2035.6332,3380.4854,10573.1201,0,14.8141,150.6652,59.9053,62.0662,148.8888,1.9776,1.3633,0.2313,25.4072,0,,135.8364,6.4235,0,8.0697,1.7344,0,0.2009,0.0717,1.1336,0.4161,0.1196,0.3635,13.9758,0,,3,1,166.3127,2.8187,17.112,9.399,3.0293
ASC098,Indian Recipes,Potato parantha/paratha (Aloo ka parantha/paratha),INDB,Cooked_Recipe,205.0424,851.6143,3.6979,23.9201,10.2203,1.1524,4.1753,,,1241.0319,2032.3466,6381.7891,0,17.3822,107.561,46.1119,127.2031,272.8772,1.5239,0.948,0.182,15.4209,0,,295.4551,4.0177,0,4.847,4.4161,0,0.1435,0.0505,1.0453,0.3925,0.1173,0.8729,16.0235,8.5428,,3,1,191.4344,3.4525,22.3326,9.542,3.8982
ASC099,Indian Recipes,Radish parantha/paratha (Mooli ka parantha/paratha),INDB,Cooked_Recipe,183.5242,762.0002,3.2975,20.5424,9.5278,1.3068,4.3242,,,1161.3311,1896.2589,5939.9492,0,23.7495,98.8476,41.977,127.027,206.4386,1.3903,0.8835,0.1559,14.2266,0,,223.8462,3.7159,0,4.5113,4.3897,0,0.1246,0.0512,0.7983,0.315,0.1062,1.2812,20.7345,8.4366,,3,1,183.5793,3.2985,20.5486,9.5307,4.3255
ASC100,Indian Recipes,Cauliflower parantha/paratha (Phoolgobhi ka parantha/paratha),INDB,Cooked_Recipe,178.0704,739.2868,3.7261,18.8371,9.4651,1.1477,4.681,,,1168.1365,1868.3766,5892.4058,0,21.9981,103.4342,44.5341,190.0313,222.9447,1.5932,0.9036,0.1619,14.0916,0,,238.2506,4.1315,0,4.4387,8.6,0,0.1295,0.0673,0.7941,0.4671,0.1272,1.2724,25.8396,17.2842,,3,1,181.3884,3.7955,19.1881,9.6415,4.7682
ASC101,Indian Recipes,Dal parantha/paratha,INDB,Cooked_Recipe,268.2445,1114.6884,6.7758,30.0325,13.0536,1.4258,6.4634,,,1556.7205,2583.3994,8046.5698,0,23.8889,158.2127,63.1487,156.132,268.8521,2.4496,1.5326,0.2971,25.1569,0,,420.0704,5.0528,0,5.9043,4.8343,0,0.1994,0.0776,1.1547,0.5543,0.1328,0.6988,37.8426,2.3501,,3,1,205.7346,5.1968,23.0339,10.0117,4.9572
ASC102,Indian Recipes,Sprouted moong parantha/paratha,INDB,Cooked_Recipe,228.5944,948.7098,4.292,24.306,12.4264,1.4741,4.488,,,1508.6089,2482.2214,7749.8164,0,20.3268,120.6622,49.5888,153.9377,150.0724,1.9437,1.0958,0.1915,18.5112,0,,293.3374,4.8247,0,5.8795,4.6387,0,0.1655,0.0645,0.9499,0.377,0.1172,0.5932,16.3293,2.6109,,3,1,175.3243,3.2918,18.6419,9.5307,3.4422
ASC103,Indian Recipes,Pea parantha/paratha (Matar ka parantha/paratha),INDB,Cooked_Recipe,190.7311,792.6071,5.5948,21.5127,8.7989,1.2871,5.6066,,,1065.8344,1758.6764,5488.2812,0,23.4919,103.5003,49.2283,109.9912,197.715,1.7802,1.167,0.2192,13.7285,0,,697.8499,8.3788,0,4.2421,20.2861,0,0.2126,0.0526,1.1368,0.5061,0.1495,1.9733,31.0482,16.4285,,3,1,206.6826,6.0627,23.3119,9.5348,6.0755
ASC104,Indian Recipes,Keema parantha/paratha,INDB,Cooked_Recipe,238.0862,989.2654,9.4057,18.3564,13.9098,0.9903,3.4411,,,3212.7556,3659.3501,6122.0142,25.659,19.3508,152.1316,43.6199,140.6229,213.7698,1.8035,1.9765,0.1725,14.8597,1.6662,,220.3139,3.6992,0,4.568,3.5567,0,0.1579,0.1045,2.2979,0.565,0.1495,1.1213,11.4873,1.8019,,3,1,238.1576,9.4085,18.3619,13.914,3.4422
ASC105,Indian Recipes,Paneer parantha/paratha,INDB,Cooked_Recipe,262.9658,1093.3539,7.984,24.3262,14.6215,3.7711,4.0002,,,3429.6592,3237.8281,7067.938,0,127.6484,181.4711,48.9917,142.5161,141.546,1.6977,1.5908,0.193,22.133,0,,303.0637,4.3681,0,5.307,4.0959,0,0.1426,0.0757,0.8455,0.4212,0.1049,5.4327,34.1112,1.9887,,3,1,223.5998,6.7888,20.6846,12.4327,3.4013
ASC106,Indian Recipes,Besan and spinach parantha/paratha (Besan aur palak ka parantha/paratha),INDB,Cooked_Recipe,216.4921,901.213,5.5447,21.3893,12.0866,1.312,4.3939,,,1478.4662,2414.9727,7507.2124,0,33.0741,101.724,53.3009,177.188,251.9326,1.8547,0.901,0.1811,11.7054,0,,2059.7903,2.8891,0,6.0154,68.8406,0,0.178,0.0757,0.8478,0.4067,0.1539,2.2864,61.4131,8.0825,,3,1,178.1225,4.562,17.5984,9.9445,3.6151
ASC107,Indian Recipes,Poori,INDB,Cooked_Recipe,737.6346,3035.5869,1.3547,8.2203,77.6058,0.2306,1.4552,,,9623.9551,15940.3047,48777.582,1.5757,3.9779,40.3531,16.0737,31.7329,39.9111,0.6023,0.3652,0.0692,6.8048,5.9055,,48.3139,1.7204,0,37.9014,5.0344,0,0.0538,0.0192,0.3036,0.1114,0.032,0.0974,3.7432,0,,5,1,921.3057,1.692,10.2672,96.9296,1.8176
ASC108,Indian Recipes,Spinach poori (Palak poori),INDB,Cooked_Recipe,684.2544,2816.0356,1.4219,7.7572,71.8577,0.2364,1.5484,,,8919.3184,14753.2842,45156.082,1.4578,10.0203,39.9704,21.4237,35.4736,84.6659,0.7886,0.3751,0.0774,6.4505,5.4637,,765.5067,1.611,0,35.1614,28.8101,0,0.0618,0.0259,0.3139,0.1201,0.0423,0.3967,14.0024,2.2437,,5,1,923.7435,1.9195,10.4722,97.0079,2.0904
ASC109,Indian Recipes,Methi poori,INDB,Cooked_Recipe,710.0203,2922.0371,1.4535,7.9813,74.6041,0.2609,1.6134,,,9255.9463,15318.1982,46887.2773,1.5138,14.6142,41.0412,18.0065,35.373,48.5377,0.8108,0.3749,0.0742,6.5875,5.6738,,550.68,1.7437,0,36.4284,21.3798,0,0.0561,0.0276,0.3275,0.1266,0.047,0.2789,6.5125,2.2412,,5,1,923.0265,1.8895,10.3757,96.9854,2.0974
ASC110,Indian Recipes,Dal stuffed poori,INDB,Cooked_Recipe,785.1628,3231.842,2.0753,10.1372,81.6853,0.2937,1.9644,,,10132.7715,16769.6797,51322.1211,1.6568,6.8845,53.3736,22.7411,128.1795,81.9361,0.8289,0.474,0.0939,7.7611,6.2096,,82.4379,2.0993,0,39.8633,6.0764,0,0.0633,0.0245,0.3851,0.1971,0.0452,0.1426,6.4436,0.3568,,5,1,932.6478,2.4652,12.0414,97.0291,2.3334
ASC111,Indian Recipes,Potato stuffed poori (Aloo ki poori),INDB,Cooked_Recipe,776.7382,3196.7786,1.5214,9.4008,81.353,0.2638,1.6401,,,10088.417,16705.9395,51123.2812,1.651,5.5701,45.048,18.5195,69.8641,71.9782,0.7019,0.4036,0.0793,7.168,6.1879,,76.3037,1.8122,0,39.7168,5.4706,0,0.0599,0.0217,0.3823,0.1367,0.0404,0.17,4.7263,1.1661,,5,1,925.8719,1.8135,11.2058,96.9728,1.955
ASC112,Indian Recipes,Tandoori parantha/paratha,INDB,Cooked_Recipe,295.3701,1225.7305,5.0796,30.7401,16.5126,0.8623,5.4419,,,9543.833,4226.4673,1092.6946,39.7725,14.9832,150.8982,59.8802,1.1389,148.982,1.9641,1.3653,0.2299,25.4467,149.0659,,437.2515,6.4335,0,1.0558,0.7186,0,0.2012,0.0719,1.1353,0.4168,0.1198,0.3641,13.9976,0,,3,1,164.4227,2.8277,17.112,9.192,3.0293
ASC113,Indian Recipes,Boiled rice (Uble chawal),INDB,Cooked_Recipe,117.1897,490.3333,2.6033,25.72,0.1833,0.2233,1.2467,,,50,28.8867,72,0,2.7033,46.6667,8.9067,1.0533,47.3333,0.24,0.36,0.09,0.3967,0,,15.6333,0,0,0.03,0.5,0,0.0567,0.02,0.8367,0.1833,0.0733,0.1033,3.25,0,,1,1,351.569,7.81,77.16,0.55,3.74
ASC114,Indian Recipes,Plain pulao,INDB,Cooked_Recipe,140.2079,583.775,2.3386,21.8161,4.6221,1.1455,1.6855,,,585.2744,946.9773,2865.5376,0,12.7567,42.9281,12.3046,193.7614,74.7385,0.4072,0.3651,0.0944,0.4013,0,,35.3719,0.2821,0,2.195,2.0059,0,0.0525,0.0187,0.7216,0.1942,0.0749,0.518,7.3491,1.1124,,1,1,431.7002,7.2007,67.1718,14.2313,5.1897
ASC115,Indian Recipes,Mixed vegetable pulao,INDB,Cooked_Recipe,113.0494,470.9952,2.7228,17.4899,3.3276,1.3519,2.6673,,,427.7965,671.5734,2058.5332,0,19.6083,44.5838,17.6049,187.9198,133.8196,0.602,0.4347,0.1054,0.4929,0,,1340.1255,1.9522,0,1.5957,9.581,0,0.0757,0.0234,0.7305,0.2666,0.1169,1.4014,18.3911,5.9646,,1,1,495.6088,11.9367,76.6758,14.5883,11.6937
ASC116,Indian Recipes,Mushroom pulao,INDB,Cooked_Recipe,124.2865,517.5623,2.5225,19.0184,4.0294,0.998,1.8819,,,511.5806,814.4958,2498.4626,0,13.5374,49.0333,13.2299,222.3636,108.6956,0.3907,0.3375,0.0938,0.3448,0,,30.3878,3.1079,0,1.8871,3.4671,0,0.0465,0.0202,0.7148,0.2268,0.0811,1.7327,7.4687,0.9556,,1,1,445.4427,9.0407,68.1618,14.4413,6.7446
ASC117,Indian Recipes,Sprouted moong pulao,INDB,Cooked_Recipe,112.9715,470.4445,2.1882,17.4912,3.6078,1.4322,1.7847,,,464.799,729.6514,2220.1497,0,16.2596,42.2176,13.0549,153.1641,95.5185,0.6506,0.343,0.0823,0.3299,0,,1181.7627,0.3797,0,1.6826,3.7635,0,0.0556,0.0239,0.6084,0.2128,0.0786,0.5749,10.578,1.8473,,1,1,460.8106,8.9257,71.3468,14.7163,7.2797
ASC118,Indian Recipes,Paneer pulao,INDB,Cooked_Recipe,581.912,2396.198,1.9848,8.7572,59.8092,1.1113,0.6194,,,7617.563,12348.2207,37341.2695,0,33.092,35.4667,6.11,72.2773,31.2549,0.2606,0.2977,0.0464,1.5283,0,,24.5745,0.1114,0,29.004,4.3461,0,0.0205,0.0128,0.2729,0.1006,0.0299,1.4459,8.2686,0.4088,,1,1,4875.8408,16.6307,73.3768,501.1413,5.1897
ASC119,Indian Recipes,Peanut pulao,INDB,Cooked_Recipe,193.2753,806.2149,5.3159,21.181,9.5128,1.6029,2.9002,,,1641.2573,3376.4299,4083.54,0,18.5186,91.555,38.1073,168.3979,159.1562,0.8309,0.7584,0.2098,0.8217,0,,41.9978,1.2346,0,2.4863,2.0749,0,0.1248,0.0328,2.2064,0.3081,0.0966,0.6705,19.0173,0.957,,1,1,691.7322,19.0257,75.8068,34.0463,10.3797
ASC120,Indian Recipes,Navratan pulao,INDB,Cooked_Recipe,261.7078,1090.1895,6.1984,36.979,9.4531,2.519,3.8167,,,1703.7548,2268.6592,4982.2681,0,59.6068,107.1031,32.2733,334.2569,185.6288,1.0963,0.9825,0.2166,2.645,0,,1517.8583,2.5062,0,3.7636,11.4327,0,0.1313,0.0444,1.3296,0.4568,0.1519,2.7447,25.65,7.0385,,1,2,479.1869,11.3493,67.7086,17.3087,6.9884
ASC121,Indian Recipes,Green chickpeas pulao (Choliya pulao/Hare chane ka pulao),INDB,Cooked_Recipe,173.4284,722.9514,4.8759,27.5697,4.8202,2.4803,3.1544,,,587.7508,1007.4722,2846.6023,0,18.9377,72.1362,21.6222,170.0451,164.6046,0.9525,0.6997,0.1729,0.3453,0,,36.0184,0.2427,0,2.0029,2.983,0,0.1118,0.0457,0.8359,0.3892,0.1392,0.4456,84.1374,1.5158,,1,1,620.7001,17.4507,98.6718,17.2514,11.2896
ASC122,Indian Recipes,Mutton biryani/biriyani,INDB,Cooked_Recipe,190.7632,795.739,7.3764,22.4951,7.7245,2.3896,2.4151,,,714.7535,935.6057,2609.1023,0.397,68.5815,94.868,19.1214,262.6424,212.0514,1.2945,0.4612,0.1205,0.5891,1.0105,,811.0419,2.0328,0,1.9875,6.9374,0,0.1082,0.073,2.4529,0.2749,0.1074,1.0626,14.4697,4.9464,,1,2,396.4344,15.3294,46.7482,16.0526,5.019
ASC123,Indian Recipes,Vegetable biryani/biriyani,INDB,Cooked_Recipe,174.6052,724.7648,3.1605,18.5573,9.508,2.1417,3.3085,,,1274.5842,1942.7028,5841.2114,0.2736,33.5152,59.3753,24.3719,183.7902,242.5048,0.8643,0.5032,0.1243,0.6541,0.6964,,1582.9094,2.8343,0,4.5182,12.9047,0,0.0821,0.0427,0.8624,0.3757,0.1541,1.9971,25.7111,13.0492,,1,2,526.5481,9.5311,55.9622,28.6727,9.9773
ASC124,Indian Recipes,"Lemon rice (Pulihora, Elumichai sadam, Chitranna)",INDB,Cooked_Recipe,176.3029,734.9305,4.2562,21.6223,7.8798,0.7775,2.5224,,,1232.1095,2472.6709,3775.384,0,12.7011,77.4198,29.9444,187.1091,152.573,0.7705,0.5937,0.1637,1.5102,0,,2148.0557,1.2929,0,2.4739,6.6274,0,0.1032,0.0448,1.6987,0.2434,0.0883,0.2333,11.9107,3.1959,,1,1,562.6883,13.5842,69.0096,25.1492,8.0505
ASC125,Indian Recipes,Sweet rice (Meethe chawal),INDB,Cooked_Recipe,215.4135,906.1188,2.096,42.5922,4.5656,24.8046,1.1307,,,2409.3755,1377.46,361.346,9.5496,11.3759,39.7403,11.1281,3.1988,56.0766,0.3396,0.3193,0.1056,0.3842,35.7914,,90.7408,0.2167,0,0.4997,0.9154,0,0.0443,0.0193,0.6174,0.1429,0.0545,0.1647,3.061,0.06,,1,1,749.1327,7.2891,148.1207,15.8777,3.9321
ASC126,Indian Recipes,Curd rice (Dahi bhaat/Dahi chawal/ Perugu annam/Daddojanam/Thayir saadam),INDB,Cooked_Recipe,195.737,818.4672,5.7532,32.9304,4.3166,3.9148,2.1338,,,1595.7397,1009.2737,1392.2052,3.1169,101.5156,133.7486,24.2768,213.2903,211.7778,0.5906,0.7386,0.1304,1.8342,7.9339,,1872.2195,1.5811,0,1.0596,7.9089,0,0.1,0.1454,1.1427,0.4579,0.1377,1.4507,13.0628,2.3589,,1,1,423.1052,12.4362,71.1825,9.3308,4.6124
ASC127,Indian Recipes,Tamarind rice (Chintapandu pulihora/Puliyodharai/Puli sadam/Huli anna),INDB,Cooked_Recipe,373.0386,1556.8212,7.4532,65.0814,8.5328,11.6493,5.1178,,,2643.6021,2460.1785,2781.0564,7.6977,50.9385,147.535,58.3187,162.4134,369.0808,2.89,1.1332,0.3674,3.672,28.8508,,3140.3318,7.0525,0,1.966,13.3079,0,0.2096,0.0803,2.286,0.5184,0.2082,0.4871,18.008,0.6609,,1,1,476.8553,9.5274,83.1935,10.9074,6.5421
ASC128,Indian Recipes,Spanish rice,INDB,Cooked_Recipe,164.2409,686.2391,4.1896,31.0981,2.2327,1.2596,2.7779,,,315.5819,435.8043,1330.7485,0,18.9345,69.9461,21.1285,96.608,190.3333,0.9194,0.6083,0.159,0.9364,0,,1934.3402,4.1817,0,1.0212,14.7875,0,0.1095,0.0392,1.3072,0.3646,0.151,1.232,25.0469,22.3706,,1,1,357.2238,9.1123,67.6383,4.8562,6.0419
ASC129,Indian Recipes,Chinese fried rice,INDB,Cooked_Recipe,120.5841,502.2953,4.0518,13.4017,5.4346,1.4722,2.3129,,,952.9725,1319.8517,2741.7109,52.0878,34.6973,70.0496,18.99,248.3614,210.8702,0.9868,0.5135,0.0894,6.1338,28.1786,,1886.7604,0.566,0.1195,2.182,23.24,2.0792,0.0618,0.0629,0.6981,0.4304,0.183,4.2335,38.9473,19.1807,,1,1,423.6482,14.2351,47.0841,19.0935,8.1258
ASC133,Indian Recipes,Macroni cheese pie,INDB,Cooked_Recipe,170.6275,717.1566,5.851,21.095,7.4836,3.4028,0.3991,,,4429.5596,1955.476,419.1148,15.9875,122.0104,162.881,19.7829,200.5116,156.1127,0.5401,0.7128,0.0881,5.5368,60.1837,,1334.6493,2.5233,0,0.3223,5.8505,0,0.0632,0.085,0.841,0.4115,0.0705,1.8616,11.7722,6.1148,,1,1,408.653,14.0131,50.5226,17.9232,0.9558
ASC134,Indian Recipes,Vegetable chowmein,INDB,Cooked_Recipe,129.7139,543.3237,3.0669,15.4443,6.3588,1.9677,1.8633,,,795.8561,1254.1296,3937.8616,0,28.3272,56.2622,21.6707,258.4696,201.5932,0.994,0.3911,0.0945,3.9,0,,2228.365,0.5929,0,2.9958,20.64,0,0.0645,0.0362,0.9257,0.3011,0.1462,1.9393,33.1658,28.502,,1,1,388.5969,9.188,46.2681,19.0497,5.5822
ASC135,Indian Recipes,Chicken chowmein,INDB,Cooked_Recipe,151.3336,632.9802,6.3313,13.3015,8.2348,1.631,1.645,,,968.7545,1496.6219,4214.874,10.7261,26.101,77.9262,21.813,288.1507,225.3247,0.8919,0.4598,0.1302,6.6366,1.2129,,1937.7518,0.5343,0.2405,3.23,18.1548,4.8446,0.0683,0.0391,2.1931,0.4486,0.2157,2.4061,29.7039,24.6756,,1,1,521.0415,21.7986,45.7969,28.3524,5.6637
ASC136,Indian Recipes,Cheese noodle ring,INDB,Cooked_Recipe,133.6692,561.0742,6.2243,13.9555,6.1173,2.8432,1.2689,,,3321.5398,1715.8108,431.1577,55.6704,99.3016,140.954,20.448,241.9594,176.9321,0.785,0.7299,0.0908,8.658,61.1673,,1462.2352,2.1417,0.1057,0.4337,8.1764,1.8377,0.0737,0.0935,0.6743,0.5523,0.1185,4.426,23.8419,6.0868,,1,1,531.3351,24.7416,55.4731,24.3162,5.0438
ASC137,Indian Recipes,Spaghetti and cheese balls in tomato sauce,INDB,Cooked_Recipe,508.322,2095.4609,2.4087,7.8151,52.0803,1.8349,0.5926,,,7373.75,10795.8164,31606.3828,3.8328,40.5943,39.5868,8.7267,104.1363,68.2814,0.3166,0.3166,0.0467,2.6738,17.4202,,1266.5784,2.528,0,24.5672,9.1886,0,0.0284,0.0224,0.358,0.1293,0.0372,1.5683,12.0088,5.9721,,1,1,4908.3828,23.2586,75.4634,502.89,5.7221
ASC138,Indian Recipes,Penne platter,INDB,Cooked_Recipe,177.4006,744.4551,5.0408,20.8721,8.7096,4.5016,1.0915,,,2136.8601,4920.3857,1072.4589,2.2945,67.6719,87.0061,21.9262,283.3703,202.2208,0.9004,0.6653,0.1146,6.8874,5.9656,,1013.1702,1.5304,0,1.0606,6.791,0,0.0754,0.0298,1.1643,0.3674,0.1023,3.5023,23.0199,6.2512,,1,1,463.9026,13.1816,54.5806,22.7757,2.8543
ASC139,Indian Recipes,Pasta hot pot,INDB,Cooked_Recipe,125.1729,524.2405,5.8375,11.6018,6.4664,5.9933,0.804,,,2683.0403,1884.6132,1351.1185,27.1872,55.2769,100.0438,17.0887,231.1653,215.2224,0.82,0.8876,0.0726,3.2638,24.042,,1010.475,1.6282,0.0253,1.001,4.9547,0.4393,0.1965,0.0877,1.4383,0.376,0.0985,1.7949,13.3867,7.0654,,1,1,1040.7125,48.5345,96.4596,53.7628,6.6846
ASC140,Indian Recipes,Chicken lasagne,INDB,Cooked_Recipe,187.4915,785.1788,10.4524,13.9023,10.3614,2.7422,0.1058,,,5062.3013,2431.5801,487.5821,50.3814,119.983,190.0233,18.1132,238.5522,176.8513,0.6449,0.8042,0.1203,9.9235,81.448,,126.0923,0.0499,0.3761,0.4014,0.764,7.464,0.0665,0.1048,2.3992,0.6494,0.1779,3.4378,11.8608,0.8222,,1,1,964.6439,53.7777,71.5272,53.3094,0.5441
ASC141,Indian Recipes,Fettuccine with spinach sauce,INDB,Cooked_Recipe,129.2067,540.0046,3.1036,12.1893,7.8283,1.1831,0.7733,,,2898.7825,3757.313,628.9385,10.2892,53.668,64.0387,34.1938,153.5909,247.3528,1.2808,0.4301,0.1015,3.8616,45.572,,2774.5676,0.149,0,0.6867,94.4301,0,0.0771,0.0549,0.6113,0.2189,0.0787,1.6408,48.1276,10.8032,,1,1,458.8518,11.0217,43.2878,27.8008,2.7461
ASC142,Indian Recipes,Naan,INDB,Cooked_Recipe,286.4496,1197.7963,8.0521,51.7542,4.9878,5.5863,1.9092,,,2749.4766,1219.1223,438.4326,10.1505,88.0063,245.7724,27.5273,326.1089,166.2383,1.2925,0.7971,0.1255,0.4692,39.9749,,238.3525,4.3637,0,0.1953,1.5686,0,0.1129,0.0973,0.5678,0.5754,0.0734,1.0384,14.2248,0.4339,,3,1,152.2957,4.281,27.516,2.6519,1.0151
ASC143,Indian Recipes,Bhatura,INDB,Cooked_Recipe,793.2029,3265.0002,1.6304,10.734,82.5638,0.6942,0.3792,,,9971.8057,16934.0508,52234.332,0.3778,12.1159,39.0528,4.8921,28.3009,30.0666,0.3294,0.1511,0.0318,0.0687,0.9618,,37.8188,0.9247,0,40.585,5.331,0,0.0227,0.0175,0.1127,0.1161,0.0144,0.169,2.851,0.0343,,4,1,1154.6061,2.3733,15.6246,120.182,0.552
ASC144,Indian Recipes,Idli,INDB,Cooked_Recipe,137.5353,575.4614,4.6374,28.1776,0.3332,0.2843,2.3092,,,72.419,44.4868,138.6534,0,8.005,79.3042,25.4424,100.8339,158.1272,0.682,0.6227,0.1448,2.7491,0,,41.8653,0.8399,0,0.0439,1.2768,0,0.0718,0.0269,0.9267,0.4589,0.0878,0.1736,11.7706,0,,4,2,34.4698,1.1623,7.062,0.0835,0.5788
ASC146,Indian Recipes,Masala dosa,INDB,Cooked_Recipe,164.5847,683.796,3.2877,19.5666,7.8404,1.3272,2.5227,,,964.8112,1609.5944,4867.0767,0,15.5824,62.5736,26.6233,191.2777,271.7701,0.7867,0.4953,0.131,2.3352,0,,1008.089,1.4779,0,3.7081,5.9575,0,0.0642,0.0264,0.8407,0.394,0.0934,0.9014,17.0543,6.7461,,1,2,345.0764,6.8932,41.0243,16.4385,5.2893
ASC147,Indian Recipes,Semolina dosa (Suji/Rava dosa),INDB,Cooked_Recipe,227.0521,947.5578,7.3002,32.8408,7.1167,4.3745,4.0445,,,1502.6334,1512.9255,3665.5063,4.5886,116.0368,196.5585,28.1352,202.3602,254.0627,1.387,1.1555,0.1877,4.9368,11.6802,,457.8084,5.0293,0,2.812,5.4083,0,0.1408,0.136,0.5835,0.547,0.1066,1.4962,21.6068,3.107,,1,2,166.6903,5.3595,24.1101,5.2247,2.9692
ASC148,Indian Recipes,Onion tomato uttapam,INDB,Cooked_Recipe,462.0192,1903.5422,1.9063,11.316,45.303,0.7968,1.2623,,,5458.2178,9283.9346,28671.1758,0,5.818,33.4843,12.3478,143.5269,90.205,0.3641,0.2703,0.0722,1.0284,0,,554.3616,1.448,0,22.2768,5.9861,0,0.0338,0.0132,0.4156,0.2095,0.05,0.3992,8.3747,3.4262,,2,2,644.3204,2.6584,15.781,63.1784,1.7604
ASC149,Indian Recipes,Paneer kaathi roll,INDB,Cooked_Recipe,285.9421,1186.2999,6.9164,20.1035,19.5545,3.2942,2.4043,,,3708.3145,4319.9585,10424.252,30.8424,101.6618,131.5985,29.5531,221.0313,130.5001,1.417,1.0893,0.1295,14.5587,16.6852,,384.6647,2.5169,0.0708,8.1427,4.608,1.2312,0.0895,0.0719,0.5565,0.4387,0.0927,6.0168,36.4344,12.5852,,1,2,424.1523,10.2595,29.8205,29.0061,3.5665
ASC150,Indian Recipes,Makki ki roti,INDB,Cooked_Recipe,263.9684,1094.5211,3.4925,24.192,16.8494,0.6976,5.1918,,,9436.6924,4332.0166,1297.3694,39.0706,14.7624,102.0176,53.5141,236.22,152.7941,1.1134,0.8276,0.1628,3.0788,146.4353,,612.3118,11.8647,0,1.0431,1.1765,0,0.1188,0.0341,0.9847,0.1376,0.1282,0.4647,12.6094,2.3424,,2,1,224.3731,2.9686,20.5632,14.322,4.413
ASC151,Indian Recipes,Washed moong dal (Dhuli moong ki dal),INDB,Cooked_Recipe,50.0027,208.2816,2.6777,5.9069,1.681,0.1206,1.171,,,208.5433,321.639,997.6588,0,8.4798,47.491,19.1931,150.6405,151.4765,0.6386,0.2972,0.1131,5.4491,0,,101.5343,0.2776,0,0.7436,1.4673,0,0.04,0.0155,0.2327,0.1842,0.0253,0.0739,10.1015,0.0162,,1,1,138.5075,7.4173,16.3622,4.6564,3.2437
ASC152,Indian Recipes,Washed urad dal (Dhuli urad ki dal),INDB,Cooked_Recipe,61.3236,254.8243,2.5109,5.8411,2.98,0.3225,1.5286,,,366.2149,595.7161,1820.1571,0,10.2358,42.1291,21.3155,142.212,143.1554,0.7205,0.3482,0.0784,2.4608,0,,69.125,0.9991,0,1.362,2.0419,0,0.0253,0.0125,0.2282,0.3153,0.0335,0.1917,10.271,0.3329,,1,1,181.518,7.4324,17.2897,8.8209,4.5247
ASC153,Indian Recipes,Split bengal gram with bottle gourd (Channa dal with ghiya/lauki),INDB,Cooked_Recipe,73.2539,304.6279,2.7896,7.101,3.6027,1.0465,2.7208,,,425.7859,710.8843,2148.6794,0,14.3343,46.186,21.1578,149.4679,183.9455,0.9873,0.4994,0.1232,5.8577,0,,803.0055,1.838,0,1.4821,4.8648,0,0.055,0.0246,0.3565,0.3326,0.0531,0.9727,32.4274,5.4512,,1,1,204.254,7.7782,19.7998,10.0453,7.5865
ASC154,Indian Recipes,Dry washed urad,INDB,Cooked_Recipe,124.7121,520,6.8497,15.6622,3.4971,0.7276,4.0579,,,444.243,671.858,2050.4644,0,27.0845,114.173,57.1561,295.793,384.3296,1.8867,0.9387,0.2098,6.7682,0,,355.2165,2.7028,0,1.4588,8.4511,0,0.0682,0.0329,0.6049,0.8665,0.0872,0.511,28.1407,1.0216,,1,1,178.5878,9.8088,22.4283,5.0079,5.8108
ASC155,Indian Recipes,Mixed dal,INDB,Cooked_Recipe,61.9282,257.3646,2.5056,5.7929,3.1036,0.3387,1.6163,,,371.5419,624.5521,1869.1526,0,10.9962,42.4074,19.7196,141.3649,144.2713,0.7816,0.3597,0.0975,4.2364,0,,107.3266,0.5937,0,1.3603,2.1602,0,0.0356,0.0159,0.2399,0.2268,0.0328,0.1919,13.5467,0.3686,,1,1,184.4407,7.4624,17.2531,9.2434,4.8137
ASC156,Indian Recipes,Whole moong (Moong ki dal),INDB,Cooked_Recipe,53.6986,223.1586,2.2494,5.2186,2.5645,0.5858,2.0171,,,323.9266,505.6463,1579.202,0,13.581,37.0728,22.5266,123.8632,149.1552,0.6832,0.2934,0.1066,2.0768,0,,754.6573,1.7298,0,1.2182,4.985,0,0.0483,0.0292,0.2974,0.2183,0.0521,0.3938,16.1733,3.2237,,1,1,183.8265,7.7004,17.865,8.7789,6.9052
ASC157,Indian Recipes,Whole masoor (Masoor ki dal),INDB,Cooked_Recipe,54.0547,224.6484,2.2792,5.3746,2.518,0.67,1.9838,,,306.5898,511.3391,1549.6691,0,12.199,29.0104,12.7449,123.7221,112.9621,0.9479,0.3495,0.0961,4.9652,0,,759.039,3.0032,0,1.2059,4.3383,0,0.0457,0.0248,0.3324,0.1885,0.0626,0.4183,14.07,3.2237,,1,1,185.0454,7.8024,18.399,8.6199,6.7912
ASC158,Indian Recipes,Whole moth (Moth ki dal),INDB,Cooked_Recipe,54.9972,228.592,2.0058,5.741,2.6188,0.6577,1.8489,,,337.9481,509.5925,1599.9714,0,18.9767,37.8615,23.1401,125.0778,164.8418,0.947,0.2277,0.0751,1.6824,0,,731.2588,2.31,0,1.2585,5.8719,0,0.0483,0.0134,0.2719,0.1649,0.0354,0.4613,34.0507,3.2237,,1,1,188.2719,6.8664,19.653,8.9649,6.3292
ASC159,Indian Recipes,Whole urad (Urad ki dal),INDB,Cooked_Recipe,53.7951,223.5491,2.2131,5.0473,2.6238,0.567,2.3189,,,324.9546,521.6745,1601.5714,0,13.0698,36.5567,21.9137,126.1195,141.5711,0.7828,0.3286,0.086,2.5071,0,,672.1593,2.8509,0,1.2182,4.6541,0,0.0369,0.0151,0.2681,0.3919,0.0677,0.3814,15.2075,3.0288,,1,1,182.543,7.5096,17.127,8.9034,7.8688
ASC160,Indian Recipes,Moti mahal dal (Urad rajmah mix dal),INDB,Cooked_Recipe,103.128,428.4725,3.9295,8.7378,5.6561,1.705,3.3803,,,1001.3201,1157.9048,3158.3689,1.918,38.1259,74.5555,33.5066,157.6141,246.0863,1.0527,0.5537,0.1313,3.9167,7.5153,,1117.9271,4.9003,0,2.4104,6.8392,0,0.0628,0.0533,0.4492,0.5985,0.1052,0.8836,32.4817,5.3892,,1,1,295.7194,11.2679,25.0555,16.2188,9.6929
ASC161,Indian Recipes,Black channa curry/Bengal gram curry (Kale chane ki curry),INDB,Cooked_Recipe,140.6766,585.3536,5.6662,14.1145,6.6101,2.3554,7.9894,,,773.5891,1286.5955,3881.2129,0,53.8746,87.475,55.3565,358.6308,388.5877,2.433,1.0376,0.2748,10.4254,0,,3014.2847,5.8332,0,3.024,17.6079,0,0.125,0.0801,0.9012,0.7698,0.17,1.3587,72.8675,12.6181,,1,1,168.6994,6.7949,16.926,7.9268,9.5809
ASC162,Indian Recipes,Chickpeas curry (Safed channa curry),INDB,Cooked_Recipe,163.432,680.1667,6.099,19.9784,6.8428,4.7845,4.7322,,,811.1141,1409.1771,3979.5283,0,30.609,83.7225,35.093,357.9903,334.3015,1.8151,0.885,0.2262,0.1111,0,,2774.3748,5.3503,0,2.7989,19.3341,0,0.1517,0.0731,0.7611,0.5722,0.2138,1.1261,153.9216,13.6188,,1,1,195.9877,7.3139,23.958,8.2058,5.6749
ASC163,Indian Recipes,Lobia curry,INDB,Cooked_Recipe,148.9874,620.1268,6.064,17.882,5.6195,2.508,4.5671,,,731.0608,1079.1021,3434.1648,0,36.7957,113.7425,68.6154,355.4086,465.1388,2.2128,1.0476,0.2648,6.1025,0,,2818.9045,5.5805,0,2.7688,17.5204,0,0.115,0.0426,0.7861,0.5422,0.155,2.1192,72.3672,12.6181,,1,1,178.6657,7.2719,21.444,6.7388,5.4769
ASC164,Indian Recipes,Soyabean curry,INDB,Cooked_Recipe,163.2772,679.9166,10.4269,6.7595,10.19,2.6581,7.3415,,,1411.2642,2269.0002,6066.1694,0,65.1321,144.2628,62.6114,352.6943,563.4543,2.7932,1.0626,0.2598,4.3264,0,,2834.9153,22.8145,0,2.9264,28.6403,0,0.185,0.0776,0.9462,0.6673,0.1926,1.3187,86.6267,12.6181,,1,1,195.802,12.5039,8.106,12.2198,8.8039
ASC165,Indian Recipes,Kidney bean curry (Rajmah curry),INDB,Cooked_Recipe,143.7259,598.1121,5.9514,16.3785,5.7746,2.488,5.8255,,,724.3063,1085.9216,3529.4783,0,47.8706,122.9987,58.6087,354.6006,485.9026,2.2704,0.8675,0.2573,5.7273,0,,2790.1353,12.0373,0,2.6513,18.3084,0,0.1075,0.0676,0.9812,0.6297,0.1325,1.3187,93.6314,13.6188,,1,1,172.3561,7.1369,19.641,6.9248,6.9859
ASC167,Indian Recipes,Sambar,INDB,Cooked_Recipe,96.9185,404.498,3.3501,10.5677,4.3827,3.3077,3.5216,,,1886.4911,544.7274,1179.9587,0,30.2378,59.3178,32.1638,159.5382,298.294,1.2364,0.4662,0.2038,2.3591,0,,1606.2046,3.3063,0,1.0392,34.1591,0,0.0802,0.0451,0.5277,0.2649,0.0786,0.785,26.5063,7.9088,,1,2,249.3228,8.618,27.1855,11.2745,9.0593
ASC168,Indian Recipes,Besan kadhi with pakodies,INDB,Cooked_Recipe,403.3492,1661.2156,1.6443,3.5638,42.5885,0.878,0.8117,,,5250.4688,8747.3984,26784.0391,0.9373,24.5317,27.826,8.7502,60.8049,70.2099,0.3838,0.1612,0.0296,0.5398,2.3859,,795.4867,0.3872,0,20.8465,10.8308,0,0.0315,0.038,0.162,0.1082,0.0369,0.6953,13.1271,0.71,,1,2,2366.7927,9.6485,20.9117,249.9029,4.7628
ASC169,Indian Recipes,Khatta channa,INDB,Cooked_Recipe,202.5661,841.5596,6.2955,21.1406,10.5598,4.7494,5.2603,,,1251.0577,2209.0481,6291.1582,0,40.7711,86.5396,38.7612,513.3213,344.7828,1.9423,0.9304,0.2469,0.1997,0,,2188.9907,6.3114,0,4.5656,18.992,0,0.1549,0.0759,0.746,0.5679,0.2195,1.0363,155.5029,13.2991,,1,1,318.1502,9.8878,33.2035,16.5852,8.2619
ASC170,Indian Recipes,Sprouted moong dal chat,INDB,Cooked_Recipe,32.4738,135.7895,1.3497,6.0051,0.3216,1.5669,1.345,,,66.6405,34.7965,122.8324,0,16.5357,30.2152,17.4515,87.0721,218.9181,0.8787,0.2345,0.0524,0.3177,0,,1275.9026,2.6741,0,0.0643,7.2398,0,0.0497,0.0224,0.5053,0.2904,0.077,1.3306,16.8125,15.1197,,1,1,83.2952,3.462,15.403,0.825,3.45
ASC171,Indian Recipes,Potato cauliflower (Aloo gobhi),INDB,Cooked_Recipe,106.1775,439.2432,1.8976,5.9905,8.1257,0.4362,3.0183,,,1022.1915,1605.3665,5068.7422,0,22.8724,44.462,25.2213,254.7583,378.7783,1.0654,0.3078,0.0722,0.495,0,,321.8652,1.0489,0,3.8327,13.7802,0,0.0449,0.0494,0.5465,0.4815,0.1206,1.8825,31.8315,34.7722,,1,1,186.6069,3.335,10.5283,14.2809,5.3046
ASC172,Indian Recipes,Potato capsicum (Shimla mirch aloo),INDB,Cooked_Recipe,125.5296,519.383,1.4096,8.717,9.3323,0.535,2.0246,,,1146.87,1861.6328,5844.4873,0,16.4466,35.2683,22.0125,277.9205,364.1478,0.859,0.2494,0.0858,0.4494,0,,1209.0867,0.611,0,4.4882,15.0903,0,0.0524,0.0227,0.7897,0.2827,0.1207,2.3025,26.3989,53.9035,,1,1,189.2359,2.125,13.1408,14.0684,3.0521
ASC173,Indian Recipes,Cabbage and peas (Pattagobhi aur matar),INDB,Cooked_Recipe,63.8829,265.7353,3.2393,6.2354,2.6449,0.9664,3.9856,,,343.8807,529.1497,1635.2838,0,45.4967,40.4012,28.5918,253.7346,255.4964,1.1007,0.4762,0.102,1.1645,0,,772.2049,4.2948,0,1.3067,86.0799,0,0.1044,0.0448,0.5927,0.3695,0.1516,2.1627,45.6833,32.9892,,1,1,106.2054,5.3854,10.3664,4.3972,6.626
ASC174,Indian Recipes,Carrot and fenugreek leaves (Gajar methi),INDB,Cooked_Recipe,61.9169,257.0144,2.0951,4.171,3.8069,2.1075,4.4288,,,516.9261,674.7118,2342.7598,0,128.83,46.653,37.0984,262.9131,255.949,2.7181,0.3755,0.1238,0.6225,0,,10000.7188,1.8038,0,1.8128,179.394,0,0.0674,0.1074,0.446,0.3622,0.2217,2.7225,42.8147,27.1702,,1,1,118.1066,3.9964,7.9562,7.2616,8.4479
ASC175,Indian Recipes,Potato fenugreek (Aloo methi),INDB,Cooked_Recipe,135.1474,559.2239,2.2455,8.4681,10.0407,0.5435,2.9268,,,1254.2897,1981.5533,6304.6826,0,107.7959,43.7457,38.24,221.9274,370.2437,2.5304,0.3653,0.1212,0.8409,0,,4850.6099,1.1118,0,4.8728,160.0072,0,0.0728,0.0905,0.818,0.3774,0.2021,2.4692,35.8085,33.6632,,1,1,276.0386,4.5864,17.2962,20.5081,5.9779
ASC177,Indian Recipes,Brinjal bhartha (Baingan ka bhartha),INDB,Cooked_Recipe,65.1157,269.7462,1.3797,4.3975,4.4805,1.816,3.2744,,,567.5462,879.6096,2773.1494,0,17.8539,29.9795,20.021,132.1517,222.053,0.4824,0.2251,0.1002,0.0565,0,,1228.7589,2.6821,0,2.1342,15.39,0,0.0521,0.0761,0.4974,0.2751,0.0809,1.6966,28.3651,7.3801,,1,1,212.1666,4.4955,14.3282,14.599,10.669
ASC178,Indian Recipes,Dry potato (Sookhe aloo),INDB,Cooked_Recipe,103.1455,429.1229,1.62,14.3783,4.1821,0.3285,1.877,,,504.6218,841.3381,2550.7566,0,17.1962,45.2128,26.8889,199.9939,531.4114,0.8296,0.3128,0.102,0.7337,0,,244.0165,0.2114,0,1.9244,2.9225,0,0.0607,0.0141,1.0323,0.3626,0.1005,1.2829,14.8507,21.9622,,1,1,109.0764,1.7132,15.205,4.4225,1.9849
ASC179,Indian Recipes,Beans with coconut (Nariyal aur sem/phali; Beans thoran),INDB,Cooked_Recipe,131.6314,547.2545,2.6188,4.3935,11.3935,2.0628,5.5851,,,4485.7949,1551.2367,3706.4634,0,51.9177,55.0227,40.9278,271.6534,336.8147,1.3414,0.4435,0.1396,0.9381,0,,3596.7261,3.6487,0,3.1276,24.6249,0,0.0578,0.07,0.7899,0.262,0.3431,4.3033,50.7326,4.0309,,1,1,196.8415,3.9161,6.5701,17.0379,8.3519
ASC180,Indian Recipes,Cauliflower with coconut (Nariyal ke saath phoolgobhi),INDB,Cooked_Recipe,132.1108,549.2606,2.6389,3.9923,11.5607,1.7083,5.2708,,,4519.3643,1559.9167,3760.6294,0,35.3737,55.9789,32.97,286.0576,344.8393,1.328,0.4034,0.1262,1.2524,0,,2661.5115,3.2943,0,3.0808,24.0832,0,0.0511,0.0834,0.4823,0.4961,0.1358,1.9895,40.013,34.6314,,1,1,197.5585,3.9461,5.9701,17.2879,7.8819
ASC181,Indian Recipes,Carrot and cabbage with coconut (Nariyal ke saath pattagobhi aur gajar),INDB,Cooked_Recipe,106.6127,443.4521,1.8198,4.994,8.6213,2.3552,4.5213,,,3373.5857,1176.9191,2822.5144,0,48.6333,44.132,26.3498,219.6029,278.7274,0.8399,0.2898,0.1046,1.2994,0,,4455.7705,2.2533,0,2.3765,72.0953,0,0.0433,0.06,0.3815,0.2565,0.1293,1.3357,36.216,20.5512,,1,1,212.735,3.6311,9.9651,17.2029,9.0219
ASC182,Indian Recipes,Raw turnip with coconut,INDB,Cooked_Recipe,132.1483,550.598,1.803,5.7778,11.4671,4.4033,2.7898,,,4441.1245,1543.3124,3749.9299,0,50.6472,51.746,22.8858,275.5454,312.0721,0.8198,0.2629,0.0994,1.6068,0,,2641.1289,2.4116,0,3.0674,14.6008,0,0.0578,0.0432,0.5425,0.2152,0.1023,0.4047,18.6475,14.4763,,1,1,197.6145,2.6961,8.6401,17.1479,4.1719
ASC183,Indian Recipes,Raw papaya with coconut (Papaya thoran),INDB,Cooked_Recipe,132.7501,551.9355,1.5355,5.5772,11.4203,3.8215,4.3145,,,4487.3662,1573.0905,3666.7683,0,33.742,40.4513,27.5869,270.5634,240.5194,0.8198,0.2495,0.1262,1.8007,0,,2994.2117,7.6276,0,3.1142,16.1389,0,0.0378,0.0566,0.3552,0.242,0.0689,1.167,29.2065,16.9706,,1,1,198.5145,2.2961,8.3401,17.0779,6.4519
ASC184,Indian Recipes,Stuffed okra (Bharwa bhindi),INDB,Cooked_Recipe,94.3401,390.0141,2.0796,3.8543,7.6551,0.4805,4.1462,,,950.6923,1555.7601,4732.249,0,86.8914,57.095,64.4706,210.0345,265.8326,1.1786,0.468,0.1382,0.9482,0,,1194.2964,6.7993,0,4.0271,20.6,0,0.0399,0.0702,0.6248,0.259,0.2543,1.4382,57.8869,20.4977,,1,1,104.2458,2.298,4.2589,8.4589,4.5815
ASC185,Indian Recipes,Stuffed round gourd (Bharwa tinde),INDB,Cooked_Recipe,72.7968,301.0393,1.1035,4.0206,5.7472,1.9597,2.1038,,,713.9446,1164.5236,3563.3213,0,20.2131,27.0914,18.7479,180.1469,132.6848,0.5883,0.2249,0.0805,0.182,0,,1954.9517,4.9652,0,2.7884,12.6554,0,0.0314,0.0244,0.4949,0.2843,0.0785,2.227,28.6299,15.0479,,1,1,180.718,2.7394,9.9811,14.2674,5.2227
ASC186,Indian Recipes,Stuffed capsicum (Bharwa shimla mirch),INDB,Cooked_Recipe,90.9403,376.9925,1.3373,8.256,5.7044,1.2133,2.0108,,,710.2323,1125.6122,3560.8367,0,15.1685,32.5896,18.7992,173.9388,312.5657,0.6135,0.2375,0.0816,0.4124,0,,1136.5857,0.5233,0,2.7114,12.2655,0,0.0506,0.0205,0.7145,0.2775,0.1197,2.6998,30.5598,59.1608,,1,2,114.1301,1.6782,10.3612,7.159,2.5235
ASC187,Indian Recipes,Stuffed brinjal (Bharwa baingan),INDB,Cooked_Recipe,92.9976,384.4074,1.5331,3.9584,7.7281,0.9219,4.0916,,,950.1535,1564.3025,4757.6841,0,24.3657,34.465,23.6027,212.8831,250.7856,0.7516,0.2502,0.1198,0.0431,0,,366.3183,0.9871,0,3.6298,13.3391,0,0.0579,0.1061,0.5511,0.2855,0.0732,1.5975,30.8939,2.0406,,2,1,51.4974,0.849,2.192,4.2795,2.2657
ASC189,Indian Recipes,Stuffed tomatoes (Bharwa tamatar),INDB,Cooked_Recipe,93.3475,387.6863,3.2819,6.1901,6.0598,2.6756,2.1979,,,1394.5104,1334.5049,2965.783,0,59.1576,54.518,18.8349,165.8528,202.8755,0.6186,0.5067,0.0797,2.403,0,,4231.0039,8.1566,0,2.3515,22.4186,0,0.0645,0.0296,0.5729,0.2877,0.0935,3.3289,27.6132,20.8304,,2,1,126.4859,4.4469,8.3876,8.211,2.9781
ASC190,Indian Recipes,Pea potato curry (Aloo matar),INDB,Cooked_Recipe,100.923,419.0942,3.4829,9.739,5.1269,1.8645,3.6079,,,631.8172,1031.2917,3196.2339,0,21.1008,40.5157,27.5309,154.8328,274.2627,1.018,0.5626,0.1349,0.7968,0,,1722.5376,7.1162,0,2.5464,24.6772,0,0.1271,0.0238,0.8543,0.4203,0.1347,2.4363,31.7698,25.2447,,1,1,279.8896,9.659,27.0093,14.2183,10.0059
ASC191,Indian Recipes,Pea paneer curry (Matar paneer),INDB,Cooked_Recipe,134.8344,560.983,6.6055,9.2919,7.7501,3.8928,3.2996,,,2219.7161,1804.0498,3252.124,0,105.2027,92.1834,27.9907,157.3442,188.1794,1.0775,1.0061,0.1367,4.8335,0,,1720.0135,7.1054,0,2.5392,24.295,0,0.1199,0.04,0.6902,0.4401,0.1239,5.9862,45.7964,21.0709,,1,1,373.9361,18.319,25.7693,21.4933,9.1509
ASC192,Indian Recipes,Pea mushroom curry (Matar mushroom),INDB,Cooked_Recipe,93.2961,387.1828,3.8687,7.4115,5.1611,1.8248,3.8603,,,635.3022,1030.0297,3220.3928,0,22.6981,48.3926,26.4907,155.4836,234.0579,0.9675,0.5428,0.1349,0.6615,0,,1685.0372,10.7851,0,2.5374,26.5486,0,0.1181,0.0274,0.7894,0.4293,0.1383,3.857,30.4662,21.0709,,1,1,258.7381,10.729,20.5543,14.3133,10.7059
ASC193,Indian Recipes,Pea curry (Matar ki sabzi),INDB,Cooked_Recipe,102.9912,427.7482,4.5123,9.1964,5.1088,1.9817,4.4391,,,627.3911,1033.9835,3183.116,0,24.4758,42.7747,30.4228,154.7517,221.6179,1.2001,0.7087,0.1583,0.9554,0,,1916.8909,9.4095,0,2.5734,32.2674,0,0.1649,0.0274,0.8975,0.4744,0.1509,2.9213,38.848,27.9941,,1,1,285.6256,12.514,25.5043,14.1683,12.3109
ASC194,Indian Recipes,Pea vadi curry,INDB,Cooked_Recipe,101.9475,423.4414,4.6372,8.9007,5.0772,1.9231,4.2846,,,622.9574,1025.8401,3141.9397,0,23.624,44.5923,30.1645,149.505,216.0974,1.2001,0.7084,0.1598,0.9222,0,,1850.2466,9.082,0,2.5169,31.1444,0,0.1613,0.0271,0.8698,0.4596,0.1481,2.8196,38.018,27.0198,,1,1,292.9256,13.324,25.5743,14.5883,12.3109
ASC195,Indian Recipes,Paneer curry,INDB,Cooked_Recipe,176.5168,734.2085,7.8011,8.3981,12.3849,6.2859,1.3991,,,4126.7627,2989.8787,4484.0732,0,189.0569,139.4762,21.8314,216.0889,142.7175,0.8072,1.1789,0.091,8.6787,0,,1745.9663,3.3746,0,3.3791,11.4453,0,0.0333,0.0523,0.3295,0.3277,0.0808,8.8081,47.232,9.9027,,1,1,357.1464,15.784,16.9918,25.0583,2.8309
ASC196,Indian Recipes,Lotus stem curry (Kamal kakdi curry),INDB,Cooked_Recipe,110.3379,457.3094,1.5292,9.2358,7.2509,2.0861,3.1413,,,938.1597,1427.1296,4474.8062,0,26.5908,44.6929,21.8166,217.049,345.6545,1.7116,0.293,0.1354,1.81,0,,1731.8804,3.4265,0,3.6423,27.9221,0,0.0519,0.0338,0.4407,0.2202,0.1364,2.0655,22.4631,19.7739,,1,1,223.2466,3.094,18.6868,14.6708,6.3559
ASC197,Indian Recipes,Gravy for kofta,INDB,Cooked_Recipe,125.5859,519.4003,1.7483,6.3068,10.3497,3.7282,1.9573,,,1434.6268,2113.4429,6283.2837,1.1849,39.6477,42.5112,19.1913,312.8622,199.4201,0.7529,0.3109,0.0755,0.3739,3.0162,,2403.2144,4.7924,0,4.9032,16.1943,0,0.0421,0.0487,0.4117,0.2611,0.1002,1.7325,19.821,12.2467,,1,1,174.8784,2.4346,8.7822,14.4119,2.7255
ASC198,Indian Recipes,Pea kofta curry (Matar kofta curry),INDB,Cooked_Recipe,595.6648,2451.2268,2.0104,4.1676,63.3925,0.8834,1.7044,,,7648.0952,13003.8594,40099.1484,0.2114,13.843,21.5025,12.2346,83.0667,88.8485,0.5598,0.288,0.0668,0.4312,0.5381,,682.2359,3.3361,0,31.2175,15.4102,0,0.0655,0.0171,0.3491,0.1934,0.0608,1.1931,16.544,9.5652,,1,1,4649.1636,15.6913,32.5282,494.7781,13.3025
ASC199,Indian Recipes,Spinach kofta curry (Palak kofta curry),INDB,Cooked_Recipe,571.7761,2353.02,1.0858,3.5649,61.4919,0.8188,0.9239,,,7427.7783,12579.9492,38832.8633,0.2047,29.3148,17.8966,20.784,104.508,158.6535,0.83,0.1731,0.0582,0.7487,0.521,,2201.1047,0.8826,0,30.3969,67.0919,0,0.0468,0.0307,0.207,0.0868,0.0494,1.0709,31.1212,7.9446,,1,1,4609.4873,8.7537,28.7391,495.7292,7.4481
ASC200,Indian Recipes,Paneer kofta curry,INDB,Cooked_Recipe,670.9108,2761.2947,2.3854,3.269,72.0632,1.981,0.4012,,,9450.373,14918.8291,44643.9023,0.2354,59.4914,44.2592,7.0715,121.7155,48.2889,0.3449,0.3629,0.0342,2.55,0.5991,,504.7291,0.9659,0,34.6789,7.5684,0,0.011,0.0209,0.1016,0.1046,0.0249,2.5952,13.9448,2.4331,,1,1,4703.0845,16.7213,22.9157,505.1631,2.8125
ASC201,Indian Recipes,Lotus stem kofta curry (Kamal kakdi kofta curry),INDB,Cooked_Recipe,633.5641,2607.5115,0.9572,5.0148,67.7635,0.8781,1.0125,,,8177.6841,13870.1836,42798.1055,0.2257,19.3081,20.6678,7.8004,108.6149,109.3818,0.6525,0.1324,0.0519,0.8696,0.5744,,483.0814,0.9475,0,33.3251,11.8594,0,0.026,0.0185,0.2046,0.071,0.0432,0.6237,7.8993,5.2791,,1,1,4632.4312,6.9987,36.6666,495.4667,7.4031
ASC202,Indian Recipes,Raw banana kofta curry (Kela kofta curry),INDB,Cooked_Recipe,627.2715,2580.8108,0.6217,3.4044,67.9793,2.3015,0.5909,,,8205.3057,13944.749,43014.2031,0.2269,9.2265,12.0676,6.8374,88.3957,71.3461,0.283,0.0884,0.033,0.0991,0.5776,,472.0692,0.9249,0,33.4606,7.4069,0,0.0241,0.0154,0.1684,0.0896,0.0512,0.611,6.4194,3.2492,,1,1,4561.3301,4.5207,24.7561,494.3252,4.2971
ASC203,Indian Recipes,Cauliflower kofta curry (Phoolgobhi kofta curry),INDB,Cooked_Recipe,641.0996,2637.4429,1.0372,2.6166,69.6235,0.8289,0.9968,,,8405.75,14273.8799,44035.9414,0.232,12.259,18.1461,7.8194,93.6495,82.1586,0.4,0.128,0.034,0.2015,0.5906,,486.1687,1.0849,0,34.2336,9.1921,0,0.0219,0.0211,0.1586,0.1417,0.0436,0.7665,12.5866,7.5906,,1,1,4559.3081,7.3762,18.6086,495.1412,7.0886
ASC204,Indian Recipes,Cabbage kofta curry (Pattagobhi kofta curry),INDB,Cooked_Recipe,639.8127,2632.231,0.9756,2.8741,69.4004,0.8908,0.9022,,,8374.7676,14234.3994,43899.3438,0.2314,15.4567,16.5577,7.3239,92.8534,72.2082,0.3389,0.1138,0.0322,0.2847,0.5889,,508.2065,0.9651,0,34.1409,19.5429,0,0.0214,0.0191,0.1553,0.1014,0.0437,0.6529,12.6758,6.1086,,1,1,4562.9526,6.9577,20.4976,494.9432,6.4341
ASC205,Indian Recipes,Ghiya/Lauki Kofta Curry,INDB,Cooked_Recipe,638.7068,2627.6038,0.8883,2.709,69.4015,0.8235,0.8349,,,8374.2305,14231.6123,43896.5586,0.2314,11.635,15.0707,6.5814,91.4315,60.7453,0.3294,0.1128,0.0343,0.3573,0.5889,,489.4998,1.0209,0,34.1378,7.8801,0,0.0214,0.0149,0.1448,0.135,0.0321,0.7728,12.2162,3.0672,,1,1,4555.0654,6.3352,19.3201,494.9507,5.9541
ASC206,Indian Recipes,Spinach paneer kofta curry (Palak paneer kofta curry),INDB,Cooked_Recipe,606.0251,2493.6992,1.4269,2.9429,65.4079,1.1609,0.7456,,,8131.0977,13438.5342,41051.0508,0.2164,37.7081,25.3524,16.589,99.3712,125.1049,0.6775,0.2265,0.0502,1.2571,0.5508,,1704.151,0.9136,0,32.0515,49.581,0,0.0345,0.0274,0.1638,0.0929,0.0415,1.5492,25.9578,6.208,,1,1,4620.9419,10.8803,22.4397,498.7351,5.6855
ASC207,Indian Recipes,Vegetarian egg kofta curry,INDB,Cooked_Recipe,627.4058,2581.8955,1.3275,4.261,67.2419,1.1895,0.6373,,,8348.1289,13824.4658,42217.5625,0.2227,28.3887,26.3047,8.0482,95.8928,104.0371,0.3877,0.2011,0.0384,1.078,0.5668,,487.1371,0.9381,0,32.8156,7.3974,0,0.0199,0.0156,0.2331,0.107,0.0332,1.1817,9.1532,4.8011,,1,1,4649.0771,9.8366,31.5738,498.2623,4.7224
ASC208,Indian Recipes,Baked vegetables,INDB,Cooked_Recipe,88.9869,371.4322,3.6699,8.4365,4.4368,2.5621,2.3357,,,2685.0693,1146.2074,231.8,8.2653,80.1992,90.1182,19.9273,124.7,221.876,0.6214,0.5215,0.0747,0.9116,32.5339,,1693.7306,3.5017,0,0.221,13.661,0,0.0765,0.0682,0.4779,0.3953,0.1187,2.578,25.5165,15.5545,,1,2,269.1852,11.1015,25.5205,13.4213,7.0655
ASC209,Indian Recipes,Cauliflower musallam (Phoolgobhi musallam),INDB,Cooked_Recipe,58.8272,244.3669,1.8922,4.4845,3.5467,1.7072,3.0581,,,469.2807,672.0726,2159.2104,0,24.6103,39.6114,20.8737,123.3568,266.3366,0.8321,0.2936,0.0642,0.4539,0,,1145.3926,3.0294,0,1.6059,15.1705,0,0.0432,0.0502,0.3802,0.4567,0.1173,2.1171,35.5579,33.0762,,1,2,127.052,4.0868,9.6853,7.6601,6.6047
ASC210,Indian Recipes,Baked vegetables with spinach,INDB,Cooked_Recipe,77.7935,324.4528,3.2177,6.9294,4.0275,2.0878,2.3258,,,2163.4514,986.6938,546.3561,6.5528,78.6264,74.0836,35.6174,122.8478,314.3217,1.1583,0.4964,0.0981,1.1639,26.6727,,3474.595,2.6129,0,0.7036,86.8465,0,0.0942,0.0751,0.4328,0.3474,0.1242,2.9333,52.7222,18.6417,,1,2,329.4732,13.6275,29.3478,17.0575,9.8504
ASC211,Indian Recipes,Baked potato with skin,INDB,Cooked_Recipe,135.7729,563.8022,3.4264,11.11,8.5036,1.6578,1.1967,,,5243.8149,2214.8867,380.7209,21.7225,90.0606,121.8935,21.1764,354.5014,392.7113,0.4952,0.5119,0.0702,1.1774,86.9538,,225.9298,0.2031,0,0.2551,2.5231,0,0.05,0.0561,0.6911,0.3691,0.079,1.8,12.7454,15.1534,,2,1,106.412,2.6854,8.7074,6.6647,0.9379
ASC212,Indian Recipes,Shepherd's pie (vegetarian),INDB,Cooked_Recipe,135.6335,564.3312,5.0406,12.0342,7.3045,2.7814,2.2289,,,4094.2512,1874.4532,763.447,10.6238,85.5863,86.229,25.0446,118.1975,332.0761,0.7598,0.7716,0.1108,3.9384,47.7823,,426.7988,2.5772,0,0.5437,10.1459,0,0.0865,0.0358,0.7826,0.4198,0.101,4.6495,33.4108,19.0933,,1,2,367.1125,13.6432,32.5723,19.7707,6.0329
ASC213,Indian Recipes,Baked brinjal in tomato sauce,INDB,Cooked_Recipe,38.629,161.0193,1.5795,4.1292,1.6235,2.196,2.3403,,,423.5904,344.2837,726.6983,0,26.2376,31.1424,15.5651,79.6567,187.9948,0.3207,0.2385,0.0686,0.7023,0,,3493.7227,7.2358,0,0.6099,18.436,0,0.0451,0.0482,0.4903,0.2374,0.0789,1.9842,24.1355,15.8709,,1,2,166.4425,6.8055,17.7918,6.9951,10.0839
ASC214,Indian Recipes,Dum aloo,INDB,Cooked_Recipe,682.3299,2806.8433,0.6983,3.3305,74.0067,0.7083,0.6792,,,9067.4814,15158.9375,46646.2266,0.4921,16.4945,19.1404,8.6262,183.854,119.5454,0.3564,0.1245,0.0406,0.3448,1.2526,,103.8963,0.2791,0,36.2663,6.8004,0,0.0169,0.017,0.2068,0.1014,0.0306,0.4744,5.1321,4.3823,,1,1,4575.5679,4.6824,22.3336,496.2741,4.5546
ASC215,Indian Recipes,Spinach paneer (Palak paneer),INDB,Cooked_Recipe,77.6831,323.5482,4.0336,4.4296,4.763,2.5506,1.9068,,,1587.5737,1101.3867,1711.8571,0,113.2477,69.622,54.1263,166.8662,386.631,1.8513,0.684,0.1254,4.2312,0,,5906.1323,2.311,0,1.8315,170.4522,0,0.0975,0.0725,0.3375,0.2462,0.1144,5.3857,90.3737,20.3769,,1,1,229.5536,11.9194,13.0896,14.0747,5.6346
ASC216,Indian Recipes,Methi chaman,INDB,Cooked_Recipe,475.6245,1957.7849,1.5415,2.7789,50.9075,1.7928,0.526,,,6884.0801,10537.2373,31291.3672,0,60.569,41.0397,12.505,54.9402,115.4244,0.628,0.1886,0.0404,0.5446,0,,1205.4133,0.1707,0,24.4195,41.0084,0,0.0276,0.0559,0.1418,0.1751,0.0476,1.2131,14.1638,6.3162,,1,1,4763.3794,15.4381,27.8305,509.8385,5.268
ASC217,Indian Recipes,Sarson ka saag,INDB,Cooked_Recipe,87.8423,364.1703,3.005,5.3257,5.8607,0.7542,3.6934,,,3303.104,1432.9896,570.509,13.244,134.4091,61.9074,55.1092,165.4529,399.5635,2.4333,0.6464,0.1973,5.0654,50.767,,5512.5781,4.3694,0,0.8635,176.6045,0,0.0934,0.1586,0.5711,0.2608,0.1591,2.0133,90.7816,42.1175,,1,2,124.2617,4.2509,7.5338,8.2906,5.2247
ASC218,Indian Recipes,Jackfruit sabzi (Kathal ki sabzi),INDB,Cooked_Recipe,625.3996,2572.4834,0.6895,3.4003,67.596,2.5895,1.0243,,,8126.6709,13872.3145,42800.2148,0,9.8493,8.8313,8.8781,58.948,80.7495,0.2704,0.0767,0.0542,0.0327,0,,479.5074,2.177,0,33.2895,13.5159,0,0.0157,0.0061,0.1494,0.0677,0.0551,0.9482,8.8979,3.9064,,1,2,2258.7244,2.4902,12.2806,244.1331,3.6995
ASC219,Indian Recipes,Avial,INDB,Cooked_Recipe,124.5592,520.925,2.4609,8.4727,8.937,3.8266,5.4432,,,6227.5684,550.7404,219.9594,0,31.9011,60.0302,36.4008,81.4956,378.2983,1.0129,0.3963,0.2101,3.8952,0,,1270.84,2.2347,0,1.0431,89.501,0,0.049,0.0431,0.5488,0.2921,0.1723,2.7004,32.2697,28.2463,,1,1,417.3356,8.2453,28.3878,29.9434,18.2374
ASC220,Indian Recipes,Al yakhani,INDB,Cooked_Recipe,147.5445,610.8039,2.8575,4.6461,13.1441,3.5605,1.2702,,,2256.2585,2791.7759,7477.2866,4.7414,103.8804,84.2571,18.7336,206.2366,198.3491,0.4603,0.4197,0.0369,1.7132,12.069,,57.5603,0.6864,0,5.7721,3.0744,0,0.0465,0.1238,0.1963,0.4616,0.0551,2.2505,26.1863,2.3319,,1,1,342.3032,6.6293,10.7789,30.4943,2.9469
ASC221,Indian Recipes,Shahi paneer,INDB,Cooked_Recipe,156.4958,649.7433,5.0638,6.6409,12.3411,5.0136,1.4024,,,7253.3799,3336.8789,668.6357,23.7005,125.3772,97.375,18.2896,215.3452,170.601,0.6204,0.7573,0.0681,4.7369,92.1859,,2763.7278,4.902,0,0.6571,13.5259,0,0.0396,0.0705,0.4488,0.2818,0.0889,5.2619,30.2983,11.8869,,1,1,405.8563,13.1325,17.2226,32.0054,3.6369
ASC222,Indian Recipes,Paneer in butter sauce,INDB,Cooked_Recipe,145.6078,607.5002,6.9865,9.7016,8.8092,7.4873,1.4979,,,5258.0249,2378.2646,392.4168,9.905,170.588,126.5751,23.0134,151.4483,158.3417,0.8476,1.0556,0.0902,7.4458,45.9404,,2146.7156,4.2803,0,0.2001,12.8847,0,0.0353,0.0585,0.3589,0.3058,0.083,7.7145,41.3247,11.4926,,1,2,228.2985,10.9542,15.2112,13.812,2.3486
ASC223,Indian Recipes,Methi malai paneer,INDB,Cooked_Recipe,194.9778,810.1642,7.3409,8.1502,14.7588,6.0012,1.4725,,,5462.5659,3671.439,4730.8496,7.1105,183.9576,135.3991,22.0791,221.1603,125.7175,0.7682,1.0556,0.0941,6.5876,37.6212,,602.5679,1.7733,0,3.6096,17.2031,0,0.0575,0.0903,0.2758,0.3852,0.069,7.2259,38.1954,7.0317,,1,1,377.0384,14.1955,15.7604,28.5398,2.8474
ASC224,Indian Recipes,Chilli paneer,INDB,Cooked_Recipe,777.5137,3199.6609,2.1022,3.307,84.011,1.5039,0.5006,,,10750.4785,17529.3848,52208.832,0.3368,42.9044,38.6173,8.8143,89.041,54.2492,0.3554,0.3206,0.0509,2.3097,0.8758,,1217.7545,0.4156,0,40.54,8.6196,0,0.0188,0.0222,0.1753,0.0791,0.021,1.8681,9.6678,1.64,,1,2,2308.2827,6.2409,9.818,249.4119,1.4861
ASC225,Indian Recipes,Paneer makhana korma,INDB,Cooked_Recipe,775.8162,3194.0447,3.2421,4.632,82.7579,1.8411,0.2098,,,11231.2471,17613.4062,50403.8164,1.5848,72.8929,81.4026,20.5057,77.0066,95.3946,0.5534,0.5038,0.0922,3.7644,6.7743,,89.5845,0.2053,0,38.9827,6.3009,0,0.05,0.0241,0.1306,0.126,0.0351,2.5346,15.5282,0.1058,,1,1,4709.2041,19.6796,28.1161,502.3402,1.2734
ASC226,Indian Recipes,Kadhai Paneer,INDB,Cooked_Recipe,107.9925,449.9146,4.333,7.3409,6.8075,5.5389,2.0675,,,1950.515,1574.9794,2863.8538,0,91.5273,80.6802,22.3997,144.3304,290.8061,0.6451,0.6595,0.1194,3.8735,0,,2379.6841,4.0815,0,2.8429,12.0143,0,0.1557,0.0462,0.7985,0.2518,0.1158,5.5243,36.8137,26.9782,,1,1,343.5565,13.7844,23.3536,21.6566,6.5773
ASC227,Indian Recipes,Roghan josh,INDB,Cooked_Recipe,139.5861,582.694,9.5586,4.929,9.0215,2.6611,2.0765,,,622.6769,707.0484,1802.9614,1.3982,112.3264,106.8695,20.9954,204.3114,294.0424,1.7672,0.2993,0.077,0.7792,3.5592,,2383.165,2.7603,0,1.3468,13.3341,0,0.1148,0.1184,3.2164,0.1877,0.0705,1.1755,15.3965,5.26,,1,1,329.4371,22.5594,11.6329,21.2917,4.9008
ASC228,Indian Recipes,Spinach mutton (Palak mutton),INDB,Cooked_Recipe,80.3239,335.4285,5.7425,3.448,4.7101,1.4157,2.2326,,,396.5103,365.3793,1027.2771,0.679,96.8759,68.6607,54.9323,121.1025,464.2846,2.3756,0.382,0.1249,1.4535,1.7284,,6071.2759,1.4742,0,1.3176,173.6527,0,0.1381,0.1089,1.7316,0.2043,0.1114,2.7004,80.5204,18.1301,,1,1,390.3821,27.9094,16.7579,22.8917,10.8508
ASC229,Indian Recipes,Pea keema curry (Matar keema ki sabzi),INDB,Cooked_Recipe,133.003,553.1479,8.4331,6.2401,8.1376,1.818,2.9596,,,2401.2002,2411.7,2748.2671,22.8747,35.6047,89.7511,27.2856,148.3761,252.6273,1.3504,1.4834,0.1224,1.2412,2.6757,,1356.009,5.8752,0,2.1038,19.9947,0,0.1321,0.0825,1.9474,0.5702,0.1565,2.4772,24.7612,16.1775,,1,1,457.3041,28.9955,21.4555,27.9794,10.1759
ASC230,Indian Recipes,Keema kofta curry,INDB,Cooked_Recipe,154.4536,643.3823,9.7696,5.6447,10.3884,2.1376,1.5073,,,3273.0405,3229.6543,2994.8728,57.7924,49.8858,118.72,22.0657,311.5108,251.5594,1.2537,1.6484,0.0845,4.4441,19.4053,,1054.5692,2.2784,0.0635,2.2667,8.1254,1.1049,0.0844,0.1226,2.1081,0.6029,0.1502,3.0356,15.9808,5.8689,,4,2,63.8241,4.0371,2.3325,4.2927,0.6229
ASC231,Indian Recipes,Kashmiri mutton koftas (Gushtaba),INDB,Cooked_Recipe,97.4245,405.6025,6.3345,3.0412,6.7673,2.1252,0.6246,,,2896.4934,2194.3669,1102.6758,25.3071,52.5342,86.4317,15.875,130.1113,171.5504,0.8486,1.1433,0.0498,0.9493,18.0511,,49.8795,0.3236,0,0.7911,1.1446,0,0.0507,0.097,1.412,0.3641,0.086,1.3182,7.3882,1.0595,,1,1,296.1949,19.2584,9.246,20.5743,1.8989
ASC232,Indian Recipes,Mutton yakhni,INDB,Cooked_Recipe,104.125,434.6216,8.2723,0.8426,7.7003,0.1253,0.672,,,239.4809,472.1473,1137.7084,0,88.6087,72.0123,8.5384,101.017,154.3022,1.6594,0.1028,0.0229,0.1209,0,,19.1913,0.4353,0,0.8603,1.4118,0,0.0869,0.0668,3.0659,0.0109,0.007,0.0387,2.8053,0.0388,,1,1,241.7263,19.2042,1.956,17.8762,1.5602
ASC233,Indian Recipes,Chicken yakhni,INDB,Cooked_Recipe,99.002,413.277,10.6588,0.7757,6.098,0.1154,0.6187,,,608.8261,906.3216,1222.1257,29.2921,28.236,91.5235,17.4745,97.3829,175.3768,0.9313,0.4659,0.1496,8.9441,3.3123,,14.0997,0.4008,0.6568,0.9301,1.2998,13.2302,0.0563,0.0345,3.9617,0.5573,0.2587,1.9917,5.251,0.0357,,1,1,249.6335,26.8762,1.956,15.3762,1.5602
ASC234,Indian Recipes,Mutton do piaza,INDB,Cooked_Recipe,183.3047,762.2761,9.3866,4.1368,14.4111,2.9046,1.9266,,,5648.9365,2965.9604,673.4188,77.8594,118.6141,120.4094,18.3834,118.6175,240.9187,1.6348,0.5032,0.0684,6.7556,110.9696,,357.2655,0.4765,0.1277,0.7482,4.7948,2.2204,0.0923,0.1325,2.2803,0.4069,0.0806,3.9288,20.4559,2.254,,1,1,603.0726,30.882,13.61,47.4125,6.3384
ASC236,Indian Recipes,Mutton chops,INDB,Cooked_Recipe,663.6375,2732.1194,4.0298,1.4791,71.3148,0.4167,0.1723,,,8390.5742,14216.6943,43506.7539,13.321,36.1777,39.6497,2.3205,51.0335,70.5571,0.6359,0.0908,0.0162,1.6722,7.6794,,23.1144,0.0387,0.03,33.8454,4.6198,0.5223,0.0412,0.0399,1.228,0.0779,0.0168,0.7745,4.7694,1.0722,,2,1,2320.3091,14.0897,5.1714,249.3416,0.6025
ASC237,Indian Recipes,Shammi kebab,INDB,Cooked_Recipe,685.6909,2822.9739,4.5166,3.5374,72.6078,0.3148,1.05,,,9453.5898,15312.3418,44621.4336,24.6046,13.1132,53.0799,11.0313,54.2742,110.917,0.7452,0.7545,0.0685,4.1753,7.9582,,73.5728,0.2143,0.0307,34.5978,5.3316,0.5333,0.0428,0.0439,0.8486,0.2727,0.0546,1.0942,12.0006,0.958,,2,2,1173.9541,7.7327,6.0563,124.3101,1.7977
ASC238,Indian Recipes,Scotch egg,INDB,Cooked_Recipe,676.8925,2786.4543,4.0512,1.9079,72.6232,0.2955,0.3578,,,9440.1416,15346.3623,44593.1094,48.5903,15.0303,48.3105,6.8045,90.674,72.3388,0.5975,0.5722,0.0372,4.8584,22.4336,,82.2023,0.1345,0.092,34.7084,6.0337,1.5998,0.0311,0.048,0.6159,0.2878,0.054,2.3879,8.943,0.7566,,2,1,2318.052,13.8736,6.5336,248.7019,1.2253
ASC239,Indian Recipes,Shepherd's pie (with minced meat),INDB,Cooked_Recipe,142.7765,593.8494,7.449,8.058,8.8783,1.6987,1.0465,,,4273.4922,2828.2258,1052.1626,33.3125,21.2971,92.8128,20.3718,197.2472,357.8807,0.8431,1.3529,0.082,1.084,36.1306,,139.2558,0.1903,0,0.6973,1.8943,0,0.0873,0.0766,2.0994,0.5163,0.1232,1.6951,11.2131,10.3111,,1,2,267.8845,13.9761,15.1188,16.6579,1.9635
ASC240,Indian Recipes,Chicken curry,INDB,Cooked_Recipe,129.2239,538.9601,11.795,3.3785,7.5691,1.7908,1.4061,,,821.084,1119.9711,2005.9152,31.2544,27.2897,107.8088,21.8931,108.0047,253.4851,0.8688,0.5587,0.1852,9.5579,4.0738,,1284.1903,2.9003,0.6958,1.5621,8.5713,14.0163,0.0733,0.0466,4.2831,0.7051,0.318,2.9461,15.608,6.772,,1,2,320.3784,29.2427,8.3761,18.7657,3.486
ASC241,Indian Recipes,Tandoori chicken,INDB,Cooked_Recipe,145.1986,607.1731,16.2639,2.3365,7.9333,1.5839,0.5049,,,990.2443,1050.4628,1025.3193,44.2463,44.3258,154.0706,22.0177,158.0016,287.2095,0.8996,0.7097,0.2075,13.2396,8.7174,,69.3706,0.1986,0.9578,0.7713,1.5662,19.2948,0.0865,0.0865,5.7044,0.9096,0.4066,3.4192,12.6822,2.7439,,0.25,1,2092.022,234.3299,33.6637,114.3024,7.2742
ASC242,Indian Recipes,Butter chicken,INDB,Cooked_Recipe,137.0029,571.178,10.9241,3.7449,8.6995,2.3704,1.324,,,3047.6536,1620.5123,424.9833,39.2553,25.2796,102.5157,23.2697,26.2117,319.5255,0.9224,0.513,0.1975,8.6066,48.978,,1884.1577,3.5815,0.6268,0.8242,9.5304,12.627,0.1365,0.0548,4.1329,0.6246,0.3007,2.9915,14.8429,11.8623,,1,2,377.0388,30.0637,10.3061,23.9416,3.6436
ASC243,Indian Recipes,Chicken kebab,INDB,Cooked_Recipe,729.4061,3001.1431,3.7075,1.1135,78.8861,0.2373,0.2123,,,9436.3574,16046.7354,49118.1797,9.9354,3.4571,31.7069,5.2372,69.7615,62.6715,0.2777,0.1532,0.0594,3.0161,1.1235,,11.3234,0.1582,0.2228,38.1912,5.5226,4.4875,0.0197,0.0116,1.3261,0.2082,0.0943,0.7762,3.0913,0.331,,5,1,903.7342,4.5935,1.3796,97.7399,0.2631
ASC244,Indian Recipes,Chilli chicken,INDB,Cooked_Recipe,198.8343,823.9663,9.5721,2.8594,16.5627,0.9304,0.9931,,,1902.3411,3048.3403,8403.8613,23.8677,12.9742,84.3507,16.4765,223.746,207.3009,0.6559,0.3911,0.1381,8.2033,2.6989,,312.1714,1.5322,0.5813,6.5036,6.1311,10.7802,0.0533,0.044,3.3399,0.6127,0.2536,2.9768,13.3254,14.2681,,1,1,769.1309,37.0267,11.0608,64.068,3.8413
ASC245,Indian Recipes,Fried chicken with tomato sauce (Fried chicken tamatar ki chutney kay saath),INDB,Cooked_Recipe,125.0319,521.4828,11.4781,2.5067,7.6104,1.1561,1.1333,,,881.2178,1099.9421,1993.1976,31.0859,16.0853,101.9063,17.7714,107.5632,242.3384,0.6381,0.4852,0.1664,9.4248,3.5152,,2774.019,3.7945,0.697,1.5947,11.0186,14.0404,0.0703,0.0411,4.2719,0.6847,0.3106,2.69,14.0718,8.7083,,2,2,154.727,14.2042,3.1021,9.4178,1.4024
ASC246,Indian Recipes,Fish curry (Machli curry),INDB,Cooked_Recipe,111.1279,461.6222,8.7619,3.7738,6.6914,2.0156,1.8857,,,1587.292,2191.9731,3792.8142,19.2227,52.0608,101.8712,24.1091,184.7137,241.9811,1.0904,0.5273,0.0759,20.6398,2.6263,,1231.9595,3.0013,0.3307,3.64,8.3504,0.4056,0.027,0.0402,1.1644,0.6068,0.152,0.8972,15.9283,8.8502,,1,1,282.2315,22.2526,9.5842,16.9942,4.7892
ASC247,Indian Recipes,Fried fish (Indian style) (Tali hui machli),INDB,Cooked_Recipe,658.5441,2711.3765,4.3454,5.4048,68.88,0.395,0.6069,,,8336.4248,14107.7402,43531.6367,6.5743,11.1138,46.8998,10.2264,156.936,75.489,0.5587,0.2044,0.046,9.2645,2.3112,,41.2624,0.2593,0.0311,33.9035,4.9436,0.7426,0.0349,0.0258,0.5093,0.2762,0.0412,1.2151,9.9553,2.0438,,2,1,2327.9534,15.3611,19.1059,243.4908,2.1455
ASC248,Indian Recipes,Fried fish and Chips (English Style) (Tali hui machli aur chips),INDB,Cooked_Recipe,651.7488,2682.0933,3.3603,2.7703,69.6939,0.1688,0.2852,,,8701.0723,14320.3965,43724.4414,12.5131,6.5622,40.2006,8.0512,72.7326,90.7245,0.2617,0.1473,0.0288,5.0839,7.8911,,202.6184,0.4676,0.1025,34.0804,5.3898,0.4036,0.019,0.0115,0.3272,0.2318,0.0357,0.4656,4.5366,3.1758,,1,1,4547.5776,23.4464,19.3296,486.2894,1.9898
ASC249,Indian Recipes,Tomato fish,INDB,Cooked_Recipe,489.7881,2015.8787,2.3945,3.1773,51.9082,1.3504,0.7157,,,6631.0024,10659.6846,32431.6074,5.1739,6.4605,31.4835,9.638,91.4679,115.5418,0.2374,0.1349,0.0364,3.1144,7.0904,,1270.9031,2.5599,0.063,25.2898,9.5585,0.1023,0.0218,0.0105,0.3541,0.207,0.0492,0.5509,7.9426,7.7577,,1,1,4740.8066,23.1767,30.7539,502.435,6.9276
ASC250,Indian Recipes,Baked fish with cheese sauce,INDB,Cooked_Recipe,113.9625,475.3187,8.6368,4.0642,7.0217,3.2169,0.0761,,,4187.3823,1786.8025,454.5703,21.3682,115.6424,170.7717,16.8398,209.4751,158.5145,0.2591,0.5381,0.0358,9.2482,43.8982,,136.2968,0.1076,0.1724,0.5531,0.4909,0.2799,0.0385,0.0908,0.4567,0.5633,0.068,1.5297,8.3007,2.8184,,1,1,403.1422,30.5526,14.3772,24.8392,0.2693
ASC251,Indian Recipes,Fish tikka,INDB,Cooked_Recipe,117.3305,489.0775,15.9972,3.9073,4.149,1.1809,1.1779,,,807.1953,800.2422,2221.321,32.7324,31.9849,178.1426,35.4991,503.4368,296.4261,1.4098,0.6254,0.1253,45.2114,11.507,,160.2632,0.4462,0.1549,1.9124,2.743,3.6972,0.0692,0.09,2.0569,1.0766,0.1355,4.6284,13.0249,2.5401,,4,1,41.6523,5.679,1.3871,1.4729,0.4181
ASC252,Indian Recipes,Tandoori fish,INDB,Cooked_Recipe,95.9795,400.9659,11.1919,2.3744,4.6421,1.6038,0.5801,,,1838.9771,952.4829,1468.2231,23.4136,37.2725,138.5438,24.8011,123.9424,226.3644,0.4609,0.4289,0.0451,16.0809,19.2135,,658.1645,1.4078,0.3264,1.4253,3.5882,0.5297,0.0465,0.0523,0.8761,0.7109,0.1103,0.5646,11.7907,8.4163,,1,4,224.2321,26.1471,5.5471,10.845,1.3552
ASC253,Indian Recipes,"Paneer, apple and pineapple salad",INDB,Cooked_Recipe,95.0803,397.419,3.8841,8.3482,5.0678,6.3631,1.6475,,,2554.7258,1275.3131,895.3688,6.5179,103.0478,86.9447,22.7314,176.6313,185.0539,0.8403,0.6146,0.0873,4.1136,31.2435,,2073.105,1.6753,0,0.2176,21.0477,0,0.0434,0.0851,0.2009,0.2616,0.0873,4.2034,26.0442,9.8141,,1,1,245.0694,10.0112,21.5175,13.0622,4.2463
ASC254,Indian Recipes,Russian salad,INDB,Cooked_Recipe,114.8277,476.7077,4.2629,6.4995,7.8367,1.6575,2.5697,,,1490.3063,4045.2483,1726.6628,64.4929,34.9233,64.31,24.5188,101.0919,254.5434,1.227,0.5698,0.1013,7.6375,50.6161,,2270.9646,2.3581,0.1327,1.9424,24.0066,2.3081,0.0825,0.0755,0.5043,0.4986,0.147,4.928,32.9618,15.6581,,1,1,363.4295,13.4922,20.5708,24.8031,8.1332
ASC255,Indian Recipes,Pasta salad,INDB,Cooked_Recipe,190.3612,792.54,4.1533,12.6962,13.9174,2.5954,0.9555,,,2680.7556,7319.9253,3098.9841,12.7045,66.7419,74.807,20.1602,152.3085,162.1592,0.8141,0.5688,0.0807,5.4502,33.4878,,2034.8239,1.9128,0,3.3242,16.9435,0,0.0529,0.0596,0.7055,0.3235,0.0919,3.6861,26.207,17.9758,,1,1,410.7043,8.9608,27.3921,30.0268,2.0615
ASC256,Indian Recipes,Deviled egg,INDB,Cooked_Recipe,98.5577,409.4773,4.967,2.2294,7.7156,0.8238,1.1515,,,1331.6952,3958.7632,1711.9186,118.1346,36.8395,76.9571,21.3022,117.2894,185.4069,1.5092,0.5851,0.0828,14.368,66.8545,,4136.3667,3.8177,0.2629,1.9322,35.4794,4.5728,0.0468,0.0994,0.2499,0.5617,0.1063,6.7672,30.2939,11.5297,,1,1,157.4459,7.9348,3.5615,12.3257,1.8395
ASC257,Indian Recipes,Hawain salad,INDB,Cooked_Recipe,175.2334,733.8816,4.269,14.3519,11.3665,5.2426,3.9338,,,6350.9541,2596.8965,469.2003,4.2355,61.0277,72.0596,27.7444,64.9167,204.639,1.1187,0.6451,0.1557,3.826,22.4098,,2220.5925,1.9684,0,0.7227,25.0431,0,0.0752,0.0617,0.5517,0.3086,0.1237,3.2108,31.7326,13.2833,,1,1,682.6438,16.6303,55.9095,44.2795,15.3247
ASC258,Indian Recipes,Mixed pulse and vegetable salad,INDB,Cooked_Recipe,83.118,349.2296,4.7359,13.9615,0.8368,1.3595,2.9611,,,137.1194,120.5568,442.3629,0,51.6281,93.2433,49.9947,127.7795,442.6478,2.1267,0.7801,0.2329,4.0487,0,,2388.8491,2.7658,0,0.3061,32.4831,0,0.0978,0.0703,0.7231,0.5098,0.1349,1.6132,62.1393,14.0185,,1,1,141.2341,8.0473,23.7233,1.422,5.0315
ASC259,Indian Recipes,Sprouted moong salad,INDB,Cooked_Recipe,37.8081,158.6528,2.2893,5.4834,0.7389,2.1342,0.9468,,,354.6886,160.5493,165.3644,1.6196,54.5567,55.0891,22.9176,116.3758,254.1755,1.4546,0.3904,0.0638,1.7296,4.1227,,2753.7705,1.8249,0,0.0525,25.5303,0,0.0592,0.079,0.419,0.2381,0.0901,1.2529,24.423,13.6652,,1,1,77.0339,4.6645,11.1723,1.5055,1.9291
ASC260,Indian Recipes,Tossed salad,INDB,Cooked_Recipe,62.9588,261.0323,1.0245,4.9514,4.2185,1.5566,2.1482,,,630.6561,2940.7971,449.893,0,32.3712,29.212,17.7626,77.502,232.9824,0.8605,0.2328,0.055,0.9586,0,,2432.1189,1.0654,0,0.248,29.2268,0,0.0357,0.0334,0.3094,0.146,0.0862,2.0981,29.2291,25.1325,,1,1,214.6895,3.4937,16.8843,14.3851,7.3252
ASC261,Indian Recipes,Mixed vegetable salad with curd sauce,INDB,Cooked_Recipe,60.2806,252.1195,4.2297,7.0343,1.5008,2.1579,3.7858,,,880.4196,364.9601,160.5455,4.085,65.5119,67.7916,32.9368,116.656,267.2418,1.3463,0.673,0.1267,1.9095,17.4079,,3408.864,5.0139,0,0.1517,36.9516,0,0.1255,0.0858,0.6584,0.4229,0.1753,3.318,40.078,17.5166,,1,1,129.8564,9.1115,15.1533,3.233,8.1554
ASC262,Indian Recipes,Potato salad (Aloo ka salaad),INDB,Cooked_Recipe,89.9081,374.9322,1.3975,11.1888,4.3969,3.9393,1.3211,,,572.7822,1642.0885,1890.5593,0,25.6146,38.4671,21.3129,125.0107,347.4492,0.9946,0.2966,0.0836,1.1661,0,,1542.1356,0.2553,0,1.1647,20.3776,0,0.0453,0.0257,0.6055,0.2415,0.0877,1.5576,22.3374,24.9065,,1,1,212.1831,3.298,26.4055,10.3768,3.1178
ASC263,Indian Recipes,Waldroff salad,INDB,Cooked_Recipe,141.7532,588.9412,1.4741,11.0194,10.051,8.2305,1.8654,,,2201.5769,3984.3806,3304.7952,9.8702,29.2939,37.0978,19.2338,13.4185,192.8641,1.0664,0.2975,0.1219,1.191,29.0264,,953.5822,2.7002,0,1.6701,14.2299,0,0.0494,0.0411,0.2656,0.1385,0.0947,1.0686,16.4769,8.692,,1,1,349.4217,3.6336,27.1629,24.7758,4.5981
ASC264,Indian Recipes,Coleslaw,INDB,Cooked_Recipe,76.7125,318.3607,1.2384,5.5908,5.3203,3.6243,2.338,,,1160.7653,2611.7524,1217.259,6.4197,37.0013,32.2643,13.1341,29.8702,207.7049,0.6315,0.221,0.0495,0.3616,22.918,,3281.2129,0.7393,0,1.223,28.9033,0,0.0354,0.0439,0.2521,0.2028,0.0969,1.1059,27.5308,15.0725,,1,1,116.9866,1.8885,8.526,8.1135,3.5655
ASC265,Indian Recipes,Fruit salad (Phalon ka salaad),INDB,Cooked_Recipe,78.1365,328.7023,0.9142,15.9604,1.2166,9.7827,1.5767,,,684.5428,271.8462,165.1372,2.7138,25.9323,23.1142,17.5581,7.1067,178.2714,0.8058,0.1784,0.0713,1.1859,14.3586,,1660.9744,1.1148,0,0.1233,19.7148,0,0.0371,0.0427,0.1918,0.1413,0.1116,1.4058,14.9333,17.2521,,1,1,237.5348,2.7792,48.5197,3.6985,4.7933
ASC269,Indian Recipes,Tomato onion raita (Tamatar aur pyaaz ka raita),INDB,Cooked_Recipe,59.0047,248.2641,3.7355,7.0808,1.8424,5.9766,0.9749,,,1103.2787,475.8745,125.3755,6.1913,120.6161,106.9732,18.225,165.207,237.7327,0.2559,0.5026,0.0353,1.2003,15.7596,,1379.4885,2.8534,0,0.0922,6.8512,0,0.0526,0.161,0.3231,0.3847,0.1001,2.2306,19.5703,8.4668,,1,1,104.8337,6.6369,12.5804,3.2734,1.732
ASC270,Indian Recipes,Peanut raita (Mungfali ka raita),INDB,Cooked_Recipe,150.3876,631.239,8.5905,9.3001,8.9797,7.1058,1.8901,,,2892.844,3657.7078,2000.9005,8.9671,174.597,204.4185,49.5234,235.8329,351.7809,0.7371,1.1107,0.1567,2.1945,22.8255,,86.3393,1.2246,0,0.7453,1.1817,0,0.1446,0.2433,2.0551,0.5775,0.1279,2.393,29.8953,2.1142,,1,1,184.4805,10.5379,11.4084,11.0154,2.3185
ASC271,Indian Recipes,Sprouted moong raita,INDB,Cooked_Recipe,60.8945,256.2002,4.623,6.1272,2.1873,5.5889,0.1589,,,1290.2678,569.5358,155.6983,7.2051,139.4368,125.1459,18.5697,189.2017,208.7704,0.8621,0.5741,0.0087,1.3166,18.3402,,73.5917,0.0538,0,0.0381,0.622,0,0.071,0.1962,0.2627,0.4103,0.0956,1.7119,17.6842,2.3537,,1,1,92.9677,7.0579,9.3544,3.3394,0.2425
ASC272,Indian Recipes,Bottle gourd raita (Ghiya/Lauki ka raita),INDB,Cooked_Recipe,56.3075,237.205,3.9778,5.7604,2.0661,5.2483,0.8532,,,1271.0891,537.9448,111.4656,7.2051,138.2643,118.2716,17.5642,188.3698,234.3156,0.2268,0.525,0.0218,1.8963,18.3402,,89.6786,0.2962,0,0.0447,1.3097,0,0.0514,0.1831,0.2103,0.5151,0.0792,2.547,25.8686,3.1168,,1,1,85.9647,6.0729,8.7944,3.1544,1.3025
ASC273,Indian Recipes,Cucumber raita (Kheere ka raita),INDB,Cooked_Recipe,59.1254,248.9951,4.0368,6.3499,2.076,5.2189,0.8597,,,1278.5333,540.2471,112.4449,7.2051,138.582,122.3097,20.6591,189.9648,253.6384,0.2923,0.5315,0.0185,1.3723,18.3402,,114.5296,0.4665,0,0.0447,3.3075,0,0.0481,0.1831,0.2791,0.4791,0.0923,2.6354,17.6318,3.6998,,1,1,90.2667,6.1629,9.6944,3.1694,1.3125
ASC274,Indian Recipes,Carrot and spinach raita (Gajar aur palak ka raita),INDB,Cooked_Recipe,56.8255,239.1461,4.0049,5.8349,1.9851,4.9306,1.3945,,,1144.4135,476.2637,197.9538,6.1913,142.5652,112.3545,38.8461,180.7912,380.7507,1.0363,0.5735,0.0637,1.7505,15.7596,,4058.1428,0.3108,0,0.4254,94.5782,0,0.0864,0.1869,0.2651,0.3892,0.1201,2.8471,53.7561,10.8563,,1,1,100.9619,7.1154,10.3669,3.5269,2.4775
ASC275,Indian Recipes,Mint raita (Pudinay ka raita),INDB,Cooked_Recipe,77.5853,326.9713,5.6378,7.6452,2.964,7.4847,0.3443,,,1836.5834,783.1994,138.2866,10.5092,198.2212,166.108,22.4996,274.3782,292.8344,0.3702,0.7084,0.015,2.1265,26.7507,,442.5455,0.1429,0,0.0644,4.0408,0,0.061,0.2659,0.254,0.4903,0.1092,2.5391,19.6986,2.8056,,1,1,81.2086,5.9011,8.0022,3.1024,0.3603
ASC276,Indian Recipes,Potato raita (Aloo ka raita),INDB,Cooked_Recipe,75.3796,316.9537,4.2208,10.2391,2.0396,5.0794,0.7503,,,1232.8342,524.5838,132.3363,6.9766,132.3106,124.5901,21.9375,183.367,376.2794,0.336,0.5584,0.0366,1.5365,17.7586,,129.2271,0.1184,0,0.0579,1.3418,0,0.0612,0.1776,0.522,0.4538,0.1052,2.1285,17.1428,9.7203,,1,1,118.8511,6.6549,16.1439,3.2159,1.183
ASC277,Indian Recipes,Boondi raita,INDB,Cooked_Recipe,687.7191,2831.0408,2.1938,3.9625,73.8269,1.8782,0.4599,,,9220.0977,15189.8887,46338.5273,2.5086,49.0027,47.8788,7.3964,99.1828,79.71,0.2383,0.2266,0.0201,0.6112,6.3854,,33.4724,0.0092,0,36.0279,5.2082,0,0.0316,0.0696,0.1376,0.1627,0.0434,0.9131,11.5042,0.2357,,1,2,2261.7363,7.2148,13.0315,242.7981,1.5124
ASC278,Indian Recipes,Sweet raita (Meetha raita),INDB,Cooked_Recipe,99.243,418.625,3.2396,17.9312,1.7792,15.3599,1.0198,,,1052.0834,427.0203,146.1458,5.7292,108.912,94.5807,16.7245,42.9844,233.2917,0.2135,0.4177,0.0323,1.1641,14.5833,,111.1979,0.4115,0,0.0792,1.2943,0,0.0406,0.1495,0.2443,0.3385,0.1422,1.6833,12.9682,2.7099,,1,1,190.5466,6.22,34.428,3.416,1.958
ASC279,Indian Recipes,Dahi vadas/Dahi bhalla,INDB,Cooked_Recipe,667.7263,2748.7332,2.9606,5.4862,70.4029,1.7753,0.9654,,,8800.3633,14475.9834,44186.9453,2.3948,49.0332,65.2296,17.8377,78.9995,152.3716,0.4874,0.3813,0.0567,2.1806,6.0958,,80.5987,0.6598,0,34.3177,6.1547,0,0.0294,0.0665,0.1869,0.3273,0.0415,0.6456,10.6263,0.3329,,2,2,1150.1587,5.0996,9.4501,121.2691,1.663
ASC280,Indian Recipes,Gunjia,INDB,Cooked_Recipe,667.3416,2747.7683,2.982,5.6772,70.2766,2.0491,1.1348,,,9274.2266,14321.0625,43565.3281,2.3605,48.1602,65.4695,17.8312,77.8974,154.1588,0.4991,0.3842,0.0634,2.1534,6.0086,,42.5544,0.616,0,33.8815,5.6029,0,0.0293,0.067,0.187,0.3242,0.0416,0.6323,10.9058,0.2913,,2,2,1166.1794,5.2111,9.921,122.8084,1.983
ASC281,Indian Recipes,Saunth/Sonth chutney with tamarind/imli,INDB,Cooked_Recipe,141.5258,592.1582,1.0125,33.5512,0.1538,31.3124,0.934,,,32.1045,43.7867,46.6822,0,54.7401,38.9463,46.2698,244.3757,267.2712,2.7104,0.2339,0.0969,0.3009,0,,83.5932,3.7898,0,0.0296,0.9469,0,0.0615,0.0157,0.2669,0.0921,0.2189,0.2605,5.6082,0.5367,,10,1,25.0501,0.1792,5.9386,0.0272,0.1653
ASC282,Indian Recipes,Rice kheer (Chawal ki kheer),INDB,Cooked_Recipe,75.026,315.3284,2.2972,10.0491,2.9723,8.018,0.1728,,,1704.0042,866.1835,129.2879,0,75.5729,65.4072,7.3342,16.2362,83.0804,0.169,0.2522,0.0367,0.6533,0,,127.085,0.0655,0,0.212,0.0752,0,0.0238,0.071,0.1259,0.2288,0.0315,1.2573,4.8723,1.2625,,1,1,300.9369,9.2144,40.3079,11.9223,0.6933
ASC283,Indian Recipes,Makhana kheer,INDB,Cooked_Recipe,107.8494,452.8546,3.31,12.8787,5.0044,11.54,0.1148,,,2878.2966,1437.95,232.529,1.7691,111.6427,100.5555,13.3926,23.4005,139.3491,0.2813,0.3438,0.0495,0.8995,6.6305,,195.0022,0.0945,0,0.3439,0.0546,0,0.0398,0.103,0.1201,0.3255,0.0488,1.8022,8.5464,1.8208,,1,1,299.94,9.2054,35.8169,13.9178,0.3193
ASC285,Indian Recipes,Vermicelli kheer (Semiya/Seviyan ki kheer),INDB,Cooked_Recipe,120.0692,504.2794,3.3547,15.8744,4.9971,12.7912,0.4955,,,2855.3083,1450.3411,229.31,2.1168,104.7974,90.3391,10.6692,22.5206,116.5705,0.2951,0.3475,0.0524,1.4601,7.9336,,190.2728,0.1558,0,0.3629,0.0924,0,0.0322,0.0966,0.1181,0.3183,0.0371,1.777,7.0091,1.7447,,1,1,279.0769,7.7973,36.8968,11.6147,1.1517
ASC286,Indian Recipes,Semolina kheer (Suji/Rava kheer),INDB,Cooked_Recipe,113.2108,476.1432,3.4268,15.8824,4.2042,12.881,0.5072,,,2374.7278,1241.5388,198.4487,0,105.9912,91.644,10.7123,22.6588,122.2258,0.3363,0.4048,0.0633,1.3269,0,,186.8064,0.3733,0,0.3243,0.1019,0,0.0399,0.0987,0.1391,0.3324,0.0409,1.7533,7.6111,1.7599,,1,1,260.8716,7.8963,36.5978,9.6877,1.1687
ASC287,Indian Recipes,Paneer kheer,INDB,Cooked_Recipe,105.3053,441.9123,4.5273,10.0291,5.3722,9.8657,0.068,,,3119.7349,1567.2681,208.5255,0,144.6628,114.0155,10.9078,23.8129,112.7483,0.2643,0.5403,0.0458,2.8417,0,,190.4978,0.0254,0,0.291,0.0396,0,0.0286,0.1048,0.0967,0.3398,0.0391,3.5401,14.4466,1.7484,,1,1,304.785,13.1033,29.0273,15.5487,0.1967
ASC288,Indian Recipes,Cabbage kheer (Pattagobhi ki kheer),INDB,Cooked_Recipe,83.5087,350.8929,2.8701,9.7295,3.7974,9.2822,0.5112,,,2154.5471,1126.5039,181.325,0,102.7401,83.0386,10.9938,22.6678,136.0472,0.2377,0.3057,0.0411,0.942,0,,201.2569,0.0492,0,0.2937,17.8103,0,0.0294,0.0957,0.1193,0.3093,0.0532,1.7923,13.1723,6.8212,,1,1,212.4712,7.3023,24.7548,9.6617,1.3007
ASC289,Indian Recipes,Carrot kheer (Gajar ki kheer),INDB,Cooked_Recipe,85.3499,358.5963,2.8056,10.0911,3.8524,9.6328,0.7345,,,2161.0198,1125.0826,208.7746,0,100.1193,85.0683,10.7957,28.5398,142.3358,0.277,0.3198,0.049,0.8068,0,,1632.5347,0.23,0,0.3189,2.93,0,0.031,0.0925,0.1161,0.3187,0.05,1.8065,9.6633,2.5717,,1,1,217.1556,7.1383,25.6748,9.8017,1.8687
ASC290,Indian Recipes,Cauliflower kheer (Phoolgobhi ki kheer),INDB,Cooked_Recipe,81.9539,344.1437,3.0379,8.7826,3.9516,8.4912,0.5521,,,2254.5408,1140.1885,190.5809,0,101.7513,87.5167,11.2168,25.1945,145.2041,0.3035,0.3294,0.0419,0.8631,0,,171.8129,0.1869,0,0.2777,1.9206,0,0.0308,0.1007,0.122,0.3642,0.051,1.9624,12.1096,7.8561,,1,1,249.4923,9.2483,26.7368,12.0297,1.6807
ASC291,Indian Recipes,Moong dal kheer,INDB,Cooked_Recipe,77.1572,324.2303,2.9525,9.894,2.9737,7.9186,0.3952,,,1690.4888,855.0234,141.5498,0,75.6646,76.451,11.9097,16.3364,123.5589,0.2815,0.3104,0.0642,2.4568,0,,146.9324,0.086,0,0.215,0.3354,0,0.0322,0.0731,0.1291,0.2745,0.0325,1.2539,7.9673,1.2481,,1,1,312.8183,11.9703,40.1133,12.0562,1.6022
ASC292,Indian Recipes,Phirni,INDB,Cooked_Recipe,116.1174,487.7982,3.4873,16.1083,4.3445,10.7879,0.3576,,,2375.5247,1344.9767,234.847,0,104.5702,96.2998,11.5304,22.471,114.5055,0.2263,0.3917,0.0602,0.928,0,,175.6016,0.0123,0,0.3935,0.1676,0,0.0387,0.1009,0.2703,0.3364,0.0503,1.7452,7.0066,1.7371,,1,1,336.9958,10.1207,46.7495,12.6085,1.0379
ASC293,Indian Recipes,Semolina halwa (Suji ka halwa),INDB,Cooked_Recipe,225.6478,940.2267,2.1645,24.6664,13.3819,13.9759,1.8562,,,7412.7217,3906.3477,857.2133,30.8232,11.7691,27.6423,13.0761,1.2794,70.4598,0.6547,0.421,0.1128,1.8273,115.5244,,279.7137,1.4625,0,1.2092,0.3701,0,0.0492,0.0114,0.2496,0.1329,0.0207,0.1323,4.9873,0.0299,,1,1,360.179,3.4549,39.3724,21.3602,2.9629
ASC294,Indian Recipes,Shahi suji halwa,INDB,Cooked_Recipe,382.3438,1595.0223,3.4801,44.4368,21.725,27.2089,2.9615,,,12035.9727,6342.521,1389.8118,50.0509,18.6358,43.8942,20.8815,2.1842,99.8291,0.9819,0.6857,0.183,2.9421,187.589,,451.4208,2.3511,0,1.9633,0.5791,0,0.0786,0.0179,0.3988,0.2129,0.0313,0.2051,7.5841,0.0211,,1,1,375.844,3.421,43.6814,21.3557,2.9112
ASC295,Indian Recipes,Carrot halwa (Gajar ka halwa),INDB,Cooked_Recipe,172.6411,722.3648,3.1125,18.5329,9.7323,16.8534,2.6531,,,5410.0947,2812.9126,694.989,14.6594,106.9429,98.6524,22.9833,39.9564,249.9299,0.7638,0.5406,0.0992,5.7269,54.9431,,5740.7725,0.9313,0,0.7162,11.0366,0,0.0465,0.0429,0.2244,0.2648,0.0794,3.5575,26.6975,3.8911,,1,2,289.709,5.2231,31.1,16.3317,4.4522
ASC296,Indian Recipes,Egg halwa (Ande ka halwa),INDB,Cooked_Recipe,299.7441,1262.4657,7.8544,39.5894,13.4135,37.8548,0.4876,,,5538.1553,3406.1709,883.4352,204.9326,35.772,96.9016,7.9326,83.0441,119.0259,1.4452,0.6928,0.0592,21.014,159.9171,,187.6788,0.2265,0.4352,1.1445,0.0353,7.5699,0.0317,0.0988,0.0628,0.7631,0.0837,9.4764,25.5692,0,,1,1,289.2531,7.5795,38.2038,12.944,0.4705
ASC297,Indian Recipes,Potato halwa (Aloo ka halwa),INDB,Cooked_Recipe,151.6638,637.9686,1.5263,29.176,3.4849,17.4214,1.6418,,,1576.7794,1203.1152,406.2496,6.2263,14.1473,41.8317,25.1473,4.2289,451.7298,0.6302,0.3,0.1122,0.6965,23.3359,,214.7137,0.3259,0,0.5591,1.8299,0,0.0507,0.0121,0.8823,0.3134,0.0823,1.1231,13.1085,18.3378,,1,1,239.6895,2.4121,46.1098,5.5075,2.5947
ASC298,Indian Recipes,Pumpkin halwa (Kaddu ka halwa),INDB,Cooked_Recipe,190.2738,800.8034,1.3262,27.6047,8.8093,26.6356,2.9703,,,5136.9146,1800.2764,469.3091,9.5201,24.3411,35.0979,19.3539,8.0908,235.4643,0.6298,0.2484,0.1463,1.9726,35.6811,,1021.1516,1.082,0,1.3737,54.3279,0,0.0252,0.0262,0.3711,0.1428,0.0645,1.1729,17.9929,5.2138,,1,1,295.0004,2.0561,42.7983,13.658,4.6052
ASC299,Indian Recipes,Moong dal halwa,INDB,Cooked_Recipe,349.803,1461.343,8.3507,40.2258,17.6793,25.5898,2.6477,,,10384.3848,4714.0518,972.7161,34.815,110.3998,172.4367,46.7776,11.1889,386.8678,1.5133,1.0521,0.2771,18.2438,130.4854,,442.2823,1.0224,0,1.0414,1.9081,0,0.1098,0.0462,0.5358,0.4503,0.0597,3.4201,36.1944,0.0264,,1,2,333.6771,7.9657,38.3714,16.8643,2.5256
ASC300,Indian Recipes,Caramel custard (steamed),INDB,Cooked_Recipe,121.5778,512.1982,4.9701,15.0155,4.8688,14.9832,0,,,2387.7585,1535.1724,337.5172,78.8793,88.1164,102.4397,8.2177,43.569,105.2931,0.5122,0.4901,0.0482,9.3297,42.6724,,158.4052,0,0.181,0.4677,0,3.1487,0.0324,0.1125,0.0773,0.5368,0.0605,5.2112,15.1746,1.2996,,1,1,282.0605,11.5306,34.836,11.2956,0
ASC301,Indian Recipes,Baked custard,INDB,Cooked_Recipe,106.5261,447.4648,5.4134,9.4535,5.3031,9.4183,0,,,2600.7512,1672.1127,367.6244,85.9155,95.3193,111.5117,8.8192,47.1268,114.3568,0.5447,0.5273,0.0447,10.162,46.4789,,172.5352,0,0.1972,0.5094,0,3.4296,0.0353,0.1225,0.0842,0.5847,0.0658,5.6761,16.5282,1.4155,,1,1,226.9005,11.5306,20.136,11.2956,0
ASC302,Indian Recipes,Soft Custard (stirred),INDB,Cooked_Recipe,109.182,459.0782,5.0135,11.1896,5.066,11.1535,0,,,2545.7715,1573.4669,330.4369,73.3467,95.8236,106.8349,8.725,122.1715,111.7535,0.4885,0.4924,0.0448,8.7896,39.6794,,171.3427,0,0.1683,0.4613,0,2.9279,0.0337,0.1178,0.0815,0.54,0.061,5.0838,14.9555,1.4501,,1,1,272.409,12.5086,27.918,12.6396,0
ASC304,Indian Recipes,Chocolate ice cream,INDB,Cooked_Recipe,177.7038,743.0593,4.4689,15.4089,11.246,15.3294,0,,,6645.9297,3241.9678,486.9919,68.2615,84.2399,97.5186,13.6299,36.7881,118.0539,0.4734,0.4874,0.0785,6.0782,125.7412,,151.6172,0,0.1132,0.5419,0.155,1.969,0.0322,0.1354,0.1068,0.4478,0.0489,4.3509,11.793,1.0954,,1,1,659.281,16.5796,57.167,41.7226,0
ASC305,Indian Recipes,Mango ice cream,INDB,Cooked_Recipe,125.686,525.3289,3.4025,11.1351,7.618,11.009,0.5154,,,4443.6074,2141.0308,373.0351,55.2083,67.1694,71.5236,9.597,29.1316,115.2917,0.3939,0.3473,0.0514,5.2182,101.4803,,506.3048,1.017,0.0921,0.4315,1.3076,1.602,0.0313,0.1142,0.1336,0.3696,0.0697,3.7489,31.1974,9.8629,,1,1,573.128,15.5156,50.776,34.7381,2.35
ASC307,Indian Recipes,Fruit Ice cream (Phalon ka Ice cream),INDB,Cooked_Recipe,171.4607,717.8103,4.3732,16.0514,10.3805,14.0297,0.3315,,,5380.7627,2147.2686,263.8755,17.1206,93.3463,70.277,6.7339,38.7829,119.9805,0.3643,0.263,0.0258,0.6732,90.5837,,145.9922,0,0,0.249,0,0,0.0235,0.1105,0.0685,0.2521,0.028,1.7961,4.8545,1.2498,,1,1,550.8175,14.049,51.565,33.3475,1.065
ASC308,Indian Recipes,Caramel ice cream,INDB,Cooked_Recipe,173.5228,725.4851,4.3134,14.8059,11.1522,14.5231,0.0841,,,6418.3843,3295.9536,548.199,54.7891,87.3194,91.3352,11.9754,33.4661,105.166,0.3509,0.435,0.063,4.411,125.1059,,168.253,0.0492,0.0774,0.5184,0.2511,1.3456,0.0351,0.1237,0.0977,0.3946,0.0436,3.4078,9.5619,1.2041,,1,2,471.0276,11.7088,40.1907,30.2725,0.2284
ASC309,Indian Recipes,Lemon souffle,INDB,Cooked_Recipe,168.5055,705.673,6.9474,13.4321,10.0191,11.673,0,,,5765.4219,2873.6499,523.6371,100.4219,59.8122,75.1561,7.4008,50.7278,88.4409,0.5646,0.4196,0.0233,9.2806,164.557,,100.5274,0,0.1772,0.5169,0,3.0823,0.0298,0.1219,0.0811,0.4545,0.0539,5.0295,13.5485,5.443,,1,1,399.358,16.4653,31.834,23.7453,0
ASC310,Indian Recipes,Orange souffle,INDB,Cooked_Recipe,168.2843,704.6906,6.7982,14.1996,9.7255,12.3064,0.2247,,,5592.1196,2794.5432,502.5585,97.541,59.0352,73.8002,8.228,49.2233,101.2561,0.6462,0.4,0.0277,8.904,159.8361,,214.6414,0.0592,0.1721,0.509,0.4355,2.9939,0.0368,0.1203,0.1123,0.459,0.052,5.3869,15.5453,7.8508,,1,1,410.6137,16.5875,34.647,23.7302,0.5483
ASC311,Indian Recipes,Vanilla souffle,INDB,Cooked_Recipe,187.8539,786.6184,7.7148,14.7807,11.1943,12.8605,0,,,6452.9424,3215.0344,564.0184,109.4253,70.6023,86.9582,7.6975,56.7306,90.1586,0.5776,0.4642,0.0276,10.0172,179.3103,,122.6897,0,0.1931,0.5784,0,3.3586,0.0297,0.1391,0.0787,0.4995,0.0535,5.617,14.1216,0.5984,,1,1,408.5822,16.7796,32.148,24.3476,0
ASC312,Indian Recipes,Chocolate souffle,INDB,Cooked_Recipe,189.3192,792.6932,7.8792,14.7409,11.3629,12.6857,0,,,6554.1362,3276.6592,565.7818,108.1818,71.5477,94.9564,14.6736,56.0655,109.2523,0.7139,0.5527,0.0803,9.9034,177.2727,,121.8409,0,0.1909,0.5811,0.0205,3.3205,0.0315,0.1381,0.1001,0.4937,0.0537,5.5532,14.4793,0.5916,,1,1,416.5023,17.3343,32.43,24.9983,0
ASC313,Indian Recipes,Pineapple souffle,INDB,Cooked_Recipe,196.1426,821.3589,8.0645,15.5168,11.7204,13.453,0,,,6747.0547,3371.5593,597.0396,117.8218,67.2302,86.4455,7.6436,59.1708,88.1708,0.6104,0.475,0.0273,10.7153,193.0693,,117.2525,0,0.2079,0.6064,0,3.6163,0.0297,0.1413,0.0778,0.5125,0.0545,5.901,14.6832,0.495,,1,1,396.208,16.2903,31.344,23.6753,0
ASC314,Indian Recipes,Apple mousse,INDB,Cooked_Recipe,106.9249,447.8151,4.2082,12.7651,4.274,10.5582,1.5966,,,2169.3152,1202.8883,422.7397,57.6712,33.7603,43.7781,8.4062,28.7856,109.3219,0.4753,0.2781,0.0402,6.2678,66.9863,,183,0.9,0.1151,0.3637,2.25,2.0014,0.0323,0.0587,0.1877,0.3037,0.0531,3.0918,9.6507,3.9678,,1,1,390.2758,15.36,46.5925,15.6,5.8275
ASC315,Indian Recipes,Rich chocolate mousse,INDB,Cooked_Recipe,188.2603,785.9359,7.9594,10.8371,12.1851,10.2974,0,,,7000.3325,3583.8479,592.9881,111.7055,54.5938,97.3682,26.6556,51.7055,128.772,0.9714,0.6799,0.1782,10.3207,167.2779,,105.1877,0,0.1995,0.63,0.2195,3.4703,0.0303,0.112,0.1251,0.4491,0.0515,5.2295,15.0309,0.3325,,1,1,396.288,16.7546,22.812,25.6496,0
ASC316,Indian Recipes,Mango mousse,INDB,Cooked_Recipe,124.9757,520.6308,3.2072,9.1401,8.4661,8.8925,0.8845,,,5302.8672,2240.7759,332.6308,23.6559,51.3808,40.0224,10.4794,19.6245,113.7097,0.349,0.1961,0.0505,1.2736,125.1613,,844.681,1.6863,0,0.3309,3.3127,0,0.0265,0.101,0.1648,0.1852,0.0679,1.937,39.6711,15.3246,,1,1,348.6822,8.9482,25.5008,23.6205,2.4678
ASC317,Indian Recipes,Orange and pineapple cream,INDB,Cooked_Recipe,101.1831,422.9187,1.436,11.9565,5.4286,11.3705,1.0314,,,3429.2583,1433.936,200.8449,15.4278,35.0006,29.616,8.4651,10.1703,114.9846,0.4079,0.1193,0.0257,0.0788,81.6269,,290.6833,0.1498,0,0.2312,1.2454,0,0.0428,0.0658,0.1494,0.1816,0.0454,1.9596,11.8452,22.3187,,1,2,90.1795,1.2799,10.6562,4.8383,0.9193
ASC318,Indian Recipes,Charlotte rousse,INDB,Cooked_Recipe,188.2865,790.3311,3.9549,34.0807,4.7807,20.4762,1.0093,,,2717.5632,1359.1624,278.2168,47.0356,34.9484,46.1822,9.6492,56.446,92.2589,0.5295,0.2666,0.0411,4.2966,77.0751,,88.6455,0.4962,0.083,0.354,0.7915,1.4437,0.0356,0.0693,0.1046,0.283,0.0601,2.7089,11.3503,9.9926,,1,2,476.3647,10.0059,86.2241,12.095,2.5535
ASC319,Indian Recipes,Triffle pudding,INDB,Cooked_Recipe,116.9671,493.5193,2.9334,18.2369,3.9347,13.8889,0.118,,,2200.4683,1133.2352,217.1582,36.9547,48.7186,59.7066,8.3674,26.9453,99.8965,0.4714,0.3147,0.0438,3.7032,46.8092,,114.8674,0.2879,0.0719,0.236,0.0428,1.2498,0.0269,0.071,0.2022,0.296,0.0476,2.509,9.8234,6.6065,,1,2,341.8362,8.5728,53.2972,11.4991,0.345
ASC320,Indian Recipes,Snow flakes pudding,INDB,Cooked_Recipe,95.2148,399.5598,4.6746,8.0722,4.9681,8.0148,0.0333,,,2595.2358,1503.2681,292.5755,57.5472,101.3283,105.4546,8.7369,39.5981,115.3553,0.4177,0.4588,0.0404,7.1053,31.1321,,182.5314,0.0676,0.1321,0.4113,0.0874,2.2972,0.0342,0.117,0.0845,0.5022,0.0573,4.4484,13.3588,1.7189,,1,1,302.783,14.8651,25.6695,15.7986,0.106
ASC321,Indian Recipes,Kulfi,INDB,Cooked_Recipe,98.4265,413.8219,3.2086,11.3027,4.6964,10.3865,0.1231,,,2548.0969,1467.5874,256.7959,0,111.8583,94.0412,10.627,23.9657,114.0437,0.1952,0.3479,0.0446,0.9244,0,,185.9644,0.0159,0,0.4664,0.0967,0,0.0306,0.104,0.1058,0.3215,0.0392,1.8697,6.9206,1.8664,,1,1,265.8697,8.6671,30.5308,12.6859,0.3325
ASC322,Indian Recipes,Steamed orange pudding,INDB,Cooked_Recipe,278.0331,1163.9941,2.3434,41.5255,12.0351,26.5341,0.5849,,,7542.229,3037.5762,479.2101,31.864,21.148,83.0609,11.227,79.1039,108.7577,0.5489,0.2298,0.0455,0.2215,138.7989,,164.775,1.2526,0.0026,0.4199,1.2535,0.0455,0.0603,0.03,0.2248,0.2537,0.0356,0.5892,14.8104,20.2308,,1,2,298.7744,2.5182,44.6232,12.9329,0.6285
ASC323,Indian Recipes,Meringue and rice pudding,INDB,Cooked_Recipe,112.9269,474.2991,4.8365,14.6045,4.0503,10.8741,0.167,,,2149.5535,1205.3197,230.625,40.8482,85.4329,92.8115,8.9446,44.1589,110.875,0.3678,0.4141,0.0449,6.8139,22.0982,,151.0893,0,0.1734,0.3199,0.067,1.6306,0.0359,0.1097,0.1787,0.5188,0.0545,3.7063,11.0238,1.346,,1,2,252.9562,10.8338,32.714,9.0727,0.374
ASC324,Indian Recipes,Cheese pudding,INDB,Cooked_Recipe,285.0148,1190.3807,11.2911,19.2739,18.372,18.6319,0.0496,,,10555.2861,5356.9546,851.299,99.7553,226.107,196.4073,19.0319,37.8295,81.7026,0.8713,1.5254,0.1047,18.2706,148.3451,,201.6529,0.1034,0.1742,0.5766,0.8522,3.0299,0.0324,0.1032,0.1017,0.5741,0.0569,12.8113,50.1287,0.2501,,1,2,343.5853,13.6114,23.2346,22.1474,0.0598
ASC325,Indian Recipes,Chocolate pudding,INDB,Cooked_Recipe,211.9635,891.0966,3.5474,29.5895,9.4776,20.6816,0.5251,,,5510.7656,2432.9233,372.3968,46.2527,64.5605,77.364,12.0389,171.3565,79.2241,0.6028,0.3915,0.0895,4.5334,98.7763,,109.0215,0,0.0634,0.3463,0.6612,1.1022,0.0527,0.0591,0.3341,0.1924,0.0346,1.8417,10.9144,0.4549,,1,2,351.197,5.8776,49.0261,15.7032,0.87
ASC326,Indian Recipes,Bread and butter pudding,INDB,Cooked_Recipe,167.9413,705.954,5.587,19.6278,7.8765,11.8418,0.9754,,,3401.1074,2736.3276,672.1638,55.2909,105.5421,108.3687,19.8645,96.2984,155.4317,0.9006,0.5722,0.101,7.2811,52.7199,,152.4995,0.2125,0.1137,1.0893,0.6294,1.977,0.0676,0.107,0.4347,0.4133,0.0624,3.6525,17.3791,1.2828,,1,3,206.8477,6.8813,24.1749,9.7012,1.2013
ASC327,Indian Recipes,Queen of pudding,INDB,Cooked_Recipe,132.9198,558.5825,5.5076,16.3495,5.3796,11.7702,0.2671,,,2784.5203,1526.6078,303.6147,60.5917,78.2633,84.3493,9.2411,85.5902,107.5741,0.531,0.4212,0.0456,9.5513,50.2425,,125.5994,0,0.2385,0.3788,0.1533,2.2425,0.0468,0.1049,0.2067,0.5297,0.0517,4.1707,14.3182,2.4912,,1,1,432.9861,17.9411,53.2585,17.5239,0.87
ASC328,Indian Recipes,Pineapple upside down pudding,INDB,Cooked_Recipe,257.7335,1079.3629,3.1474,35.7317,11.9132,22.1634,0.8015,,,7195.9858,3110.1594,541.7691,62.1328,26.0539,81.3583,10.266,74.5181,81.0524,0.6802,0.3453,0.0592,3.8186,143.985,,150.3435,1.0309,0.0786,0.4561,1.3882,1.3667,0.0515,0.0452,0.1693,0.2956,0.0567,1.9927,11.5511,7.2261,,1,2,344.3964,4.2057,47.7465,15.919,1.071
ASC329,Indian Recipes,Date and nut pie,INDB,Cooked_Recipe,322.416,1348.646,3.9274,46.8637,13.3137,31.1819,4.1345,,,5142.7427,2880.3433,4381.9028,18.8496,34.6885,77.2124,40.6088,3.8699,291.1549,1.5425,0.7451,0.2865,1.8482,84.7788,,935.3761,6.3168,0,0.598,9.9111,0,0.0894,0.0363,0.6345,0.3476,0.1285,1.5416,14.2571,2.8296,,1,1,728.6601,8.876,105.912,30.089,9.344
ASC330,Indian Recipes,Stewed apple with custard,INDB,Cooked_Recipe,92.8727,392.1693,1.2698,18.3598,1.8205,15.4607,1.0072,,,1011.552,448.4586,153.5626,0,49.2381,38.254,6.1129,16.6631,82.7884,0.1808,0.17,0.038,0.5062,0,,151.6349,0.515,0,0.1305,1.3425,0,0.0216,0.0424,0.1187,0.1523,0.0285,0.8183,3.5979,1.9753,,1,1,263.294,3.6,52.05,5.161,2.8555
ASC331,Indian Recipes,Apple snowballs,INDB,Cooked_Recipe,101.5112,428.9095,0.8575,24.5809,0.3122,19.4037,1.2476,,,74.1811,24.6291,135.8382,0,9.4254,6.3536,4.9341,12.7967,70.0732,0.1761,0.0588,0.0353,1.6172,0,,110.4432,0.7033,0.0688,0.0723,1.7582,0,0.0158,0.0153,0.1211,0.1318,0.0193,0.4494,1.7893,1.7197,,1,2,263.4216,2.2253,63.7875,0.8102,3.2375
ASC332,Indian Recipes,Hot orange souffle,INDB,Cooked_Recipe,179.9652,754.4754,6.8693,18.7682,8.9476,14.9257,0.2943,,,4449.1636,2758.3831,667.9709,160.4754,53.8131,107.8139,9.9245,58.7958,114.959,1.0309,0.6507,0.0548,16.8307,128.2623,,230.6803,0.3728,0.3443,0.7713,0.7205,5.9877,0.048,0.1138,0.137,0.7485,0.0843,8.3548,25.1336,5.7467,,1,2,219.5576,8.3806,22.8972,10.9161,0.3591
ASC333,Indian Recipes,Hot chocolate souffle,INDB,Cooked_Recipe,226.091,948.7747,6.7004,26.2114,11.1046,22.883,0.1166,,,5879.1992,3446.7876,689.0704,138.507,60.193,116.2901,17.6355,54.1052,125.669,1.0765,0.7305,0.1238,14.963,111.7817,,149.5986,0.2844,0.2958,0.8338,0.5979,5.1444,0.0412,0.1136,0.1389,0.6896,0.0756,7.3999,21.5482,0.637,,1,2,321.0492,9.5146,37.2202,15.7686,0.1656
ASC334,Indian Recipes,Hot vanilla souffle,INDB,Cooked_Recipe,192.9327,809.9686,6.8744,21.7711,9.0736,18.1701,0.1299,,,4571.3828,2779.991,649.804,153.5529,63.1992,113.0682,9.2176,59.5878,105.2471,0.9289,0.6611,0.0546,16.1941,122.7294,,164.8471,0.3167,0.3294,0.7592,0.3953,5.7294,0.0412,0.1198,0.1093,0.7328,0.0807,7.8885,22.5871,0.7094,,1,2,245.9892,8.7649,27.7582,11.5689,0.1656
ASC335,Indian Recipes,Plain burfi (Burfi),INDB,Cooked_Recipe,408.3239,1705.5205,9.8162,30.8842,27.9638,30.4262,0.1664,,,16689.7305,7792.1357,1336.4556,38.1242,355.7752,284.6443,38.1228,31.655,325.3747,1.4992,1.4268,0.0657,25.9127,142.8883,,409.4025,0.0894,0,1.252,0.107,0,0.0668,0.0728,0.2987,0.2182,0.0379,11.8477,54.9664,0.1248,,2,2,177.8455,4.2754,13.4516,12.1796,0.0725
ASC336,Indian Recipes,Coconut burfi (Nariyal ki burfi),INDB,Cooked_Recipe,467.6355,1956.5947,8.8115,32.152,34.6264,31.5,3.4978,,,22149.0742,6369.1631,1095.022,29.2599,272.8062,254.6255,47.196,27.6255,401.3216,1.8216,1.3634,0.2401,25.3722,109.6652,,344.0573,0.0529,0,2.0331,0.6344,0,0.0573,0.0573,0.3458,0.1916,0.0595,9.2048,46.8656,0,,2,2,265.3831,5.0005,18.2463,19.6505,1.985
ASC337,Indian Recipes,Bottle gourd burfi (Ghiya/Lauki burfi),INDB,Cooked_Recipe,275.9556,1153.3484,5.8582,24.5095,17.6797,23.9168,0.7348,,,10775.6123,4726.0103,786.3223,26.4333,215.851,170.714,24.4229,18.1525,229.636,0.9289,0.8804,0.0624,16.201,99.0711,,299.0121,0.2981,0,0.6363,0.7279,0,0.0485,0.0416,0.1976,0.3085,0.0277,7.9515,47.2236,1.5009,,2,2,199.033,4.2253,17.6775,12.7515,0.53
ASC338,Indian Recipes,Chocolate burfi,INDB,Cooked_Recipe,339.3292,1425.1923,12.9977,33.1538,17.8638,32.3769,0,,,11144.9229,4918.4614,691.6923,3.7846,466.4769,381.5769,57.0231,39.3231,449.0385,2.1231,1.9785,0.1535,34.5923,14.1846,,175.7385,0.0923,0,0.1274,0.0346,0,0.0883,0.086,0.37,0.2538,0.0478,15.6846,73.3769,0,,2,2,110.282,4.2242,10.775,5.8058,0
ASC339,Indian Recipes,Cashewnut burfi (Kaju burfi/Kaju katli),INDB,Cooked_Recipe,421.7448,1763.936,5.475,37.9244,28.4605,31.4273,1.1221,,,11442.6748,12146.8027,2890.814,38.6163,12.9477,145.6395,89.8256,4.2267,186.0465,1.7878,1.5814,0.6831,3.8023,144.7326,,297.3721,1.1192,0,1.3693,0.532,0,0.1773,0.0087,0.2994,0.407,0.0465,0.75,7.3256,0,,3,2,120.9002,1.5695,10.8717,8.1587,0.3217
ASC340,Indian Recipes,Gram flour burfi (Besan burfi),INDB,Cooked_Recipe,421.7931,1768.6476,11.194,46.5864,22.4055,28.4379,3.4083,,,12686.6426,5819.9561,1840.6998,40.1305,160.708,181.3638,35.6675,13.0188,226.6329,1.4744,1.0648,0.136,11.6328,150.4078,,359.54,0.2414,0,1.779,2.9436,0,0.1725,0.0809,0.7236,0.4813,0.1613,7.4216,84.5082,0,,2,2,161.5995,4.2887,17.8484,8.5841,1.3058
ASC341,Indian Recipes,Semolina ladoo with khoya (Suji/Rava aur khoye ke ladoo ),INDB,Cooked_Recipe,428.7066,1796.1857,6.7135,52.8562,21.8593,33.2782,4.6785,,,13542.9287,4332.2495,903.0636,27.8742,106.4194,133.3115,32.2862,14.4017,259.3482,1.7271,1.1658,0.2657,12.4729,104.4715,,351.4412,2.4711,0,1.607,0.7912,0,0.1099,0.0381,0.4741,0.3063,0.0648,3.3202,24.1478,0.1139,,2,3,126.1166,1.975,15.5492,6.4306,1.3763
ASC342,Indian Recipes,Semolina ladoo with coconut (Suji/Rava aur nariyal ke ladoo ),INDB,Cooked_Recipe,464.4297,1942.7045,5.6753,50.9043,27.0302,27.3157,6.6938,,,17143.4062,4407.2339,941.5223,33.8144,26.7216,90.0797,34.767,9.0602,264.8522,1.8286,1.0822,0.3609,9.0677,126.7354,,402.2199,2.9647,0,2.1277,1.0296,0,0.1104,0.0298,0.5441,0.3253,0.072,0.5125,14.3218,0.1381,,2,2,168.9363,2.0644,18.5165,9.8323,2.4349
ASC343,Indian Recipes,Gram flour ladoo (Besan ladoo),INDB,Cooked_Recipe,476.9095,2001.4929,8.9339,62.6084,22.7604,37.7607,4.4287,,,12660.4092,5835.7651,1995.1171,52.3404,25.3461,88.2553,26.7652,5.4827,142.2553,1.5142,0.741,0.1509,2.2579,196.1702,,430.117,0.8021,0,2.1535,3.3178,0,0.1808,0.0634,0.7634,0.4943,0.1684,3.0301,70.3203,0,,2,2,168.1106,3.1492,22.0695,8.023,1.5611
ASC344,Indian Recipes,Sesame ladoo (Til ke ladoo),INDB,Cooked_Recipe,396.9573,1660.9091,10.7045,43.5,19.6409,38.6318,7.7227,,,2954.1956,7338.9409,8468.2275,0,631.8182,376.6046,221.3636,18.55,430.9091,8.9409,3.7364,0.7136,12.1545,0,,34.3409,28.7318,0,0.5909,48.1818,0,0.1818,0.0364,1.8,0.3227,0.6045,1.8364,66.0909,0,,2,2,109.1633,2.9438,11.9625,5.4012,2.1237
ASC345,Indian Recipes,Chenna murki,INDB,Cooked_Recipe,252.6927,1066.0264,10.4632,36.0111,8.1997,35.5451,0,,,4910.4023,2385.5757,243.5506,0,266.8516,183.3564,15.3232,11.3953,65.4535,0.5548,1.5479,0.0888,12.8377,0,,107.6283,0.0721,0,0.0111,0,0,0.0111,0.0555,0.0721,0.2718,0.0222,11.6727,51.767,0,,1,2,227.7393,9.43,32.455,7.39,0
ASC346,Indian Recipes,Milk cake,INDB,Cooked_Recipe,127.4082,531.5238,3.0126,9.1288,8.9272,8.8988,0.0618,,,5166.7363,2264.4038,337.4586,11.5614,104.9426,84.3864,7.4761,24.973,109.2602,0.195,0.2946,0.0313,0.8573,43.3316,,261.7424,0,0,0.4622,0,0,0.027,0.096,0.0727,0.2996,0.0363,1.7232,6.3316,2.785,,1,2,365.98,8.6537,26.2225,25.6435,0.1775
ASC347,Indian Recipes,Ghujia/Lavang latika,INDB,Cooked_Recipe,768.9789,3168.6667,1.8634,13.0049,78.9302,6.0827,0.5189,,,11406.583,16215.626,47734.1523,4.6212,31.0079,36.1298,7.2482,3.278,54.2721,0.442,0.2199,0.0445,2.5124,17.32,,72.6183,0.6427,0,37.1936,4.8775,0,0.0201,0.0115,0.105,0.087,0.0132,1.0299,6.4404,0.0058,,2,3,818.7062,1.9839,13.8459,84.0344,0.5524
ASC348,Indian Recipes,Gulab Jamun with khoya,INDB,Cooked_Recipe,586.0635,2425.4016,2.0305,26.0922,53.2334,24.1234,0.0734,,,7518.4502,11074.9082,32406.9609,0,67.3189,54.2729,7.51,15.0907,62.613,0.3882,0.2953,0.0428,4.7876,0,,28.4484,0.1917,0,25.1313,3.2426,0,0.0158,0.0139,0.0666,0.056,0.0087,2.1944,10.4928,0.0107,,2,3,918.4592,3.1822,40.8908,83.4257,0.115
ASC349,Indian Recipes,Mal pua,INDB,Cooked_Recipe,566.6777,2339.1682,1.7057,17.5615,54.6356,11.7708,0.6175,,,7039.7002,11333.5664,33941.0195,0,30.0507,32.7431,5.7732,6.3508,47.8739,0.3297,0.2294,0.056,0.7784,0,,68.01,0.6406,0,26.4653,3.4994,0,0.0276,0.0291,0.1086,0.1395,0.0183,0.5005,3.5416,0.4492,,2,3,847.9387,2.5523,26.2779,81.7531,0.9239
ASC350,Indian Recipes,Shahi tukre,INDB,Cooked_Recipe,189.81,806.2695,2.7634,41.4599,2.5378,34.7,0.5084,,,1156.6703,733.6606,141.2485,0,76.4687,57.6643,9.183,71.0449,74.0591,0.3741,0.2928,0.0767,1.4565,0,,83.9819,0.0105,0,0.2777,0.064,0,0.0467,0.0576,0.2899,0.1463,0.0284,0.8504,7.4628,0.8423,,2,2,193.4259,2.816,42.2497,2.5861,0.5181
ASC351,Indian Recipes,Potato pakora/pakoda (Aloo pakoda),INDB,Cooked_Recipe,677.1902,2788.1809,1.9038,6.0435,71.838,0.2165,1.0255,,,8628.8213,14729.4482,45466.1641,0,6.5865,21.9379,7.8515,63.3848,90.0082,0.3778,0.1507,0.0397,0.3855,0,,46.9496,0.0225,0,35.3682,5.5322,0,0.0409,0.015,0.278,0.138,0.0476,0.7828,16.1776,2.7468,,1,1,4567.6479,12.8413,40.7631,484.547,6.917
ASC352,Indian Recipes,Onion pakora/pakoda (Pyaaz ke pakode),INDB,Cooked_Recipe,674.6107,2777.3877,1.8991,5.4113,71.8391,0.8759,1.1133,,,8630.8672,14732.4775,45463.5547,0,7.9517,20.6237,7.1268,63.5497,46.1238,0.3612,0.159,0.042,0.338,0,,32.8473,0.0866,0,35.367,5.8145,0,0.0385,0.015,0.195,0.1285,0.0476,0.9322,17.7634,0.7946,,1,1,4550.249,12.8093,36.4991,484.555,7.509
ASC353,Indian Recipes,Cauliflower pakora/pakoda (Phoolgobhi ke pakode),INDB,Cooked_Recipe,671.6342,2764.9341,1.9762,4.5182,71.8629,0.2342,1.2627,,,8637.5312,14730.7549,45476.4844,0,8.4415,22.4016,7.7341,66.5409,64.8636,0.424,0.1543,0.0349,0.3523,0,,28.2667,0.1566,0,35.3634,6.9804,0,0.0385,0.0221,0.1914,0.1664,0.0511,0.9156,19.788,5.5922,,1,1,4530.1729,13.3293,30.4751,484.715,8.517
ASC354,Indian Recipes,Mixed vegetable pakora/pakoda,INDB,Cooked_Recipe,673.8099,2774.0371,1.9385,5.1234,71.8566,0.3834,1.1266,,,8635.6445,14731.3926,45473.0117,0,9.5493,21.4042,9.5061,65.3549,75.2417,0.4558,0.159,0.0414,0.405,0,,315.8474,0.0741,0,35.4032,15.5387,0,0.0427,0.0194,0.2146,0.138,0.0499,0.9361,21.2273,3.1815,,1,1,4544.8477,13.0753,34.5571,484.673,7.599
ASC355,Indian Recipes,Spinach pakora/pakoda (Palak pakoda),INDB,Cooked_Recipe,712.6192,2933.5667,1.9646,4.6763,76.3781,0.2049,1.0246,,,9178.8418,15658.9766,48334.7617,0,10.9891,19.9009,10.7944,69.5449,66.8723,0.5157,0.1539,0.0415,0.447,0,,625.922,0.0164,0,37.6716,26.1022,0,0.046,0.0209,0.1852,0.1126,0.0474,0.9229,24.1939,1.9101,,1,1,4521.5688,12.4653,29.6711,484.619,6.501
ASC356,Indian Recipes,Methi pakora/pakoda (Methi ke pakode),INDB,Cooked_Recipe,713.252,2936.2144,2.0617,4.6839,76.3901,0.2452,1.1835,,,9179.8506,15657.5469,48344.2188,0,23.0749,21.1907,9.3255,69.8261,41.7187,0.6884,0.159,0.0422,0.3965,0,,827.7817,0.1488,0,37.613,32.5955,0,0.0428,0.0285,0.2086,0.1297,0.0619,0.9658,19.9864,3.6734,,1,1,4525.584,13.0813,29.7191,484.695,7.509
ASC357,Indian Recipes,Egg pakora/pakoda (Ande ke pakode),INDB,Cooked_Recipe,710.5067,2925.4739,2.8315,4.4765,75.8632,0.1868,0.861,,,9254.5459,15683.4092,47655.8672,28.3941,9.5469,31.9216,6.161,75.3673,37.751,0.4658,0.2184,0.0358,3.4476,15.3607,,33.7898,0,0.0652,37.1242,5.5266,1.1334,0.04,0.0292,0.1704,0.2113,0.0498,2.0667,18.8317,0.0012,,1,1,4579.2158,18.2493,28.8511,488.938,5.549
ASC358,Indian Recipes,Bread pakora/pakoda,INDB,Cooked_Recipe,710.9882,2929.7295,2.5713,8.8726,74.1976,0.459,1.1137,,,8887.1738,15177.8574,46839.7383,0,19.8335,26.1016,7.1662,101.4885,38.916,0.4572,0.1853,0.0427,0.9473,0,,22.9603,0,0,36.449,5.4421,0,0.055,0.0206,0.3061,0.0957,0.0432,0.6417,17.4347,0.0011,,1,1,4653.4175,16.8293,58.0711,485.623,7.289
ASC359,Indian Recipes,Paneer pakora/pakoda,INDB,Cooked_Recipe,718.1219,2957.5061,3.2704,5.5249,76.0517,1.0834,0.8869,,,9678.8867,15693.4053,47438.0508,0,43.3761,43.4395,7.6993,131.6966,33.8748,0.4254,0.3392,0.0397,2.0982,0,,45.373,0.0101,0,36.8798,5.5482,0,0.0371,0.0227,0.1778,0.1351,0.0411,2.276,22.1778,0.0108,,1,1,4644.4531,21.1511,35.7321,491.8642,5.736
ASC360,Indian Recipes,Potato bonda (Aloo bonda),INDB,Cooked_Recipe,632.835,2604.0237,1.0887,4.5343,67.7988,0.2703,0.8303,,,8155.4072,13971.8584,42857.1797,0,6.7925,16.8975,9.0196,132.5335,105.9352,0.3745,0.1402,0.0472,0.3839,0,,182.5602,0.8159,0,33.3151,7.9047,0,0.03,0.008,0.2619,0.1153,0.0379,0.557,8.9396,4.9995,,2,2,1134.0879,1.951,8.1258,121.5005,1.488
ASC361,Indian Recipes,Potato samosa (Aloo ka samosa),INDB,Cooked_Recipe,577.3857,2377.1382,1.7118,9.2057,59.1909,0.2877,1.1916,,,7555.4512,12186.4375,36936.7266,2.3273,7.6267,21.7884,11.3801,77.1001,137.5012,0.4987,0.2219,0.0578,0.281,8.7225,,239.158,1.7145,0,28.7296,9.0973,0,0.0468,0.0104,0.371,0.1836,0.0448,0.66,9.0803,7.9959,,2,3,813.7578,2.4126,12.9743,83.4227,1.6794
ASC362,Indian Recipes,Minced meat samosa (Keema ka samosa),INDB,Cooked_Recipe,620.9885,2557.2627,4.4253,6.1379,64.2612,0.5019,0.3876,,,9035.792,13708.9297,38681.0625,16.7054,6.704,45.9096,7.7769,88.6408,81.9862,0.5491,0.7414,0.0424,0.3924,10.042,,57.9757,0.5507,0,30.0238,4.2883,0,0.0364,0.0394,0.9785,0.2398,0.0511,0.5763,3.4226,0.6116,,2,3,837.5065,5.9683,8.2779,86.6669,0.5227
ASC363,Indian Recipes,Paneer and pea samosa (Paneer matar ka samosa),INDB,Cooked_Recipe,623.8063,2569.5959,4.0177,8.5489,63.6462,1.6883,1.0172,,,8519.9746,13207.5791,39205.1562,0,64.5568,56.3866,11.0208,78.1823,52.5781,0.5334,0.5443,0.0604,3.061,0,,216.9487,2.117,0,30.4454,9.5371,0,0.0475,0.0215,0.2419,0.199,0.0362,3.1437,19.5669,4.9437,,2,3,841.3067,5.4186,11.5296,85.8375,1.3718
ASC364,Indian Recipes,Mathri,INDB,Cooked_Recipe,805.1234,3314.3162,1.7496,12.3231,83.0971,0.2943,0.5997,,,9984.3945,17034.3809,52628.2578,0,5.231,18.4914,5.7936,64.7046,30.3514,0.4257,0.1484,0.042,0.0397,0,,51.4955,1.1865,0,40.8879,5.9559,0,0.0248,0.0101,0.1289,0.1189,0.014,0.1064,2.7335,0,,2,3.5,702.1826,1.5259,10.7475,72.4725,0.523
ASC365,Indian Recipes,Khasta kachori,INDB,Cooked_Recipe,712.7288,2934.8955,2.5088,12.8113,72.274,0.3364,0.974,,,8686.8047,14816.9473,45749.2852,0,7.8391,32.9295,12.8999,90.5568,78.1327,0.5892,0.2677,0.0619,1.0584,0,,76.0993,1.3309,0,35.5123,5.3252,0,0.0326,0.0143,0.2128,0.2322,0.0252,0.1192,6.3356,0.8514,,2,3.5,717.5651,2.5258,12.8983,72.7644,0.9806
ASC366,Indian Recipes,Vegetable cutlet,INDB,Cooked_Recipe,665.4544,2738.4956,1.2467,4.6848,71.327,0.3474,0.9318,,,8595.5508,14638.041,45039.7773,6.7728,13.5459,18.4557,8.0206,85.3803,103.1395,0.4016,0.16,0.042,1.211,3.664,,424.8423,0.724,0.0155,35.0341,7.9602,0.2704,0.0329,0.013,0.2891,0.1193,0.0457,0.895,9.0365,4.9996,,2,1,2247.5723,4.2107,15.823,240.9071,3.1471
ASC367,Indian Recipes,Flattened rice cutlet (Chirwa cutlet/Chivda cutlet/Poha cutlet),INDB,Cooked_Recipe,701.7112,2888.9353,1.7558,7.3942,73.8873,0.2681,0.8567,,,9016,15491.9668,46275.8594,6.9039,9.1652,33.5444,14.5666,76.6547,119.4734,0.5873,0.2527,0.0678,1.1282,3.7349,,96.7032,0.2615,0.0158,35.8249,5.959,0.2756,0.0384,0.0134,0.6229,0.1404,0.0303,0.6282,7.2383,3.8124,,2,1,2325.0146,5.8177,24.4997,244.8144,2.8384
ASC368,Indian Recipes,Peanut cutlet (Mungfali ke cutlet),INDB,Cooked_Recipe,698.7667,2878.0244,2.6271,5.6754,74.0022,0.5092,1.2082,,,9164.3906,15942.0088,45738.832,6.7511,14.3769,43.6037,20.0028,84.2382,143.302,0.5624,0.3374,0.0987,1.4091,3.6522,,96.7403,0.57,0.0155,35.2209,5.8935,0.2695,0.0624,0.0182,1.0761,0.1608,0.0405,0.6683,11.3683,3.728,,2,1,2367.6663,8.9017,19.2302,250.7454,4.0939
ASC369,Indian Recipes,Fish cutlet (Machli ka cutlet),INDB,Cooked_Recipe,654.6401,2693.958,2.7682,3.1297,70.1062,0.2866,0.5379,,,8674.1523,14398.9648,44047.3359,11.0213,10.4367,35.3396,9.0181,75.3262,109.1532,0.3555,0.1504,0.0414,4.18,6.8034,,94.2867,0.1913,0.0806,34.3139,6.4958,0.3681,0.02,0.0116,0.3231,0.2022,0.0373,0.5821,5.4607,2.998,,2,1,2284.4321,9.6599,10.9213,244.6425,1.8772
ASC370,Indian Recipes,Paneer potato cutlet (Paneer aloo cutlet),INDB,Cooked_Recipe,672.9443,2770.5684,2.4703,5.2286,71.4033,1.0213,0.4115,,,9150.8896,14777.876,44357.8359,13.3285,45.3576,41.6562,7.2713,85.705,96.7247,0.3849,0.3208,0.0379,3.563,7.2105,,62.5492,0.0371,0.0306,34.4831,4.7908,0.532,0.0221,0.0195,0.2428,0.1452,0.0278,2.3933,12.0969,3.3816,,2,1,2309.8813,8.4792,17.947,245.0918,1.4125
ASC371,Indian Recipes,Spinach chickpeas cutlet (Palak channa dal cutlet),INDB,Cooked_Recipe,688.0281,2831.1816,1.441,4.9321,73.5993,0.1606,0.9295,,,8871.4316,15106.9043,46475.957,6.9776,11.3006,24.0125,11.8416,79.1275,144.6223,0.5664,0.217,0.0594,2.6693,3.7748,,446.8513,0.1002,0.016,36.1281,17.5025,0.2785,0.0325,0.0163,0.2775,0.1444,0.0336,0.7378,14.967,4.9348,,2,1,2255.5972,4.724,16.1692,241.2844,3.0473
ASC372,Indian Recipes,Cheese toast,INDB,Cooked_Recipe,785.3669,3233.2319,1.984,5.4852,84.1091,0.526,0.3143,,,10613.8164,17331.2988,52452.5742,11.5517,43.8651,47.2763,4.0769,121.0513,26.0431,0.3125,0.2183,0.0253,1.8164,15.9052,,7.9608,0.0111,0.0181,40.7989,5.3565,0.3149,0.0267,0.0222,0.1726,0.0577,0.0138,0.636,4.7232,0,,2,2,1138.7821,2.8768,7.9535,121.9582,0.4557
ASC375,Indian Recipes,Vegetable burger,INDB,Cooked_Recipe,519.9311,2144.4478,3.2628,13.6881,50.6313,1.8782,1.6976,,,5994.2051,11447.6465,30695.2051,7.3969,26.0824,18.3366,6.4641,168.9721,90.8685,0.7029,0.1607,0.033,1.0651,7.2586,,470.7642,0.7231,0.0102,23.8969,8.1628,0.1772,0.0323,0.0366,0.8376,0.1187,0.0405,0.9051,7.9503,4.7898,,1,2,2678.9448,16.8116,70.5277,260.8779,8.7467
ASC376,Indian Recipes,Cheese pizza,INDB,Cooked_Recipe,249.4974,1047.5011,5.7912,30.625,12.4348,3.4155,1.9456,,,2346.9307,1728.0092,3449.5254,10.6405,96.5107,110.0748,17.3593,397.7281,152.894,1.0911,0.6312,0.0695,0.5176,22.5914,,942.8749,1.9035,0,2.734,5.1354,0,0.2212,0.043,1.0381,0.1391,0.0657,0.9768,12.0874,5.1264,,2,2,327.0973,7.5924,40.1501,16.3024,2.5507
ASC377,Indian Recipes,Vegetable seekh kebab,INDB,Cooked_Recipe,690.7252,2843.0383,1.573,5.3231,73.7204,0.7415,0.5863,,,9169.5771,15165.8896,46228.7422,0,32.6628,27.8424,7.9186,83.6674,104.5252,0.3583,0.217,0.0376,1.4954,0,,101.8296,0.1419,0,35.9244,6.4974,0,0.0223,0.0111,0.2588,0.0874,0.0266,1.1982,8.4137,4.1705,,2,2,1136.3811,2.588,8.7575,121.2848,0.9646
ASC378,Indian Recipes,Masala vada,INDB,Cooked_Recipe,826.0246,3397.8879,1.6862,4.0622,89.1548,0.2383,1.0662,,,10707.7363,18276.4121,56443.6172,0,7.4524,25.6926,10.4377,74.5306,97.1876,0.5182,0.2478,0.0871,2.4923,0,,148.6255,0.634,0,43.817,8.5984,0,0.0314,0.0112,0.1642,0.1166,0.0228,0.1066,11.916,0.7589,,2,1,2228.2014,4.5486,10.9578,240.4951,2.8762
ASC379,Indian Recipes,Peanut sago vada (Sabudana mungfali vada),INDB,Cooked_Recipe,749.8857,3087.6104,1.0145,7.1394,79.8226,0.1922,0.6226,,,9704.417,16709.6777,50118.1172,0,5.0261,20.4639,10.3824,71.2881,94.4998,0.3819,0.1482,0.0539,0.2051,0,,91.9327,0.2758,0,38.806,6.3254,0,0.027,0.0067,0.5154,0.0831,0.0229,0.2337,5.1255,3.1867,,2,1,2291.5383,3.1002,21.817,243.9258,1.9027
ASC380,Indian Recipes,Vegeterian scotch egg,INDB,Cooked_Recipe,681.6655,2805.968,2.163,4.642,72.7732,0.2332,0.5772,,,8903.4834,15056.1885,45600.2148,34.2353,15.2005,29.1243,6.4195,93.3264,80.6359,0.4597,0.2248,0.0395,4.2777,18.5207,,90.5825,0.5331,0.0786,35.5182,6.4619,1.3666,0.0336,0.0244,0.2458,0.2006,0.0365,1.9823,9.6994,3.7511,,2,1,2277.3423,7.2263,15.5083,243.1244,1.9283
ASC381,Indian Recipes,Paneer shaslik/tikka,INDB,Cooked_Recipe,93.8496,392.2749,5.1128,7.9805,4.4929,4.6077,1.2326,,,2171.7896,1188.3612,767.3985,0,123.8592,92.4143,15.8528,103.3891,130.9309,0.6751,0.7686,0.0689,5.4617,0,,1779.6305,3.0006,0,0.6054,10.8352,0,0.0338,0.0413,0.3351,0.258,0.075,6.1844,39.835,24.5545,,1,1,411.6899,22.4283,35.0079,19.709,5.4069
ASC382,Indian Recipes,Peanut brittle (Moongfali ki chikki),INDB,Cooked_Recipe,320.463,1340.2133,6.9426,47.4645,11.1305,43.9239,2.6345,,,2695.2437,4925.9746,3003.198,2.4975,68.0305,137.0711,108.3756,15.9924,420.0508,3.2234,1.0355,0.269,0.8655,9.3604,,49.3147,2.0406,0,1.1651,0.6345,0,0.165,0.0355,2.8909,0.3731,0.4188,0.703,30.3731,0,,4,2,78.914,1.7096,11.6881,2.7409,0.6488
ASC383,Indian Recipes,Spring roll,INDB,Cooked_Recipe,623.874,2568.3796,1.8054,8.5584,64.6328,0.598,0.6684,,,7831.9712,13299.9961,40778.0469,12.148,9.5137,23.5428,6.9965,132.8436,60.8554,0.4879,0.179,0.0372,1.3973,6.5719,,424.0215,0.8564,0.0279,31.6962,8.1292,0.4849,0.0252,0.0197,0.1835,0.158,0.0421,1.0061,10.1874,4.876,,4,2,587.3851,1.6998,8.0579,60.8526,0.6294
ASC384,Indian Recipes,Dry mango chutney (Sookhe aam ki chutney),INDB,Cooked_Recipe,298.1324,1247.2997,2.4345,69.1704,0.6982,61.8603,3.7409,,,147.0509,94.4161,334.8682,0,72.0496,71.9742,77.5957,437.9146,654.535,3.9785,0.4214,0.1881,1.5097,0,,6345.3354,2.2601,0,0.0999,19.2318,0,0.0697,0.0761,0.6474,0.2223,0.4192,0.5513,18.6594,0.9102,,1,2,82.5827,0.6744,19.1602,0.1934,1.0362
ASC385,Indian Recipes,Peanut chutney (Mungfali ki chutney),INDB,Cooked_Recipe,258.3668,1081.155,11.7951,9.8654,19.0641,2.7568,5.7256,,,3941.4724,8739.5879,5613.4062,0,34.7926,197.1584,103.3224,475.3409,414.291,1.9874,1.602,0.4608,1.981,0,,172.4867,3.9362,0,2.0837,4.6396,0,0.2923,0.0725,5.5427,0.5594,0.1647,0.8974,48.2927,20.0111,,1,2,54.257,2.477,2.0717,4.0035,1.2024
ASC386,Indian Recipes,Coconut chutney (Nariyal ki chutney),INDB,Cooked_Recipe,265.9246,1110.1864,3.5901,8.2911,24.9991,3.7854,6.7345,,,14366.166,2082.3274,2918.4624,0,15.7005,47.5706,25.0663,428.2818,230.8771,1.2486,0.411,0.2009,1.3277,0,,161.6033,0.3431,0,3.3049,12.6833,0,0.0391,0.0498,0.2591,0.1991,0.0806,0.3623,18.6984,16.3155,,1,4,67.3653,0.9095,2.1003,6.3329,1.706
ASC387,Indian Recipes,Mint and coriander chutney (Pudinay aur dhaniye ki chutney),INDB,Cooked_Recipe,102.5953,430.4657,2.8134,21.1823,0.5069,15.8798,4.3334,,,110.6142,67.0506,218.2778,0,107.4465,61.5733,62.7221,391.6642,459.4155,4.7608,0.5393,0.2658,2.646,0,,6306.4688,6.8042,0,0.2432,87.7301,0,0.1047,0.0683,0.7404,0.3248,0.135,2.1733,41.4214,13.7509,,1,2,26.9774,0.7398,5.5699,0.1333,1.1395
ASC395,Indian Recipes,Custard tart,INDB,Cooked_Recipe,225.5993,940.7707,3.7231,28.6591,10.725,9.3057,0.9123,,,6625.0498,2714.3108,464.9346,22.2842,57.4699,68.6565,12.9876,59.7391,115.7254,0.4948,0.3718,0.0675,0.4303,100.2267,,237.9076,1.524,0,0.3128,1.3915,0,0.0474,0.0694,0.2455,0.3289,0.0718,1.102,7.8745,1.6523,,2,2,161.7265,2.669,20.545,7.6885,0.654
ASC396,Indian Recipes,Lemon tart,INDB,Cooked_Recipe,303.3526,1262.3008,6.1173,30.6836,17.4485,10.6755,0.8092,,,10291.793,4656.5679,896.969,123.1688,24.0271,79.0668,12.9908,76.0946,94.2331,0.9767,0.5691,0.0768,9.4237,221.4466,,223.5821,1.9532,0.1929,0.7017,1.7626,3.3548,0.0608,0.0749,0.2556,0.5669,0.0666,4.4197,16.8799,4.8868,,2,2,165.1376,3.3301,16.7034,9.4985,0.4405
ASC397,Indian Recipes,Jam tart,INDB,Cooked_Recipe,360.7218,1498.5699,4.4187,46.1762,17.3513,14.7358,1.144,,,10836.7051,4354.6694,728.7047,44.1451,12.2314,50.3782,13.267,70.3378,67.2487,0.7411,0.387,0.0734,0,198.5492,,237.9275,2.7896,0,0.4041,1.9482,0,0.0622,0.0394,0.3192,0.3088,0.0332,0.2819,6.7358,0,,2,2,130.5362,1.599,16.71,6.279,0.414
ASC398,Indian Recipes,Orange cream tart,INDB,Cooked_Recipe,197.1593,822.5178,2.5777,27.4348,8.7219,10.081,0.6405,,,5436.7778,2186.4148,375.0457,22.1299,13.8435,37.8069,13.5901,36.85,136.0182,0.5802,0.2124,0.0433,0.0099,99.5325,,182.9091,1.4161,0,0.3865,1.1065,0,0.0768,0.0312,0.2784,0.3055,0.0447,0.8104,18.9815,27.1543,,2,2,142.3243,1.8607,19.8045,6.2961,0.4624
ASC399,Indian Recipes,Pineapple tart,INDB,Cooked_Recipe,195.4043,817.464,2.2879,28.6189,8.2147,11.0925,0.8726,,,5087.7593,2046.8757,353.0779,20.6964,12.0191,25.9921,10.571,37.8828,71.8227,0.4964,0.2566,0.0569,0.0078,93.085,,123.933,1.3283,0,0.2478,1.1466,0,0.0636,0.0262,0.2099,0.1914,0.0525,0.2342,8.8593,8.8781,,2,2,150.8277,1.766,22.0903,6.3407,0.6735
ASC400,Indian Recipes,Cheese and mushroom tart,INDB,Cooked_Recipe,246.0964,1022.0037,5.5085,21.4267,15.2849,3.1595,1.1772,,,9483.2246,3915.6458,646.6097,37.9888,100.9699,138.2678,15.7219,212.4223,136.369,0.5885,0.5928,0.0662,0.7655,160.4238,,401.5186,3.8916,0,0.3936,4.9625,0,0.0527,0.0829,0.3224,0.3823,0.0605,2.6072,11.8349,9.7054,,2,2,165.4998,3.7045,14.4095,10.2791,0.7917
ASC401,Indian Recipes,Cottage cheese pie,INDB,Cooked_Recipe,238.9797,992.8932,7.4482,20.6607,13.827,3.6203,2.2058,,,7188.0137,3464.9629,2141.1597,20.8619,108.047,104.3149,22.7052,103.2915,128.0955,0.9159,0.9821,0.1139,4.8983,93.8296,,983.8678,5.128,0,1.5653,12.72,0,0.0941,0.0471,0.5111,0.4224,0.0786,5.4118,36.5494,10.6523,,1,1.5,813.3276,25.3486,70.3152,47.058,7.5072
ASC402,Indian Recipes,Minced meat pie,INDB,Cooked_Recipe,221.5529,919.6646,7.3782,18.1147,13.0393,1.4181,2.3257,,,6419.2505,3522.7107,2098.1445,34.5737,18.1358,76.979,22.3314,127.8515,185.8917,1.0653,1.1105,0.1104,0.7353,91.1917,,916.5507,5.022,0,1.5429,12.7764,0,0.1139,0.0655,1.3862,0.5165,0.124,1.686,19.6398,10.6039,,1,1.5,783.928,26.1066,64.0959,46.1373,8.2292
ASC403,Indian Recipes,Apple cinnamon pie,INDB,Cooked_Recipe,258.7344,1077.3634,3.3514,33.6783,12.2055,11.9519,1.768,,,7486.9937,3045.4099,616.1891,36.5208,16.144,41.4136,12.3453,60.1426,90.1044,0.6526,0.3263,0.0741,0.8836,138.7085,,245.4686,2.415,0.0148,0.3548,2.6587,0.2578,0.054,0.0338,0.3094,0.2685,0.0397,0.6337,6.5385,1.2653,,1,2,458.2833,5.9362,59.6527,21.6189,3.1315
ASC404,Indian Recipes,Lemon meringue pie,INDB,Cooked_Recipe,224.4261,941.788,3.8765,35.1069,8.1566,21.17,0.4398,,,4648.4541,2230.1418,476.8924,75.2988,16.792,50.3466,8.0813,85.1227,58.1124,0.6678,0.3813,0.0615,6.5402,107.8884,,113.4821,1.0725,0.1339,0.396,0.749,2.3283,0.0366,0.0464,0.1498,0.3645,0.043,3.0151,11.1426,3.251,,1,2,352.0685,6.0812,55.074,12.7956,0.69
ASC405,Indian Recipes,Chocolate meringue pie,INDB,Cooked_Recipe,214.7573,899.7883,4.9795,28.8005,9.1744,15.0316,0.3745,,,5287.5508,2547.8752,472.6024,64.1113,55.9783,96.6228,26.0461,80.772,130.0149,0.9224,0.6616,0.1827,5.8094,91.8589,,165.346,0.9132,0.114,0.4339,0.6866,1.9824,0.0447,0.0782,0.2031,0.416,0.0485,3.2388,12.595,0.6818,,1,2,395.6904,9.1748,53.065,16.9038,0.69
ASC407,Indian Recipes,Cream puffs,INDB,Cooked_Recipe,221.3268,919.4542,4.6991,16.0048,15.4815,5.9371,0.3813,,,9279.9375,4176.0815,713.7133,100.4836,37.9309,71.4145,8.8639,98.7551,76.506,0.5836,0.4323,0.0392,6.9845,213.886,,170.3282,0.9299,0.1451,0.5893,0.905,2.5233,0.0394,0.1009,0.153,0.4415,0.047,4.0249,12.1451,0.2763,,2,2,160.1853,3.401,11.5835,11.2048,0.276
ASC408,Indian Recipes,Chocolate eclairs,INDB,Cooked_Recipe,239.4154,1000.0178,4.2375,26.2198,13.4969,17.3436,0.3261,,,8087.8643,3656.6487,617.4889,85.938,34.2127,68.9941,13.7256,85.8777,84.4564,0.6823,0.4631,0.0855,5.9734,182.9247,,146.1448,0.7953,0.1241,0.512,0.7917,2.1581,0.0356,0.087,0.151,0.3775,0.041,3.4422,10.836,0.2363,,1,2,405.2106,7.172,44.377,22.8435,0.552
ASC409,Indian Recipes,Cheese balls,INDB,Cooked_Recipe,681.2823,2803.7793,2.211,4.8097,72.5673,0.6295,0.1789,,,11055.166,15228.1465,43060.5117,37.7809,30.0063,62.8888,3.9306,120.6973,27.5741,0.3245,0.2406,0.0234,3.0402,63.9521,,56.7446,0.3974,0.0592,33.4964,4.8066,1.0292,0.015,0.0294,0.0558,0.17,0.0187,1.5398,4.9836,0.0142,,6,2,402.9501,1.3077,2.8447,42.9206,0.1058
ASC411,Indian Recipes,Minced meat patties,INDB,Cooked_Recipe,265.719,1101.4003,6.8773,15.2543,19.5714,0.8758,0.7675,,,3643.0742,4807.123,9927.1406,81.3571,19.2312,96.8322,13.1987,252.1828,119.5921,0.9332,0.9826,0.0682,3.6396,34.7749,,113.4959,1.4075,0.2003,7.6649,1.8513,2.7814,0.0649,0.0601,1.1713,0.5142,0.0839,4.7428,12.6072,1.215,,1,2,344.9963,8.9292,19.8055,25.4106,0.9965
ASC412,Indian Recipes,Cheese patties,INDB,Cooked_Recipe,324.0091,1343.3994,7.3811,22.2338,22.6686,3.9322,1.2432,,,4487.0713,4932.5581,12105.6904,0,126.4148,113.7696,18.8824,295.2244,97.1069,0.8183,0.9321,0.0887,5.6419,0,,588.5821,2.7409,0,9.2868,4.7937,0,0.0495,0.0465,0.3129,0.3431,0.053,5.5528,30.2301,3.2414,,1,2,336.8398,7.6734,23.1142,23.5662,1.2925
ASC413,Indian Recipes,Hot cheese souffle,INDB,Cooked_Recipe,177.0967,736.6183,9.1826,5.4057,13.2303,2.9128,0.1209,,,7316.6943,3861.709,748.9099,149.1424,169.1736,235.8608,13.3799,286.9574,130.845,0.8284,1.0223,0.0436,14.8645,163.8686,,186.1255,0.2484,0.2831,0.793,0.8463,4.9233,0.0476,0.1565,0.1129,0.7612,0.0848,7.9241,22.5563,0.8128,,1,1,525.5345,27.2493,16.0415,39.2608,0.3589
ASC414,Indian Recipes,Hot potato souffle,INDB,Cooked_Recipe,125.6388,523.3306,5.5071,8.5643,7.6447,1.7799,0.6574,,,3982.1575,2264.814,535.0211,109.0879,56.8361,100.3466,15.0209,97.1992,258.6183,0.7886,0.5643,0.0647,11.5911,95.7819,,205.7062,0.2632,0.229,0.5863,1.1603,3.9836,0.0499,0.0958,0.418,0.6584,0.0918,6.0899,21.2809,8.2323,,1,1,460.7801,20.1973,31.4095,28.0368,2.4109
ASC415,Indian Recipes,Hot fish souffle,INDB,Cooked_Recipe,142.9211,595.6414,11.2265,3.6923,9.2447,1.6752,0.0979,,,4841.1973,2603.5232,793.5079,122.6863,58.1842,155.1785,17.681,110.935,165.0395,0.7036,0.6461,0.0516,20.9424,105.6992,,137.6489,0.201,0.4286,0.9789,0.4667,4.3076,0.0467,0.1024,0.5293,0.8973,0.1016,5.6482,19.3504,0.6577,,1,1,524.163,41.1733,13.5415,33.9049,0.3589
ASC416,Indian Recipes,Hot spinach souffle,INDB,Cooked_Recipe,104.2474,434.005,5.434,4.1882,7.239,1.6393,0.9903,,,3737.0613,2105.5745,567.08,100.8393,80.7706,91.9476,39.4858,104.6934,311.7284,1.6719,0.6109,0.0969,11.278,88.5394,,3738.9609,0.2841,0.2117,1.0115,123.3047,3.6824,0.0885,0.1234,0.1966,0.5769,0.1113,6.7863,68.6668,12.056,,1,1,413.6015,21.5593,16.6166,28.7208,3.9289
ASC417,Indian Recipes,Plain cream cake,INDB,Cooked_Recipe,353.9397,1480.8568,6.1818,47.1843,16.1668,27.7376,0.7127,,,9469.8604,4351.644,833.7418,120.9155,41.946,181.6263,11.7894,173.9958,86.9085,1.0242,0.6146,0.0772,9.5599,203.8967,,215.3991,1.7378,0.1972,0.6869,1.4742,3.4296,0.055,0.0796,0.2313,0.5632,0.0611,4.6038,16.2685,0.1415,,1,4,188.4729,3.2918,25.1256,8.6088,0.3795
ASC418,Indian Recipes,Apple cake (Seb ka cake),INDB,Cooked_Recipe,290.0764,1213.6691,4.9377,39.4832,12.868,23.5213,1.2173,,,7458.5449,3421.7012,714.6158,94.6875,38.9871,145.0752,11.9987,136.9531,96.1618,0.895,0.5086,0.0716,7.6334,159.6691,,212.0109,1.7979,0.1544,0.5691,2.2907,2.6857,0.0505,0.065,0.2353,0.4628,0.0571,3.675,13.7003,1.7119,,1,4,197.2519,3.3577,26.8486,8.7502,0.8278
ASC419,Indian Recipes,Marble cake,INDB,Cooked_Recipe,354.1051,1481.4758,6.2996,46.8787,16.2656,27.5597,0.7081,,,9528.5381,4390.9048,833.9918,120.1399,39.5953,162.0415,16.5389,138.4774,100.2023,1.1156,0.6668,0.1131,9.4985,202.5889,,214.3907,1.7266,0.1959,0.6888,1.4787,3.4076,0.0561,0.0796,0.2457,0.5596,0.0614,4.5742,16.5187,0.1406,,1,8,189.7782,3.3762,25.1241,8.7173,0.3795
ASC420,Indian Recipes,Chocolate cake,INDB,Cooked_Recipe,335.6087,1404.7739,6.0068,45.1372,15.1839,27.576,0.6446,,,8900.5527,4104.9053,770.5096,109.3631,41.1316,134.0947,17.7414,241.9257,104.6975,1.08,0.6518,0.1223,8.707,184.4161,,208.0679,1.5718,0.1783,0.6439,1.3524,3.1019,0.0536,0.0795,0.235,0.531,0.0586,4.29,15.6461,0.2561,,1,4,197.5896,3.5365,26.5745,8.9395,0.3795
ASC421,Indian Recipes,Orange cake,INDB,Cooked_Recipe,357.6086,1496.2365,6.0999,48.2766,16.2146,28.3767,0.8307,,,9491.084,4363.7803,843.1933,123.6735,29.7167,129.4574,12.1666,105.4055,90.6375,1.0586,0.5902,0.0775,9.7191,208.5474,,208.5474,1.7774,0.2017,0.7059,1.5078,3.5078,0.059,0.0751,0.248,0.5692,0.0636,4.6142,17.7659,3.611,,1,4,186.18,3.1758,25.134,8.4418,0.4325
ASC422,Indian Recipes,Fruit Loaf,INDB,Cooked_Recipe,324.1949,1354.7628,5.3643,46.4919,13.314,24.5423,0.8716,,,7825.4771,3557.2554,687.2519,90,45.711,170.5696,13.0577,160.5986,116.7808,0.9552,0.5345,0.0793,6.9812,161.8121,,209.1834,1.7698,0.1409,0.5711,2.4199,2.4513,0.0529,0.0706,0.2468,0.4774,0.0626,3.6328,13.9871,4.4179,,1,8,181.1439,2.9973,25.9774,7.4392,0.487
ASC423,Indian Recipes,Banana cake (Kele ka cake),INDB,Cooked_Recipe,389.5145,1623.4025,5.7724,39.9961,23.3142,23.0444,1.1447,,,3300.3958,6110.7935,12661.3193,68.9915,23.5515,127.6312,31.4551,117.8056,157.6098,1.1435,0.7594,0.218,8.3627,37.3233,,125.0861,1.5231,0.1583,9.6791,1.8839,2.754,0.0759,0.0562,0.3123,0.5563,0.148,3.9765,17.0804,1.4813,,1,8,258.2968,3.8278,26.5224,15.4602,0.7591
ASC424,Indian Recipes,Chocolate chiffon cake,INDB,Cooked_Recipe,311.7093,1305.2822,5.7644,37.8689,15.799,24.2508,0.7048,,,3327.5161,3690.5303,7753.5571,93.3471,42.1548,196.4268,28.9253,188.5888,138.7186,1.0678,0.6605,0.2165,6.9944,69.3642,,87.2466,3.1432,0.3902,4.71,4.399,3.7181,0.0609,0.0652,0.2776,0.5724,0.0764,6.7887,16.4738,0.2924,,1,8,227.0607,4.199,27.5851,11.5086,0.5134
ASC425,Indian Recipes,Christmas cake,INDB,Cooked_Recipe,372.9477,1560.8005,5.4928,48.2946,16.8838,27.4479,1.4879,,,8838.876,5451.3022,1143.4363,97.8093,40.9772,116.3738,30.7958,64.8425,176.2688,1.3182,0.7708,0.2234,8.169,179.302,,161.0485,1.4812,0.1512,0.7145,1.8005,2.6292,0.0839,0.0647,0.3059,0.5009,0.0767,3.8613,16.3752,8.1631,,1,8,388.5696,5.7229,50.3176,17.5911,1.5502
ASC426,Indian Recipes,Strawberry and vanilla cake with butter icing,INDB,Cooked_Recipe,370.5381,1547.8612,3.8905,44.2539,20.3886,32.4266,0.792,,,12410.2598,5320.7974,910.1946,101.1159,28.1688,114.822,9.7649,107.2661,74.5308,0.7005,0.4128,0.0749,5.8419,247.6109,,235.0215,1.6242,0.1202,0.6877,4.6853,2.0901,0.0413,0.0562,0.2092,0.3659,0.0491,2.7848,10.9883,7.2104,,1,6,431.6769,4.5324,51.5558,23.7527,0.9227
ASC427,Indian Recipes,Eggless cake,INDB,Cooked_Recipe,318.0814,1333.7468,8.1194,46.1425,11.7504,27.7046,0.679,,,7313.7593,2982.6484,474.9646,27.6781,212.9657,265.5264,26.5296,310.5029,273.6187,0.6076,0.8698,0.0617,1.6453,185.5049,,203.3419,1.6558,0,0.3088,1.1563,0,0.0929,0.2579,0.3379,0.6914,0.1058,3.2488,12.4336,2.2173,,1,8,193.9303,4.9503,28.1325,7.1641,0.414
ASC429,Indian Recipes,Swiss roll,INDB,Cooked_Recipe,251.8735,1062.0869,7.2967,48.3395,3.767,32.9553,0.5455,,,1188.6858,1385.9368,523.1384,144.664,24.1067,95.1304,10.8597,51.8972,87.0751,1.1922,0.685,0.0738,15.9842,78.2609,,106.7194,1.33,0.332,0.6067,0.1976,5.7747,0.0534,0.0873,0.1973,0.7235,0.0792,7.3241,22.7055,0,,1,4,159.31,4.6151,30.5747,2.3826,0.345
ASC430,Indian Recipes,Pineapple pastry,INDB,Cooked_Recipe,208.2085,874.126,6.0585,29.04,7.8741,18.8342,0.7205,,,4160.3291,2354.8904,544.2652,115.3425,42.9704,89.4244,11.4181,44.2995,107.326,0.8625,0.5718,0.0592,11.086,133.9726,,134.8145,1.057,0.2301,0.5893,0.4866,4.0027,0.0539,0.116,0.1836,0.6037,0.0771,5.9718,19.0904,3.9871,,1,4,189.9902,5.5284,26.499,7.1852,0.6575
ASC431,Indian Recipes,Black forest pastry,INDB,Cooked_Recipe,233.5456,979.9946,6.0878,34.4767,8.4634,21.3525,0.5405,,,4524.0952,2548.3042,565.5872,113.0295,44.1539,92.1912,13.5673,53.4349,110.9705,0.9196,0.5885,0.0742,10.9491,131.5013,,138.9276,1.248,0.2252,0.581,0.6429,3.9169,0.0516,0.114,0.1867,0.599,0.0664,5.9212,17.4587,0.9775,,1,4,217.7812,5.6769,32.1495,7.8921,0.504
ASC432,Indian Recipes,Coconut finger,INDB,Cooked_Recipe,274.8557,1155.8846,7.0902,42.5572,8.8621,28.5502,1.8706,,,4822.334,1550.3217,543.9825,127.972,24.0385,101.8566,18.104,46.8636,141.1643,1.3072,0.725,0.1419,16.347,69.2308,,109.7902,1.1766,0.2937,1.0664,0.4266,5.1084,0.0507,0.0808,0.2366,0.6583,0.0831,6.5673,22.2072,0,,1,4,196.5218,5.0695,30.4284,6.3364,1.3375
ASC433,Indian Recipes,Pineapple cake,INDB,Cooked_Recipe,195.5715,819.0643,5.0134,23.509,9.344,16.1577,0.7563,,,5333.9238,2667.501,516.4905,92.7875,49.0554,80.3271,10.7051,37.4749,108.386,0.6449,0.4751,0.0483,7.8924,152.0468,,138.9602,0.8481,0.1637,0.5384,0.5949,2.848,0.0485,0.1217,0.1609,0.5001,0.0691,4.8858,15.7183,5.3306,,1,1,1003.282,25.7186,120.601,47.9346,3.88
ASC439,Indian Recipes,Chocolate walnut cookies (Chocolate aur akhrot ke cookies),INDB,Cooked_Recipe,424.8011,1773.4586,6.5597,47.0965,23.6221,22.5805,1.545,,,10597.0557,5754.6133,5304.8369,69.0266,36.1001,144.8763,43.3104,280.4386,158.2277,1.3662,0.899,0.3369,3.9208,164.28,,433.4192,6.9133,0.0676,1.4906,8.9165,1.1754,0.1014,0.0535,0.4023,0.457,0.1217,3.0755,16.3128,0.6323,,2,3,110.0058,1.6987,12.196,6.1171,0.4001
ASC440,Indian Recipes,Chocolate chip cookies,INDB,Cooked_Recipe,425.2903,1776.7543,5.7907,57.9794,19.3783,30.2857,1.0514,,,11777.2002,5156.5674,870.8724,75.9771,24.7581,77.1848,22.999,278.2933,114.0876,1.2184,0.6136,0.1614,4.2171,202.7048,,232.8952,2.5638,0.08,0.6469,2.0008,1.3914,0.0666,0.0601,0.342,0.4514,0.0486,2.2705,11.9848,0,,2,3,93.0322,1.2667,12.683,4.239,0.23
ASC441,Indian Recipes,Sweet plain biscuit,INDB,Cooked_Recipe,380.7575,1588.8641,5.8594,50.2901,17.6666,21.7697,1.0718,,,10755.3984,4559.2583,810.6407,76.8932,42.8777,158.4342,14.9132,132.5934,90.9612,0.9204,0.5656,0.1016,4.0369,205.2427,,259.3204,2.6136,0.0816,0.5509,1.8252,1.4184,0.0676,0.0682,0.319,0.4717,0.0513,2.2656,11.9181,0.2342,,3,3,54.4695,0.8382,7.1943,2.5273,0.1533
ASC442,Indian Recipes,Chocolate biscuit,INDB,Cooked_Recipe,379.7617,1586.4862,5.8763,51.564,17.0923,24.1604,1.0128,,,10398.2197,4440.3999,777.0275,72.6606,41.5083,161.8598,23.2666,127.0194,114.9817,1.1358,0.6648,0.1565,3.8147,193.945,,245.7798,2.4697,0.0771,0.533,1.7523,1.3404,0.0668,0.0655,0.3327,0.4457,0.0497,2.1409,11.9593,0.2213,,3,3,57.4917,0.8896,7.8062,2.5876,0.1533
ASC443,Indian Recipes,Coconut biscuit (Nariyal ke biscuit),INDB,Cooked_Recipe,434.9831,1816.4814,5.7807,42.9046,27.1607,20.757,3.6409,,,17418.3555,4757.6562,867.4963,64.9778,37.8104,157.6794,28.423,105.7588,202.7926,1.3179,0.6881,0.2289,7.5689,184.9778,,247.1555,1.9941,0.0622,1.5524,2.1239,1.0822,0.0587,0.0612,0.3696,0.3987,0.0658,1.9141,13.4077,0.1787,,3,3,81.5593,1.0839,8.0446,5.0926,0.6827
ASC444,Indian Recipes,Sweet and salty biscuit (Meethay aur namkeen biscuit),INDB,Cooked_Recipe,407.9568,1694.6932,6.1534,45.0871,22.3855,7.2212,1.6767,,,13969.8701,5632.0415,932.3316,55.1813,37.2383,78.0249,18.4943,414.7036,109.9534,1.0533,0.5394,0.0988,0.1477,248.1865,,328.4974,3.487,0,0.5394,2.4352,0,0.0824,0.0663,0.4114,0.4389,0.0477,0.6601,9.5124,0.3124,,3,3,43.742,0.6598,4.8343,2.4002,0.1798
ASC445,Indian Recipes,Peanut biscuit,INDB,Cooked_Recipe,401.0492,1676.0781,8.4509,46.7241,20.4083,21.2647,2.4844,,,9927.2344,6533.9346,2462.3125,61.875,50.5812,254.4744,42.5395,202.2603,180.9531,1.3406,0.977,0.2161,3.7812,165.1562,,221.6094,3.2125,0.0656,1.112,1.8594,1.1414,0.1434,0.0736,2.0302,0.5373,0.0772,2.0747,23.7887,0.1884,,3,3,71.2976,1.5024,8.3065,3.6281,0.4417
ASC446,Indian Recipes,Pin wheel biscuit,INDB,Cooked_Recipe,404.6002,1688.631,5.3996,54.5648,18.6608,23.2524,1.1572,,,11624.1719,4738.7168,769.5598,44.6541,42.7044,168.2675,27.5048,131.7308,122.7358,1.13,0.6553,0.1857,0.1195,200.8386,,266.8344,2.8218,0,0.4536,2.0084,0,0.0707,0.0552,0.3757,0.3551,0.0403,0.5342,8.6537,0.2528,,2,3,80.4143,1.0732,10.8447,3.7088,0.23
ASC447,Indian Recipes,Saffron biscuit (Kesar biscuit),INDB,Cooked_Recipe,458.6101,1913.0254,6.0473,59.7026,22.0112,22.4167,1.9047,,,12108.0098,6220.1445,1449.1193,49.6368,25.7078,75.6883,26.3565,5.6529,120.0159,1.232,0.5949,0.1375,0.267,186.0371,,526.7975,3.8942,0,1.9246,1.1095,0,0.0853,0.0424,0.4873,0.4021,0.0495,0.5266,10.0219,0.118,,3,3,50.5083,0.666,6.5753,2.4242,0.2098
ASC448,Indian Recipes,Masala biscuit,INDB,Cooked_Recipe,393.6422,1636.0129,6.0614,45.1802,20.7502,6.8205,2.1421,,,12216.7266,5370.4033,1160.134,51.2887,53.7309,179.4924,25.4785,714.5203,136.3479,1.3154,0.5899,0.1154,0.468,191.5464,,1276.8041,6.1655,0,1.2795,13.1521,0,0.0858,0.0506,0.4614,0.4328,0.0724,0.6106,13.326,0.9481,,2,3,63.6388,0.9799,7.3041,3.3546,0.3463
ASC449,Indian Recipes,Ice box cookies,INDB,Cooked_Recipe,374.2433,1565.2905,5.6988,56.0922,14.4369,26.6854,1.2762,,,8697.0537,3729.1223,721.6193,70.8216,18.4954,68.61,15.3293,449.1415,94.2966,1.0426,0.5265,0.095,4.0521,173.4269,,239.98,3.0421,0.0842,0.4727,2.0329,1.4639,0.0718,0.0563,0.3366,0.4625,0.0514,2.214,11.8493,0.707,,3,3,51.8743,0.7899,7.775,2.0011,0.1769
ASC450,Indian Recipes,Ginger bread man,INDB,Cooked_Recipe,364.9998,1526.8944,6.6095,60.2552,11.006,29.1196,1.5981,,,6400.5742,2895.7144,639.5368,75.3143,37.9214,85.9548,31.73,477.987,161.2436,2.1188,0.6774,0.1066,5.6787,136.4729,,207.4388,2.9854,0.1173,0.4493,1.7312,2.0406,0.0783,0.0634,0.3935,0.5566,0.1552,2.8926,15.664,0.2882,,2,2,108.4506,1.9638,17.9033,3.2702,0.4748
ASC451,Indian Recipes,Danish cookies,INDB,Cooked_Recipe,475.3274,1979.403,5.3333,58.005,24.9154,21.7264,1.3731,,,15598.2832,6266.9849,1015.4229,63.5821,15.9701,61.796,16.2438,201.0647,84.3234,0.9816,0.4881,0.0979,0,285.9702,,315.8209,3.3483,0,0.5771,2.7065,0,0.0746,0.0507,0.3831,0.3731,0.0398,0.3483,8.0846,0,,4,2,59.713,0.67,7.2869,3.13,0.1725
ASC452,Indian Recipes,Short bread cookies,INDB,Cooked_Recipe,443.0935,1849.6085,6.027,64.8157,17.9843,23.311,1.5715,,,11178.5342,4493.603,799.5729,45.4804,15.9217,67.7616,18.1722,145.005,92.7011,1.1157,0.5441,0.1099,0,204.5552,,283.5587,3.832,0,0.4235,2.1495,0,0.0854,0.0491,0.4384,0.4206,0.0456,0.373,9.2527,0,,4,2,77.8183,1.0585,11.3833,3.1585,0.276
ASC453,Indian Recipes,Coffee biscuit,INDB,Cooked_Recipe,416.5722,1740.9127,6.8976,46.5535,23.0047,21.6882,1.5884,,,9621.4375,5255.7319,6479.2891,63.9742,48.9208,185.547,37.4803,112.5299,160.4927,1.275,0.8609,0.2753,4.2607,170.7593,,231.5186,8.1596,0.0679,0.9908,12.5215,1.1801,0.1082,0.0736,0.5368,0.501,0.1462,4.0045,17.4763,0.1948,,3,3,71.6273,1.186,8.0046,3.9555,0.2731
ASC454,Indian Recipes,Melting moments,INDB,Cooked_Recipe,437.9105,1828.7897,5.7133,55.8354,21.7792,24.9957,1.8831,,,13008.7646,5791.6826,1183.3323,80.3339,30.394,159.1386,21.4883,119.0885,112.2487,1.2018,0.6777,0.1155,4.177,240.4341,,243.5225,2.2471,0.0701,0.7594,2.0634,1.2195,0.1914,0.1945,0.8033,0.4178,0.0629,2.9516,21.5626,0,,3,3,72.8634,0.9506,9.2904,3.6238,0.3133
ASC455,Indian Recipes,Ginger biscuit (Adarak ke biscuit),INDB,Cooked_Recipe,417.909,1746.3127,5.981,58.4448,18.3057,27.0621,1.4885,,,11136.1201,4719.4595,847.5542,81.7337,25.967,116.4603,17.5872,79.6821,106.4241,2.2014,0.6665,0.103,4.1734,218.1631,,256.3261,2.7781,0.0867,0.5583,1.9401,1.5077,0.0693,0.0635,0.4555,0.4907,0.0746,2.1631,11.7977,0,,3,3,56.2436,0.8049,7.8657,2.4636,0.2003
ASC456,Indian Recipes,Soyabean muthias,INDB,Cooked_Recipe,839.3266,3453.3169,2.4567,3.7021,90.4491,0.1666,1.4699,,,10904.9502,18603.9395,57231.9492,0,12.1568,33.6373,12.0335,78.249,100.2925,0.5972,0.2406,0.0652,1.0121,0,,34.1468,3.9205,0,44.0891,8.439,0,0.0419,0.0165,0.2378,0.1324,0.0363,0.0585,16.7122,0.5896,,2,2,1126.4392,3.2971,4.9685,121.3894,1.9727
ASC457,Indian Recipes,Soyabean tikki,INDB,Cooked_Recipe,698.1696,2874.5,3.5347,4.3864,74.0176,0.3496,2.2044,,,8939.8613,15223.0752,46736.2344,0,29.2309,47.5947,23.8679,88.7162,218.9947,1.0399,0.3528,0.0937,1.803,0,,771.3887,5.3026,0,35.8672,32.8194,0,0.0728,0.0295,0.3567,0.1946,0.0576,0.4725,34.9577,4.0513,,2,2,1156.3434,5.8544,7.265,122.5916,3.651
ASC458,Indian Recipes,Soyabean namak paras,INDB,Cooked_Recipe,838.4636,3450.0413,2.651,4.6502,89.8251,0.2187,1.4136,,,10827.1748,18472.416,56840.9688,0,12.1311,33.1128,12.1822,72.0532,98.46,0.6444,0.2386,0.0617,0.9237,0,,30.2604,4.1959,0,43.7868,8.1824,0,0.0417,0.0159,0.1672,0.1475,0.0291,0.074,16.6788,0,,1,2,2294.2458,7.2538,12.724,245.784,3.868
ASC459,Indian Recipes,Peanut burfi (Moongfali ki burfi),INDB,Cooked_Recipe,550.9937,2303.874,9.311,48.1378,36.8409,43.0787,4.0866,,,5757.4805,11577.5586,18018.1094,0,25.1968,154.3307,78.3465,6.7756,269.2914,1.4543,1.2913,0.4116,1.3425,0,,32.5984,2.7953,0,12.1491,2.3236,0,0.2244,0.0472,4.4685,0.3976,0.0906,0.6339,35.7756,0,,3,2,116.627,1.9708,10.1892,7.798,0.865
ASC460,Indian Recipes,Spinach peanut namak paras (Palak moongfali namak paras),INDB,Cooked_Recipe,740.1649,3046.156,1.6543,6.6164,78.511,0.2806,0.809,,,9525.0254,16334.3682,49401.4062,0,13.3547,22.0803,17.6556,73.1537,104.1633,0.6696,0.2032,0.0641,0.3288,0,,1170.6002,0.7315,0,38.4045,43.6573,0,0.0446,0.0202,0.3785,0.1077,0.0312,0.5752,20.3077,3.6022,,1,2,2339.8462,5.2298,20.916,248.193,2.5575
ASC461,Indian Recipes,Gram flour and semolina chilla/cheela/savory pancake (Besan suji chilla/cheela),INDB,Cooked_Recipe,758.8948,3124.1084,2.0763,7.6324,80.0378,0.2502,1.3924,,,9621.6523,16406.5449,50664.043,0,12.1341,21.8281,13.0807,74.8836,87.3488,0.6687,0.2582,0.0671,1.0992,0,,828.1478,0.5658,0,39.4922,32.6287,0,0.0552,0.0202,0.2068,0.1306,0.0439,0.7917,23.1415,2.5257,,2,2,1142.1367,3.1249,11.4867,120.4569,2.0955
ASC462,Indian Recipes,Rice moong dal cheela (Chawal aur moong dal ka cheela),INDB,Cooked_Recipe,798.2613,3286.0723,2.741,11.1278,82.4379,0.1513,1.184,,,9918.1992,16894.2285,52194.6992,0,4.9949,48.2024,16.1012,142.8216,124.5763,0.5118,0.3139,0.1166,4.4022,0,,87.6244,0.1758,0,40.5516,6.2087,0,0.045,0.017,0.393,0.1928,0.0388,0.0823,8.7839,0.0017,,2,2,1163.4658,3.995,16.2188,120.1532,1.7257
ASC463,Indian Recipes,Split bengal gram sweet rice (Channa dal sweet rice),INDB,Cooked_Recipe,190.2114,795.8636,4.1545,41.0723,0.6441,19.4095,2.2273,,,92.4614,104.2568,281.7046,0,30.3723,78.3023,42.9364,8.38,230.1818,1.7686,0.6795,0.1518,4.9041,0,,107.4068,0.2659,0,0.0468,0.4773,0,0.0795,0.0295,0.745,0.3227,0.2286,0.2759,22.0341,0,,1,1,418.4651,9.14,90.359,1.417,4.9
ASC464,Indian Recipes,Sweet poori (Meethi poori),INDB,Cooked_Recipe,782.7457,3224.2297,2.118,14.2628,79.6311,7.1454,1.5408,,,9590.5928,16442.5801,50270.0391,0,34.241,51.5025,27.8033,2.5661,82.7705,1.127,0.447,0.0864,4.9236,0,,26.7789,2.1679,0,38.859,7.1105,0,0.0584,0.0198,0.3228,0.1387,0.1036,0.442,12.0508,0,,4,1,1193.6873,3.23,21.7507,121.4375,2.3498
ASC465,Indian Recipes,Wheat flour and moong dal burfi (Atta aur moong dal ki burfi),INDB,Cooked_Recipe,441.0817,1845.5714,9.8352,59.9962,18.4114,31.1162,6.019,,,9227.2383,5467.2095,2068.3811,35.1429,25.1981,206.7619,84.5714,5.2486,396.4762,2.3048,1.62,0.4438,25.0524,131.7143,,473.0762,4.9038,0,1.3486,2.2476,0,0.241,0.0771,2.1086,0.6648,0.1295,0.4943,34.5476,0,,2,2,115.784,2.5817,15.749,4.833,1.58
ASC466,Indian Recipes,Spinach burfi (Palak burfi),INDB,Cooked_Recipe,121.1724,508.2683,2.7075,12.7603,6.8141,12.1189,1.1717,,,4185.8018,1406.6815,296.0158,5.6471,93.6758,70.8666,33.1423,27.7749,268.7834,1.0515,0.3758,0.1035,1.8862,21.165,,2904.2957,0.1373,0,0.8036,93.3492,0,0.0644,0.0931,0.1626,0.2647,0.0705,2.3603,45.481,9.8422,,2,2,105.5715,2.3589,11.1174,5.9367,1.0209
ASC467,Indian Recipes,Sweet split chickpea roti (Sweet channa dal roti/Puranpoli),INDB,Cooked_Recipe,366.587,1529.8759,9.5145,62.6604,7.9279,24.7326,8.1593,,,3897.8164,1865.0594,1109.0679,15.555,53.3035,229.3761,112.9742,12.0539,462.1077,4.3607,2.1452,0.3981,34.43,58.2998,,446.7443,6.7504,0,0.5328,0.9836,0,0.2735,0.1012,1.466,0.7719,0.3522,0.6707,51.8314,0,,2,2,195.6658,5.0784,33.445,4.2315,4.355
ASC468,Indian Recipes,Sprouted moong daliya,INDB,Cooked_Recipe,111.5632,463.8924,2.8051,14.7725,4.7098,1.6673,3.1229,,,553.9399,927.6819,2808.5854,0,22.6234,18.9984,9.4636,196.7294,83.9225,1.2939,0.1565,0.0361,0.1029,0,,1506.8291,0.369,0,2.1486,4.3467,0,0.0285,0.0147,0.1452,0.1336,0.0455,0.6541,11.1512,2.3845,,1,1,352.5399,8.8641,46.6812,14.8829,9.8685
ASC469,Indian Recipes,Sprouted moong poha,INDB,Cooked_Recipe,192.6034,804.4395,5.5925,26.6048,6.8859,1.9256,3.1328,,,1241.2255,2546.0977,2828.3242,0,28.3904,116.2379,55.6266,220.8244,268.0632,2.4258,0.9301,0.2132,1.0089,0,,517.2791,2.3325,0,1.5467,8.0961,0,0.129,0.042,1.9534,0.4059,0.0954,0.97,24.4634,10.0547,,1,1,368.5081,10.7,50.903,13.1748,5.994
ASC470,Indian Recipes,Pearl millet ladoo (Bajra ladoo),INDB,Cooked_Recipe,319.6562,1337.4736,9.6137,50.9826,8.0589,27.4411,5.9968,,,1473.8094,3064.9851,2786.9263,0,118.7374,224.22,125.5789,12.2611,479.3158,4.7189,1.8742,0.4421,15.0442,0,,159.8211,5.9005,0,0.6168,7.4658,0,0.1942,0.0847,1.8284,0.5126,0.3721,0.7716,40.2058,0,,2,2,151.8367,4.5665,24.2167,3.828,2.8485
ASC471,Indian Recipes,Paushtik ladoo,INDB,Cooked_Recipe,485.8724,2035.2858,7.6518,60.3354,24.9825,38.1193,4.5736,,,13246,7023.8926,2437.0715,52.7143,20.6679,123.8214,47.4643,6.0936,161,1.6261,1.0396,0.2175,10.4436,197.5714,,461.5572,2.9054,0,2.04,2.0393,0,0.1961,0.0657,1.5732,0.4489,0.1414,1.7507,46.1729,0,,2,2,170.0553,2.6781,21.1174,8.7439,1.6007
ASC472,Indian Recipes,Paushtik roti,INDB,Cooked_Recipe,149.2552,627.7607,7.168,26.5941,1.5082,2.0277,5.7357,,,228.8273,216.5856,753.3982,0,52.7431,127.75,77.0299,170.958,403.4389,2.6236,1.1503,0.2452,13.8698,0,,3830.8081,3.4503,0,0.9722,129.2383,0,0.2398,0.1049,1.0639,0.5444,0.2129,3.6106,98.0377,15.4817,,3,1,64.0951,3.0782,11.4204,0.6477,2.4631
ASC473,Indian Recipes,Semolina carrot vada (Suji gajar vada),INDB,Cooked_Recipe,699.5288,2878.8635,1.5599,6.5207,74.0745,1.2135,1.0676,,,9066.8652,15206.9395,46728.957,1.1828,26.4724,30.7281,6.3548,73.1674,73.0246,0.3599,0.2582,0.049,1.0714,3.0108,,743.6559,0.7335,0,36.3281,6.1467,0,0.0318,0.0344,0.1252,0.1344,0.0276,0.4286,5.7542,0.5853,,2,2,1138.4832,2.5387,10.6125,120.5562,1.7375
ASC474,Indian Recipes,Dhokla,INDB,Cooked_Recipe,216.4855,915.9898,13.4477,30.6843,5.2833,4.7813,4.9465,,,1343.3141,1135.8055,2180.6982,5.1617,123.2057,185.942,40.5075,376.0176,287.1483,1.3876,1.0538,0.1338,2.9301,13.139,,132.8649,0.1853,0,1.8456,6.6974,0,0.2425,0.2092,1.0135,0.8282,0.2665,5.2178,99.9172,1.7061,,2,4,86.5022,5.3734,12.2607,2.1111,1.9765
BFP007,Indian Recipes,Kashmiri tea (Kehwa),INDB,Cooked_Recipe,24.9037,105.7316,0.1741,5.2321,0.5063,5.1404,0.1569,,,38.5649,330.2871,114.3923,0,3.1889,4.134,3.4655,0.2924,8.8091,0.0659,0.0421,0.0169,0.0537,0,,0.8098,0.099,0,0.2231,0.0853,0,0.0015,0.0025,0.0346,0.0068,0.0011,0.0301,0.318,0.0239,,1,2,63.9277,0.447,13.4307,1.2998,0.4028
BFP008,Indian Recipes,Steeped hot coffee,INDB,Cooked_Recipe,15.908,67.401,0.3866,3.0104,0.3327,2.9621,0,,,201.0148,90.1485,10.2475,0,10.396,10.2644,3.9317,2.8163,46.0891,0.0616,0.0379,0.0113,0.1597,0,,14.8515,0,0,0.0163,0.0426,0,0.0026,0.0102,0.2515,0.0252,0.0032,0.8104,0.6309,0.1493,,1,2,32.1343,0.781,6.081,0.672,0
BFP011,Indian Recipes,Hot chocolate,INDB,Cooked_Recipe,90.0058,377.6824,3.4294,9.0181,4.611,8.8635,0,,,2780.8923,1265.7218,148.2415,0.0157,113.6299,101.7365,14.9864,36.0409,135.4331,0.3315,0.6092,0.2239,0.9081,0.0394,,189.0157,0,0,0.2332,0.006,0,0.0295,0.1072,0.1081,0.3378,0.0384,2.3512,7.0415,1.8992,,1,2,171.461,6.533,17.1795,8.784,0
BFP013,Indian Recipes,Cold coffee (with cream),INDB,Cooked_Recipe,82.7641,348.6227,1.9341,11.9832,3.2898,11.9054,0,,,2024.3113,885.1497,103.8323,3.2934,64.4311,54.7892,8.5772,15.3521,107.0359,0.1449,0.1982,0.0326,0.5629,17.4251,,105.9281,0,0,0.1335,0.0515,0,0.0166,0.0666,0.3413,0.1808,0.0212,1.9186,3.7988,1.0228,,1,2,207.324,4.845,30.018,8.241,0
BFP015,Indian Recipes,Banana milkshake with ice cream (Kele ka milkshake ice cream ke saath),INDB,Cooked_Recipe,76.4482,321.4265,2.0141,11.1535,2.7712,9.9447,0.2688,,,1675.0294,738.3682,102.7059,1.2971,68.2965,57.3671,8.6006,16.6259,110.8824,0.1379,0.21,0.0362,0.5471,4.0147,,138.4559,0.0235,0,0.1487,0.2588,0,0.0215,0.0753,0.1076,0.2675,0.0829,1.3265,6.0959,2.0565,,1,2,259.9238,6.848,37.922,9.422,0.914
BFP019,Indian Recipes,Flavoured milkshake,INDB,Cooked_Recipe,66.7758,281.0526,2.0589,8.6463,2.8295,8.6147,0,,,1709.6842,766.7368,87.1579,0,75.0526,61.0379,5.3347,16.3432,72.8947,0.1053,0.2137,0.0253,0.6,0,,126.3158,0,0,0.1389,0,0,0.0189,0.0695,0.0505,0.2147,0.0253,1.2505,4.44,1.2695,,1,2,190.311,5.868,24.642,8.064,0
BFP024,Indian Recipes,Jal jeera,INDB,Cooked_Recipe,30.2408,127.6603,0.4379,6.7002,0.2598,5.7118,0.9524,,,22.9633,107.0159,77.3266,0,24.7176,11.2972,12.8913,215.6184,76.3069,0.8352,0.1114,0.049,0.3999,0,,411.216,1.3339,0,0.0365,5.786,0,0.0213,0.0099,0.1264,0.0224,0.016,0.1054,3.1959,1.5922,,1,6,42.3437,0.6131,9.3818,0.3638,1.3336
BFP026,Indian Recipes,Gingo,INDB,Cooked_Recipe,48.0179,204.1237,0.1363,12.4186,0.0594,12.0794,0.1675,,,14.9742,3.3,28.7268,0,6.3313,2.312,3.351,21.5015,20.8213,0.2145,0.0307,0.0196,0.2225,0,,392.6816,0.1247,0,0.0153,3.6937,0,0.0028,0.0048,0.024,0.0153,0.0068,0.1537,2.9192,2.8829,,1,2,139.732,0.3966,36.1381,0.1727,0.4874
BFP027,Indian Recipes,Mintade,INDB,Cooked_Recipe,40.3221,171.364,0.0334,10.5948,0.0235,10.4694,0.0258,,,6.3026,1.3054,11.2719,0,2.0968,0.6421,0.8482,26.6936,5.9956,0.0525,0.0111,0.0087,0.0517,0,,84.2673,0.025,0,0.0036,0.7667,0,0.0013,0.0011,0.0063,0.0052,0.0018,0.0602,0.8227,1.4918,,1,2,229.8362,0.1905,60.3903,0.1337,0.1472
BFP029,Indian Recipes,Canjee,INDB,Cooked_Recipe,6.6143,27.675,0.2441,0.4361,0.4234,0.2113,0.3597,,,26.1728,208.4929,104.1654,0,5.8243,9.255,3.5702,43.031,21.1982,0.1702,0.0539,0.0112,0.7104,0,,474.2976,0.3778,0,0.0245,1.0302,0,0.0075,0.0052,0.0536,0.0198,0.0088,0.0876,2.1192,0.3049,,1,6,11.2609,0.4156,0.7425,0.7209,0.6123
BFP030,Indian Recipes,Cauliflower canjee (Phoolgobhi ki canjee),INDB,Cooked_Recipe,6.8968,28.8567,0.389,0.3462,0.4228,0.0945,0.4941,,,31.7779,200.1008,107.0509,0,6.2632,11.231,4.7769,41.4482,38.1745,0.2238,0.0686,0.0116,0.7109,0,,19.3122,0.4199,0,0.0154,1.4632,0,0.009,0.0101,0.0698,0.0628,0.0154,0.2441,5.1869,4.3999,,1,6,12.3165,0.6948,0.6183,0.7551,0.8823
BFP031,Indian Recipes,Potato canjee (Aloo canjee),INDB,Cooked_Recipe,16.2638,68.0495,0.4352,2.6854,0.3884,0.101,0.4271,,,26.5147,183.2599,101.4981,0,5.2061,13.6449,6.5083,35.9895,99.1925,0.2201,0.0841,0.0217,0.7381,0,,48.8647,0.3038,0,0.0226,0.477,0,0.015,0.0049,0.2149,0.0694,0.02,0.2429,3.4697,3.9526,,1,6,31.7551,0.8497,5.2433,0.7584,0.834
BFP036,Indian Recipes,Vermicelli porridge (Semiya/Seviyan porridge),INDB,Cooked_Recipe,78.3978,329.0568,2.4966,10.5649,2.9826,7.0401,0.4817,,,1788.3959,801.1017,103.6066,0.6204,72.9599,63.8837,7.1521,65.3342,78.8386,0.2042,0.248,0.0339,1.2958,2.3253,,126.8338,0.1619,0,0.1482,0.0504,0,0.0242,0.0671,0.0822,0.2305,0.0257,1.2661,4.9216,1.2166,,1,1,310.8474,9.899,41.89,11.826,1.91
BFP039,Indian Recipes,Semolina upma (Suji/Rava upma),INDB,Cooked_Recipe,147.8926,614.1819,3.3009,16.3127,7.4933,1.3098,3.2424,,,912.7475,1533.3113,4651.7935,0,21.5708,44.1845,21.3413,101.587,158.3509,1.096,0.5883,0.1418,3.209,0,,1276.8535,3.4425,0,3.5712,10.1715,0,0.0777,0.0253,0.4332,0.2847,0.0669,0.5822,14.2397,4.3685,,1,2,157.1433,3.5073,17.333,7.962,3.4452
BFP040,Indian Recipes,Vermicelli upma (Semiya/Seviyan upma),INDB,Cooked_Recipe,149.1073,619.264,3.1108,16.8755,7.4462,1.402,3.2104,,,905.4217,1526.0646,4622.6182,0,20.3003,41.9258,21.5559,101.7978,138.2107,0.9285,0.353,0.0966,3.8414,0,,1228.9178,2.5052,0,3.5354,10.1339,0,0.0457,0.0197,0.3466,0.2357,0.0518,0.7516,11.8925,4.3685,,1,2,158.4339,3.3053,17.931,7.912,3.4112
BFP041,Indian Recipes,Rice upma,INDB,Cooked_Recipe,151.2666,628.299,2.6289,17.9559,7.4575,1.1253,2.1168,,,924.2538,1536.9478,4631.2769,0,17.5672,48.1373,19.2388,101.747,131.6227,0.6706,0.3906,0.1061,1.3757,0,,1233.7308,1.901,0,3.5505,10.228,0,0.0551,0.0291,0.6929,0.247,0.0876,0.5577,11.2412,4.3685,,1,2,160.7283,2.7933,19.079,7.924,2.2492
BFP042,Indian Recipes,Bread upma,INDB,Cooked_Recipe,129.5134,540.3972,2.7964,12.599,7.7493,1.5639,1.9587,,,896.0198,1520.6361,4590.6196,0,45.2158,39.8553,18.3504,176.4428,130.1169,0.8174,0.3191,0.0816,2.4693,0,,1224.903,1.901,0,3.5486,9.9456,0,0.0645,0.031,0.5217,0.1435,0.0594,0.4994,14.8646,4.3685,,1,2,137.6145,2.9713,13.387,8.234,2.0812
BFP043,Indian Recipes,Vegetable upma,INDB,Cooked_Recipe,146.4682,610.0637,4.7273,16.4556,6.6315,1.3855,4.1881,,,934.7339,1867.7379,3430.7004,0,26.684,67.0438,33.5461,347.0248,208.3038,1.346,0.7831,0.1916,3.7508,0,,2262.2017,4.8151,0,2.3899,12.8612,0,0.1222,0.0383,1.0403,0.3555,0.087,0.8559,21.4186,6.1195,,1,1,345.1669,11.1404,38.7792,15.6279,9.8697
BFP044,Indian Recipes,Poha,INDB,Cooked_Recipe,294.5255,1226.348,6.0854,35.048,14.1382,0.8733,3.7159,,,2035.8679,4117.0894,7340.7935,0,37.6674,139.7614,66.85,377.0969,333.9755,3.0147,1.068,0.2421,2.3114,0,,842.4389,3.7314,0,5.0285,13.1497,0,0.1353,0.0448,2.0894,0.4214,0.0934,0.8298,21.9095,12.1254,,1,2,160.7815,3.322,19.1327,7.7181,2.0285
BFP045,Indian Recipes,Vegetable poha,INDB,Cooked_Recipe,180.5159,751.9555,4.8883,21.5206,8.069,1.401,3.7645,,,1165.7191,2322.6899,4183.5781,0,28.0117,96.2871,48.5877,418.0244,223.0854,1.9238,0.8124,0.1899,2.2831,0,,2675.1245,4.1251,0,2.8478,15.4496,0,0.1124,0.0462,1.349,0.373,0.0864,1.0206,22.2769,7.3706,,1,2,176.5987,4.7822,21.0536,7.8939,3.6828
BFP046,Indian Recipes,Moong dal stuffed cheela/chilla (Moong dal ka cheela/chilla),INDB,Cooked_Recipe,154.885,645.185,6.9738,19.4235,5.1148,1.1092,4.2515,,,654.2701,1003.8124,3074.9099,0,39.3436,129.1648,61.1046,267.231,574.1237,2.2201,0.8608,0.3057,12.1365,0,,1103.7479,2.4909,0,2.3389,20.82,0,0.1215,0.0443,0.9188,0.6319,0.125,1.1061,35.1691,15.3126,,1,1,352.1001,15.8535,44.1555,11.6274,9.665
BFP047,Indian Recipes,Paneer stuffed cheela/chilla,INDB,Cooked_Recipe,205.1893,855.4604,11.4362,19.1598,8.8861,3.8141,4.0284,,,2771.4116,2083.0706,3356.0227,0,151.2984,202.7068,64.3213,289.0994,464.0278,2.4144,1.4811,0.3233,18.2134,0,,1163.7311,2.6393,0,2.4905,21.6418,0,0.1164,0.0679,0.696,0.6756,0.1127,5.7255,54.8785,9.3076,,1,1,435.6784,24.2825,40.682,18.8679,8.5535
BFP052,Indian Recipes,Indian style egg bhujia (Anda bhujia (Indian style)),INDB,Cooked_Recipe,102.8344,428.1893,6.0968,3.7618,7.0197,1.9455,1.5349,,,1603.6315,2060.4778,2570.7427,145.2842,31.8958,90.4175,17.0889,218.0529,178.562,1.1353,0.6467,0.0831,16.1691,78.5964,,1770.1729,3.3532,0.3334,2.2567,13.4536,5.7995,0.0499,0.0911,0.3244,0.7331,0.1333,8.2666,32.4273,10.7633,,1,1,129.5302,7.6796,4.7384,8.842,1.9334
BFP054,Indian Recipes,French omelette/omlet,INDB,Cooked_Recipe,211.0395,875.0735,10.0309,0.4113,18.8569,0.0956,0.3809,,,9846.8086,5638.2295,1280.5588,300.4412,46.3456,142.3806,13.2626,381.8535,133.0882,1.5839,0.949,0.0735,29.8377,286.4706,,611.1103,0.2932,0.6176,1.4052,10.4044,10.7426,0.0472,0.1521,0.1086,1.109,0.1252,13.5895,37.926,0.7021,,1,1,143.5069,6.821,0.2797,12.8227,0.259
BFP055,Indian Recipes,Puffy omelette/omlet,INDB,Cooked_Recipe,188.1487,780.1645,8.8158,0.0789,16.8355,0.0789,0,,,8800,5041.4473,1130.2632,268.8158,34.9605,124.7434,8.6645,340.5263,231.6382,1.1993,0.823,0.0479,26.6053,256.3158,,168.8158,0,0.5526,1.2368,0.9737,9.6118,0.0395,0.1342,0.0724,0.9737,0.1053,12.0263,32.4474,0,,1,1,142.993,6.7,0.06,12.795,0
BFP056,Indian Recipes,Orange omelette/omlet,INDB,Cooked_Recipe,194.6618,807.796,8.9342,1.6776,16.8355,1.6776,0,,,8800,5041.4473,1130.2632,268.8158,37.3289,129.0855,11.0329,340.9211,267.1645,1.2586,0.823,0.0479,26.6053,256.3158,,179.6711,0,0.5526,1.3059,0.9737,9.6118,0.0553,0.1382,0.1118,1.027,0.1151,12.2237,37.9737,9.4737,,1,1,147.943,6.79,1.275,12.795,0
BFP057,Indian Recipes,Cheese and mushroom omelette/omlet,INDB,Cooked_Recipe,205.6268,852.3438,9.6914,1.6826,17.8193,1.0742,0.9313,,,10077.498,5051.9863,1014.5938,184.5312,148.7727,246.9545,16.6864,400.2941,181.0547,1.0071,1.0557,0.0605,16.8279,242.3438,,366.957,4.9698,0.3281,0.9286,9.0586,5.707,0.0391,0.1394,0.2366,0.8091,0.1083,10.4843,25.0185,0.373,,1,1,263.2024,12.405,2.1537,22.8087,1.192
BFP058,Indian Recipes,Spanish omelette/omlet,INDB,Cooked_Recipe,157.4474,653.6776,8.2501,5.1001,11.4393,1.0254,2.542,,,6203.9292,3315.9944,735,145.2303,31.7207,108.4599,22.2658,233.8674,185.7434,1.2816,0.9317,0.1226,14.6313,159.6711,,1010.2335,5.1805,0.2763,0.7882,18.5329,4.8059,0.1684,0.0943,0.966,0.8209,0.1736,7.9585,40.2473,18.8329,,1,1,239.3201,12.5401,7.7521,17.3877,3.8638
BFP059,Indian Recipes,Mixed stock,INDB,Cooked_Recipe,25.1925,104.5604,2.0648,0.3321,1.7134,0.2002,0.1457,,,497.7697,743.0851,354.3517,10.5495,2.0576,21.4374,3.0701,9.5127,39.4286,0.0721,0.1286,0.0108,1.3312,5.9341,,208.0462,0.0459,0,0.0189,0.5022,0,0.0084,0.0141,0.82,0.1302,0.0541,0.2552,1.8224,0.2837,,1,1,229.252,18.79,3.022,15.592,1.326
BFP060,Indian Recipes,Meat stock,INDB,Cooked_Recipe,24.4828,101.5517,2.1034,0,1.7759,0,0,,,517.2414,775.8621,362.069,11.0345,0.8621,20.6897,2.4138,8.6207,31.0345,0.0517,0.1207,0.0069,1.3793,6.2069,,0,0,0,0.0138,0,0,0.0069,0.0138,0.8448,0.1224,0.0517,0.1724,0.6897,0,,1,1,213,18.3,0,15.45,0
BFP062,Indian Recipes,White stock,INDB,Cooked_Recipe,6.9872,28.8824,0.068,0.399,0.5558,0.2421,0.1733,,,344.3404,138.245,28.2484,1.3922,1.5848,2.1216,0.92,1.5642,11.7843,0.0269,0.0163,0.005,0.0149,6.2614,,251.4536,0.0546,0,0.0189,0.6458,0,0.0021,0.0015,0.0146,0.016,0.0055,0.1088,1.3835,0.3375,,1,1,53.452,0.52,3.052,4.252,1.326
BFP065,Indian Recipes,Meat consomme (with mutton),INDB,Cooked_Recipe,29.7642,124.5354,14.8589,0.5091,13.6776,0.2446,0.7074,,,8.8124,3.9053,14.7604,0,115.8781,177.1898,38.6709,12665.5186,366.476,4.2151,0.9533,0.0879,0.9154,0,,206.1123,0.1347,0.0432,0.0092,1.7309,0,0.0268,0.0262,0.8984,0.0729,0.0061,0.3088,2.4985,0.3932,,1,1,184.5082,92.1105,3.1558,84.7873,4.3854
BFP066,Indian Recipes,Consomme au julienne,INDB,Cooked_Recipe,27.7626,116.1629,12.493,1.4912,10.6575,0.8262,1.384,,,108.9743,110.2123,101.8444,6.3956,85.8931,153.9667,36.4951,10208.4697,350.8618,3.3373,0.8973,0.1144,2.7085,0.7232,,1991.9457,0.3734,0.1782,0.0784,4.9688,2.8887,0.0211,0.0186,0.8972,0.2366,0.0814,0.9679,7.1775,1.5284,,1,1,213.7445,96.1835,11.4809,82.0523,10.6554
BFP067,Indian Recipes,Consomme au vermicelli,INDB,Cooked_Recipe,29.9441,125.2908,15.2312,1.3009,12.9816,0.2657,0.8062,,,113.4032,130.6473,63.3275,7.8545,97.3425,179.9792,41.2526,12524.6055,367.5507,3.9783,1.052,0.1238,3.4332,0.8882,,202.9005,0.1691,0.2188,0.0462,1.7228,3.5476,0.0176,0.0158,1.0567,0.2243,0.074,0.8448,3.2102,0.3888,,1,1,187.7198,95.4844,8.1553,81.3816,5.0539
BFP072,Indian Recipes,Green pea soup (Matar ka soup),INDB,Cooked_Recipe,39.8064,165.8507,11.0646,3.6328,12.8956,0.8695,2.4928,,,892.6294,532.8624,135.786,4.1565,46.6326,103.2908,38.3941,10958.1074,329.9083,2.1845,0.547,0.0834,0.655,11.2968,,473.179,2.4559,0,0.0776,9.5392,0,0.0768,0.0222,0.4591,0.2047,0.0591,1.0789,11.7739,7.3959,,1,1,221.3237,61.519,20.1982,71.6997,13.86
BFP073,Indian Recipes,Spinach soup (Palak ka soup),INDB,Cooked_Recipe,32.5922,135.7895,10.5367,3.0258,14.2641,0.2918,1.9785,,,1078.7693,427.8647,122.66,4.2362,56.2313,98.0974,50.7164,12088.208,415.5515,2.6809,0.4215,0.0813,0.651,19.0529,,1919.3142,0.2197,0,0.2998,65.1179,0,0.0412,0.0246,0.1309,0.0609,0.0357,0.8928,30.0194,6.1636,,1,1,163.877,52.9796,15.2142,71.7213,9.9483
BFP074,Indian Recipes,Mixed vegetable soup,INDB,Cooked_Recipe,35.7097,148.5146,8.2156,2.9484,11.662,1.6397,1.637,,,1335.4939,555.0591,120.2553,3.8666,50.6926,89.5105,30.0894,9202.2676,295.8362,1.7354,0.334,0.0565,0.3691,17.3905,,1100.4128,1.3819,0,0.1009,4.7396,0,0.0172,0.023,0.1364,0.1301,0.0316,0.7141,7.1724,4.5509,,1,1,157.3728,36.2063,12.9934,51.3943,7.2145
BFP075,Indian Recipes,Cheese soup,INDB,Cooked_Recipe,41.132,170.5445,12.3885,1.8684,17.0717,0.8367,1.7954,,,1911.772,807.8654,126.4994,9.563,83.6465,153.9751,39.8279,13695.3477,350.9436,2.3965,0.5453,0.0543,0.4254,35.4375,,268.5516,0.1941,0,0.0819,2.6059,0,0.0099,0.0206,0.0441,0.076,0.0158,0.6607,4.5561,1.189,,1,1,182.9715,55.109,8.3115,75.9419,7.9866
BFP076,Indian Recipes,Mulligatawny soup,INDB,Cooked_Recipe,54.423,226.9493,11.2649,8.2368,13.2767,1.2594,2.5955,,,781.4408,317.7797,115.9987,3.053,43.8865,113.1767,39.7515,11602.4951,363.7363,2.6539,0.5918,0.1215,3.0249,13.7312,,655.4321,0.3529,0,0.0678,4.0219,0,0.0356,0.0173,0.2729,0.1429,0.0363,0.4527,7.9932,2.4005,,1,1,189.849,39.2966,28.7332,46.3145,9.0542
BFP079,Indian Recipes,Cream of carrot soup,INDB,Cooked_Recipe,59.7666,248.4759,8.2744,5.6876,12.3519,1.7668,1.9785,,,2096.2578,867.0673,178.7995,6.6702,57.2413,95.625,29.9784,8694.7939,289.8685,1.7303,0.3834,0.0641,0.3116,30.9374,,1711.4056,0.4885,0,0.141,5.3405,0,0.0222,0.0339,0.1438,0.1593,0.0385,0.8597,8.1372,2.294,,1,1,278.3031,38.5296,26.4842,57.5168,9.213
BFP080,Indian Recipes,Cream of broccoli soup,INDB,Cooked_Recipe,56.1423,233.8496,8.9696,3.7204,12.7463,1.5947,1.8876,,,2282.0051,951.9211,182.2816,7.6653,66.5497,108.5487,30.9321,8792.4297,313.399,1.8187,0.4705,0.0589,0.4789,34.2038,,202.414,0.2576,0,0.4088,34.325,0,0.0385,0.0513,0.1927,0.2095,0.0384,1.3746,20.5001,14.9584,,1,1,258.6194,41.3186,17.1382,58.7158,8.695
BFP082,Indian Recipes,Cream of potato soup,INDB,Cooked_Recipe,60.2034,250.337,8.1002,6.1428,12.05,1.2396,1.5148,,,2043.4388,846.3881,152.8813,6.53,51.967,92.5575,31.033,8503.9912,348.6119,1.6977,0.3694,0.0625,0.4007,30.287,,141.0428,0.2895,0,0.1135,2.5561,0,0.0241,0.029,0.2697,0.1739,0.0356,0.8667,6.9786,6.0666,,1,1,286.3574,38.5286,29.2182,57.3158,7.205
BFP087,Indian Recipes,Almond soup (Badam ka soup),INDB,Cooked_Recipe,78.6508,327.7516,10.1305,3.6829,13.7987,1.9449,0.9056,,,2578.137,2371.0732,616.892,28.1761,114.9545,164.8646,38.9303,8376.9355,282.2924,2.8309,0.903,0.1074,1.63,37.4843,,164.4836,0.2791,0.0681,1.0033,2.4707,0.9463,0.023,0.0565,0.1933,0.2318,0.0288,2.3294,8.106,1.6097,,1,1,375.1643,48.3226,17.5674,65.82,4.32
BFP088,Indian Recipes,Cold cucumber cream soup,INDB,Cooked_Recipe,11.8767,49.5686,0.3365,1.7591,0.337,0.5088,0.7309,,,187.5561,73.56,46.8392,0.719,8.0191,10.7129,7.3744,207.8907,64.9843,0.1646,0.0719,0.0201,0.0786,3.8039,,57.8467,0.4164,0,0.018,2.6732,0,0.0094,0.0061,0.1156,0.1424,0.0228,0.9902,6.4941,3.8489,,1,1,45.4283,1.2871,6.7286,1.2892,2.7958
BFP089,Indian Recipes,Cold tomato soup,INDB,Cooked_Recipe,16.904,69.745,0.1134,0.5918,1.5571,0.2199,0.1609,,,963.6921,385.5154,79.6976,3.8798,4.1956,2.2656,2.667,287.1495,20.0346,0.1008,0.0187,0.0098,0.1007,17.4499,,368.2526,0.5236,0,0.0507,2.6182,0,0.0039,0.0041,0.031,0.017,0.0063,0.1707,2.0528,3.6773,,1,1,46.4015,0.3113,1.6244,4.2742,0.4416
BFP090,Indian Recipes,Chicken stew,INDB,Cooked_Recipe,127.5456,529.2841,7.1928,4.4418,8.9122,1.4341,1.8177,,,1988.3534,3026.3291,3328.2241,32.3385,31.5309,85.8842,24.3829,79.6158,270.5869,0.9001,0.5662,0.0857,4.9676,18.1904,,1520.1735,2.5645,0,1.8103,9.8497,0,0.0501,0.0708,2.8375,0.4799,0.2266,1.1342,12.2297,7.0381,,1,1,378.6318,21.3527,13.1858,26.4569,5.3959
BFP091,Indian Recipes,Veg paneer stew,INDB,Cooked_Recipe,145.5452,606.7435,6.9846,10.2152,8.4074,4.8511,3.0786,,,2836.6667,2036.0491,2959.739,0,160.5061,122.3258,33.5169,73.1527,272.7697,1.3663,1.0985,0.1353,7.2278,0,,2117.2791,4.8822,0,2.2499,17.9456,0,0.0768,0.0672,0.6483,0.3621,0.1282,6.6296,43.3683,13.6846,,1,1,344.7384,16.5437,24.1958,19.9139,7.2919
BFP108,Indian Recipes,Onion-green chilli parantha/paratha (Pyaaz aur hari mirch ka parantha/paratha),INDB,Cooked_Recipe,191.2708,796.0255,4.3714,26.3702,7.269,2.7103,5.1623,,,888.7287,1432.3363,4472.186,0,24.9076,124.8524,53.4157,241.1909,190.3139,1.8078,1.1541,0.2195,18.6636,0,,311.2123,5.0463,0,3.3388,5.7504,0,0.165,0.0609,1.002,0.4195,0.1335,1.2248,21.1568,3.9856,,3,1,146.2265,3.3419,20.1601,5.5571,3.9466
BFP110,Indian Recipes,Methi parantha/paratha,INDB,Cooked_Recipe,148.3623,618.3684,4.2712,22.1911,4.345,2.4386,5.0897,,,558.79,809.691,2655.2517,0,65.8505,112.6916,54.8691,48.3577,193.9167,2.4178,1.0449,0.2101,15.8708,0,,2462.5481,4.6844,0,1.9646,80.9043,0,0.1564,0.0891,0.9389,0.4387,0.1789,1.8935,31.2025,13.8459,,3,1,135.3015,3.8952,20.2375,3.9625,4.6416
BFP114,Indian Recipes,Bathua poori,INDB,Cooked_Recipe,598.7944,2466.824,2.3528,13.8523,59.1374,0.4147,1.8711,,,7228.856,12112.7529,37288.2891,0.6015,30.8303,46.1565,21.2374,49.7108,98.544,0.9583,0.4847,0.0818,5.3663,2.2543,,482.8191,2.0951,0,28.9571,31.3252,0,0.0631,0.0829,0.3731,0.2056,0.0531,0.2839,9.6487,5.0159,,4.5,1,544.2376,2.1384,12.5902,53.7493,1.7007
BFP115,Indian Recipes,Gram flour poori (Besan poori),INDB,Cooked_Recipe,697.6649,2873.7788,2.5867,10.9345,71.5127,0.3481,1.9363,,,8728.2002,14666.2539,45080.3555,0.7257,7.0903,50.149,18.5192,58.3263,54.3496,0.7102,0.4249,0.0798,6.5038,2.7198,,40.8938,1.5847,0,35.0435,5.1634,0,0.0761,0.0277,0.3917,0.1758,0.056,0.5853,14.8342,0,,4.5,1,525.5742,1.9487,8.2373,53.8729,1.4587
BFP116,Indian Recipes,Beetroot poori (Chukandar ki poori),INDB,Cooked_Recipe,527.6576,2173.696,1.9129,12.2886,52.1777,0.5448,1.398,,,6371.7212,10695.6709,32904.9336,0.5311,5.3791,38.6631,15.3192,46.4814,56.2489,0.6001,0.3384,0.0679,4.6007,1.9905,,52.5583,1.7506,0,25.5467,3.641,0,0.0498,0.0187,0.2825,0.1513,0.0323,0.2539,9.1819,0.2839,,4.5,1,543.1356,1.969,12.6491,53.7082,1.439
BFP117,Indian Recipes,Peas poori (Matar ki poori),INDB,Cooked_Recipe,592.8314,2442.7949,3.0365,14.9174,57.6921,0.4816,2.253,,,7044.7319,11826.7559,36380.2734,0.5871,8.9594,48.5859,20.6974,47.7656,79.5811,0.8443,0.5123,0.0994,5.3045,2.2005,,241.4869,3.7733,0,28.2663,10.1795,0,0.0931,0.0243,0.4831,0.2492,0.0587,0.7064,12.1838,5.4988,,5,1,496.7927,2.5446,12.5008,48.346,1.888
BFP118,Indian Recipes,Peas kachori (Matar kachori),INDB,Cooked_Recipe,584.6833,2408.813,3.213,13.2477,57.5055,0.4964,2.0311,,,6905.4341,11817.0479,36371.7109,0,14.2508,30.8029,16.1318,55.451,91.6308,0.7735,0.3979,0.0884,0.3993,0,,346.3784,3.9881,0,28.2854,14.4539,0,0.0859,0.0175,0.4379,0.2615,0.0585,1.034,15.1918,9.3529,,2,2,632.2094,3.4742,14.3245,62.1798,2.1961
BFP122,Indian Recipes,Pizza,INDB,Cooked_Recipe,146.7727,609.9489,6.8487,9.9428,8.7238,1.3796,1.7066,,,3245.6692,2710.4946,2330.9473,18.6515,77.2311,95.6923,18.2387,225.0175,193.9059,0.6647,0.7085,0.0688,0.7506,21.6956,,1498.7463,6.9245,0,1.3902,13.9616,0,0.0666,0.1383,1.3344,0.4239,0.1199,3.2435,29.4598,14.4286,,1,2,436.3479,20.361,29.5595,25.9355,5.0736
BFP124,Indian Recipes,Bacon and mushroom pancake,INDB,Cooked_Recipe,157.6691,654.3705,6.8204,8.4688,10.6021,1.2291,1.5865,,,5524.9941,3332.1348,871.8657,39.228,44.7362,91.4233,15.728,344.235,210.3327,0.5427,0.6195,0.0684,3.3317,78.0472,,111.805,8.467,0.0288,0.2436,11.5433,0.501,0.178,0.0868,1.5214,0.6061,0.1657,3.7901,11.9958,1.5753,,3,1,191.5733,8.287,10.2899,12.8819,1.9277
BFP125,Indian Recipes,Cheese and tomato pancake,INDB,Cooked_Recipe,147.3853,612.5563,5.1457,10.6639,9.2838,3.479,1.0578,,,5633.5566,2467.1394,427.6402,38.2736,127.5114,160.5365,16.2952,281.6183,151.4898,0.6418,0.6643,0.0551,2.5353,100.4354,,1887.4165,4.2736,0.0317,0.3595,8.8245,0.5522,0.0465,0.0814,0.3028,0.3628,0.0673,2.6055,14.9855,8.8139,,3,1,162.4923,5.6731,11.7569,10.2354,1.1662
BFP127,Indian Recipes,Minced meat pancake (with chicken),INDB,Cooked_Recipe,116.0413,483.97,12.0127,8.1771,10.4784,1.2945,0.7017,,,2317.3337,1229.4148,311.1679,33.2556,64.7171,138.443,25.3766,4942.1777,254.6951,1.9948,0.7545,0.1287,6.1119,37.1577,,494.4309,0.7291,0.3684,0.2672,2.9136,7.3492,0.0513,0.0472,2.1387,0.4738,0.1616,2.165,9.5,1.5946,,3,1,155.9286,16.1419,10.9878,14.0801,0.9429
BFP132,Indian Recipes,Eggplant/Brinjal rice (Vangi bhat),INDB,Cooked_Recipe,184.7958,772.3044,5.2789,31.7395,3.6739,4.3628,4.436,,,546.7906,1420.4126,1411.8956,0,36.0174,104.3029,46.7522,59.0554,305.332,1.9113,0.8811,0.2953,3.8364,0,,372.7815,3.6397,0,0.8329,9.0315,0,0.1364,0.073,1.1912,0.4826,0.1201,0.9189,26.4831,1.1092,,1,1,538.0884,15.371,92.4191,10.6976,12.9166
BFP133,Indian Recipes,Kashmiri 'tahar',INDB,Cooked_Recipe,98.2073,410.1426,1.952,19.1081,1.3652,0.1676,0.9758,,,760.2344,346.2978,118.3178,3.0216,3.9277,35.2571,7.5801,61.2931,40.8213,0.3173,0.2775,0.0686,0.3054,11.3247,,40.058,0.0383,0,0.0985,0.5047,0,0.0423,0.0154,0.6237,0.1355,0.0546,0.0783,2.4386,0.0064,,1,1,319.8218,6.3569,62.2273,4.446,3.1778
BFP134,Indian Recipes,Cumin pulao (Jeera/Zeera pulao),INDB,Cooked_Recipe,135.2413,563.9261,2.4721,23.6104,3.1965,0.638,1.3994,,,406.0451,665.8004,1959.8263,0,7.2547,45.2137,11.2858,219.7331,62.1054,0.3254,0.3617,0.0929,0.3926,0,,22.5028,0.0987,0,1.4915,1.5024,0,0.0552,0.019,0.7781,0.1857,0.0739,0.2891,5.1216,0.5242,,1,1,365.8279,6.6871,63.8662,8.6464,3.7855
BFP136,Indian Recipes,Peas pulao (Matar pulao),INDB,Cooked_Recipe,108.869,454.4105,3.894,18.4157,1.9029,1.3049,3.2125,,,250.633,389.7521,1154.323,0,18.1805,47.1633,21.4586,86.1795,135.0657,0.7847,0.5994,0.136,0.7948,0,,435.6283,4.3186,0,0.9274,15.482,0,0.1218,0.0221,0.8921,0.3556,0.1135,1.7328,23.4284,13.2153,,1,1,513.7529,18.3757,86.9038,8.9798,15.1596
BFP137,Indian Recipes,Split bengal gram dal and vegetable pulao (Channa dal and vegetable pulao),INDB,Cooked_Recipe,116.525,486.3687,3.6005,19.72,2.2962,1.5861,3.159,,,294.4969,451.73,1362.1204,0,19.091,57.2852,21.0722,98.0657,162.0898,0.8235,0.5869,0.1416,2.8117,0,,1281.2469,1.9234,0,0.9752,8.6704,0,0.0893,0.027,0.7725,0.3322,0.0993,1.1425,23.582,6.1265,,1,1,514.9241,15.9107,87.1428,10.1469,13.9597
BFP138,Indian Recipes,Black channa pulao/ Bengal gram pulao (Kale chane ka pulao),INDB,Cooked_Recipe,125.5123,523.838,3.4362,21.553,2.5781,1.9905,2.6939,,,328.0114,512.6719,1520.6324,0,16.5102,59.4756,20.0499,103.0861,148.3056,0.773,0.5747,0.1441,3.5836,0,,107.2764,0.4578,0,1.0415,2.3569,0,0.0699,0.0257,0.7375,0.3043,0.0877,0.9132,22.2585,2.0428,,1,1,498.1582,13.6382,85.5438,10.2324,10.6922
BFP141,Indian Recipes,Mutton pulao,INDB,Cooked_Recipe,130.772,544.1318,6.5179,11.2602,10.7803,0.9963,1.6508,,,1212.7444,1665.9272,2839.8882,2.3543,49.8697,80.0147,22.8891,3115.5872,177.6624,1.2475,0.4128,0.1081,0.5914,8.2249,,61.8328,0.3772,0,2.1086,2.0325,0,0.0637,0.0413,1.213,0.151,0.0503,0.4398,5.9369,0.6752,,1,1,866.5283,43.1889,74.613,71.4328,10.9387
BFP142,Indian Recipes,Chicken pulao,INDB,Cooked_Recipe,108.2407,450.5334,6.0749,11.1675,8.476,0.9881,1.6372,,,1321.8705,1873.0552,1844.9705,11.5457,32.2453,79.356,24.7961,3093.4705,170.8117,0.9807,0.5142,0.113,1.7839,12.1654,,57.4578,0.3741,0,1.1001,1.8885,0,0.0476,0.0361,1.1222,0.256,0.0947,0.5859,5.7922,0.6697,,1,1,723.1832,40.5879,74.613,56.6303,10.9387
BFP143,Indian Recipes,Mexican rice,INDB,Cooked_Recipe,120.5663,502.2771,4.623,14.2143,4.8802,1.4414,1.6414,,,1319.723,1392.6888,1834.4553,11.8974,14.5061,60.7189,14.3938,93.4167,147.2622,0.5519,0.8049,0.0846,0.5595,0.7726,,1718.3896,3.5797,0,1.3981,8.3123,0,0.0626,0.0451,1.3373,0.3191,0.1038,1.0313,10.2533,8.2491,,1,1,624.2441,23.9361,73.5957,25.2679,8.4985
BFP144,Indian Recipes,Plain khitchdi (Plain khichri/khichdi),INDB,Cooked_Recipe,57.0305,238.0784,1.7178,10.0419,1.0063,0.1207,0.8484,,,538.1272,250.7945,96.3423,2.1429,5.0455,30.7076,9.968,37.1443,69.3162,0.3051,0.2165,0.0672,1.88,8.0314,,102.5357,0.1405,0,0.0746,1.9236,0,0.0318,0.0118,0.3438,0.1211,0.0336,0.081,4.5612,0.1448,,1,1,327.3551,9.8602,57.6403,5.7764,4.8697
BFP147,Indian Recipes,Instant idli (with semolina),INDB,Cooked_Recipe,247.287,1034.1321,9.1649,43.4026,3.6071,3.35,7.1252,,,875.8833,777.0338,1580.8352,3.1182,93.2021,136.8376,42.9163,1504.6627,348.7844,2.3071,1.5614,0.3138,8.5366,7.9373,,3788.4104,7.9897,0,1.1367,15.0335,0,0.2077,0.1311,0.985,0.6532,0.1201,1.0818,25.7429,0.3976,,3,1,87.2346,3.2331,15.311,1.2725,2.5135
BFP148,Indian Recipes,Plain dosa,INDB,Cooked_Recipe,380.9058,1588.7058,10.3364,64.0788,8.4309,0.696,5.2296,,,5030.3115,2054.4534,578.7647,19.8997,19.3536,178.3979,55.436,142.9792,344.391,1.4982,1.3931,0.3249,5.8387,89.5017,,151.3702,1.7549,0,0.2705,3.4578,0,0.1622,0.0672,2.1065,0.9987,0.2006,0.4067,25.3499,0,,2,2,137.6022,3.734,23.1485,3.0457,1.8892
BFP150,Indian Recipes,Masala dosa mixed vegetable fillings,INDB,Cooked_Recipe,144.5329,602.9542,4.835,23.0164,3.2575,1.53,4.3121,,,1456.6615,743.9981,759.5908,5.1842,31.7888,82.1618,36.1362,122.0807,329.7528,1.2051,0.719,0.173,2.6214,23.3166,,2180.0837,5.1691,0,0.5484,17.8301,0,0.109,0.0435,1.0405,0.5942,0.1527,1.7177,32.2109,18.7747,,1,2,400.8403,13.4092,63.8325,9.0342,11.9589
BFP151,Indian Recipes,Masala dosa paneer fillings,INDB,Cooked_Recipe,243.1156,1014.71,10.3086,29.7551,8.8433,4.8122,3.115,,,4689.9775,2337.7827,1080.2422,7.2858,171.2305,180.5298,39.7193,160.3998,226.6896,1.2734,1.4824,0.1919,10.1365,32.7691,,1342.6812,4.905,0,0.6929,11.2644,0,0.0834,0.0659,0.9861,0.617,0.1301,7.0878,47.7654,5.83,,1,2,479.7521,20.3424,58.7173,17.451,6.1469
BFP152,Indian Recipes,Uttapam,INDB,Cooked_Recipe,255.9464,1065.34,6.1832,36.2771,9.0287,1.4994,4.3957,,,3233.0681,2007.7997,3178.6133,10.5651,40.8611,109.5286,41.7123,228.6924,286.2181,1.2321,0.8612,0.2143,3.7585,47.5181,,2185.6963,5.7449,0,2.4225,25.3607,0,0.1042,0.0523,1.2855,0.6443,0.1687,0.8906,27.9594,9.044,,2,2,174.1523,4.2072,24.6839,6.1434,2.991
BFP153,Indian Recipes,Appam,INDB,Cooked_Recipe,267.6977,1120.324,3.1197,13.2794,22.6297,4.1566,6.1931,,,15309.5781,1345.0187,375.3788,0,6.3632,55.2035,23.303,26.5944,161.4181,0.8262,0.4629,0.2325,0.2489,0,,119.3124,0.0893,0,1.4945,12.8328,0,0.0432,0.0649,0.5215,0.1835,0.0821,0.382,18.0487,1.6809,,3,2,409.2831,4.7697,20.3028,34.5985,9.4687
BFP154,Indian Recipes,Beans and macaroni,INDB,Cooked_Recipe,136.0823,569.7306,4.583,14.2425,7.0143,1.677,2.0495,,,4248.2495,1774.2999,416.3776,19.6677,86.8564,126.7414,27.0545,182.7871,221.1632,0.749,0.6227,0.0866,3.9647,77.4159,,1988.5851,3.5446,0,0.2881,12.3982,0,0.0618,0.0575,0.953,0.3365,0.2211,3.3116,32.4998,6.5062,,1,1,345.9893,11.6523,36.2116,17.8339,5.2109
BFP155,Indian Recipes,Spaghetti bolognese,INDB,Cooked_Recipe,97.4262,408.4498,9.3501,10.0431,9.5149,1.4111,1.0785,,,1968.6835,1294.0759,933.0452,13.9109,73.662,145.2507,29.2533,5358.5962,271.9589,2.0637,1.0599,0.0976,2.804,21.5917,,2074.0647,3.8397,0,0.6929,8.3485,0,0.0488,0.0417,1.0548,0.2993,0.0758,1.309,10.0909,7.4521,,1,1,364.6761,34.9982,37.5923,35.6153,4.0369
BFP157,Indian Recipes,Meat and macaroni casserole,INDB,Cooked_Recipe,161.5495,676.1426,9.1467,16.1237,10.1679,0.9951,1.1871,,,977.7696,928.6294,2307.1311,2.1273,68.2758,107.5492,22.3897,2511.9861,329.9076,1.8506,0.4581,0.0909,2.5484,9.568,,783.1054,0.493,0,1.7494,2.919,0,0.0921,0.0479,2.3825,0.2426,0.0592,0.7414,11.8465,7.2493,,1,1,647.0058,36.6327,64.5753,40.7225,4.7543
BFP158,Indian Recipes,Spaghetti with meat balls and tomato sauce,INDB,Cooked_Recipe,158.1268,658.925,5.6063,10.4578,10.6401,1.8661,1.1149,,,2419.9185,2646.8301,4840.9038,16.1485,40.8172,81.0586,15.303,189.1266,152.8553,0.7127,0.9041,0.0704,2.5583,8.1867,,1612.4617,3.3646,0,3.7272,9.0918,0,0.0635,0.0528,1.3692,0.3159,0.0848,1.1697,11.3412,7.9322,,1,1,878.8372,31.1585,58.1222,59.1356,6.1963
BFP159,Indian Recipes,Spaghetti with paneer balls and tomato sauce,INDB,Cooked_Recipe,158.536,660.933,3.9539,12.7246,10.4376,3.0254,1.2498,,,2176.3328,2245.0586,5341.1543,2.5717,80.7321,79.1697,15.067,199.553,113.9519,0.5488,0.5286,0.0709,4.3314,8.1689,,1823.2562,3.7823,0,4.1436,10.1921,0,0.0486,0.031,0.5772,0.2122,0.058,2.6054,19.8387,8.8921,,1,1,785.9896,19.6025,63.0862,51.7476,6.1963
BFP161,Indian Recipes,Lasagne with meat sauce,INDB,Cooked_Recipe,63.3765,265.0001,2.9016,5.3825,3.4348,1.0395,0.4731,,,1502.8052,1423.0507,225.5363,8.7995,24.6135,41.9822,8.2807,37.0819,88.8933,0.494,0.4557,0.0379,1.4032,10.7014,,1063.5682,1.7989,0,0.1498,5.4905,0,0.031,0.0374,0.6678,0.1983,0.0464,0.7249,6.3481,4.5176,,0.5,2,1124.6346,51.4895,95.5143,60.9508,8.3956
BFP162,Indian Recipes,Lasagne with vegetables,INDB,Cooked_Recipe,49.2276,206.4038,1.7051,5.9044,2.1602,1.3676,0.6634,,,1059.8777,740.1871,166.2105,2.8085,32.8873,32.5522,13.2566,40.7846,126.4451,0.5691,0.2327,0.0516,1.3869,12.5826,,1393.1704,1.4921,0,0.3055,23.0773,0,0.0536,0.0338,0.3727,0.1366,0.0482,1.0742,16.319,10.2378,,0.5,2,865.0219,29.962,103.7524,37.9586,11.6566
BFP165,Indian Recipes,Home made egg noodles,INDB,Cooked_Recipe,240.8446,1005.7524,6.5469,42.9211,4.3736,1.0345,1.595,,,791.1825,2577.8049,559.431,38.2663,15.9591,83.0985,18.5422,177.2431,90.1222,1.149,0.5673,0.1025,1.8294,19.1687,,164.6055,3.8893,0.1156,0.2876,2.3033,1.6053,0.0906,0.0404,0.4695,0.515,0.0565,2.6546,13.3741,0,,1,1,541.78,14.7272,96.551,9.8384,3.588
BFP170,Indian Recipes,Sour lentils (Khatti dal),INDB,Cooked_Recipe,34.7868,145.5558,2.2158,6.0391,0.1241,1.252,1.2223,,,19.4205,17.7199,52.1554,0,8.2907,30.7373,9.9925,115.6045,98.5169,0.852,0.344,0.0975,4.1483,0,,104.4094,0.5795,0,0.0246,1.0968,0,0.0366,0.0172,0.2155,0.1353,0.0286,0.2763,6.1996,0.5186,,1,1,126.1787,8.0371,21.9049,0.4502,4.4337
BFP171,Indian Recipes,Urad special dehusked,INDB,Cooked_Recipe,69.4349,289.3521,3.1402,8.8624,2.1687,1.3215,2.5015,,,1160.6641,519.3782,228.2321,4.6204,16.4048,55.6899,28.5311,109.5585,233.3387,0.83,0.4585,0.105,2.7771,17.3172,,557.321,2.1497,0,0.1694,4.9747,0,0.0387,0.0199,0.3669,0.4271,0.0689,0.9656,20.4566,6.5355,,1,1,184.8427,8.3596,23.5925,5.7732,6.6593
BFP172,Indian Recipes,Arhar with spinach (Arhar dal aur palak),INDB,Cooked_Recipe,52.837,219.5299,2.051,4.7659,2.7553,0.2306,1.2951,,,1501.8317,696.2822,239.2508,6.0997,21.8096,32.5756,23.7893,109.9671,205.6139,0.8942,0.2948,0.1184,1.3532,22.8614,,1307.3789,0.3451,0,0.333,44.7814,0,0.0582,0.0246,0.2425,0.1312,0.0471,0.5654,26.2575,4.6602,,1,1,213.0916,8.2719,19.221,11.1123,5.223
BFP174,Indian Recipes,Moong dal with vadi,INDB,Cooked_Recipe,24.079,99.5116,0.3971,0.9952,2.048,0.4482,0.3939,,,1152.8184,521.447,161.4369,4.7507,2.9874,6.7739,3.9792,112.3645,33.6595,0.1821,0.0582,0.0186,0.026,17.8056,,318.1115,0.6501,0,0.155,1.9539,0,0.0078,0.0052,0.0719,0.0348,0.0199,0.2177,3.1774,2.8117,,1,1,87.279,1.4393,3.6074,7.4235,1.4277
BFP176,Indian Recipes,Rasam with tamarind (Puli rasam/ Chintapandu rasam/ Charu/Saaru),INDB,Cooked_Recipe,26.7405,111.549,1.1316,3.3698,0.8818,0.8299,1.5956,,,110.5964,214.4576,454.7737,0,16.5584,21.123,14.6626,104.1065,130.6554,0.5858,0.1652,0.074,0.9722,0,,2711.2432,3.0229,0,0.3335,13.0014,0,0.0328,0.0248,0.2868,0.0831,0.0358,0.2442,7.3558,4.43,,1,1,104.2533,4.4119,13.1377,3.4379,6.2208
BFP177,Indian Recipes,Rasam with lemon (Nimmakaya rasam/Nimmakaya charu/Elumichai rasam/Nimbe hannina saaru),INDB,Cooked_Recipe,24.4121,101.8171,1.106,2.8456,0.8744,0.4448,1.537,,,111.0288,211.7451,451.3504,0,15.5593,20.2125,13.9801,102.767,124.5166,0.5151,0.1608,0.0693,0.9646,0,,2678.9521,2.7933,0,0.329,12.8404,0,0.0304,0.0242,0.2736,0.0831,0.0357,0.2364,7.3305,4.9985,,1,1,96.2741,4.3618,11.2222,3.4484,6.0615
BFP178,Indian Recipes,Green gram whole with baghar (Sabut moong dal with tadka),INDB,Cooked_Recipe,63.4349,264.0372,3.2306,6.795,2.4797,0.1479,3.0151,,,1353.1139,620.4747,232.5904,5.4492,25.0372,52.0159,32.5722,181.6913,192.6582,1.0045,0.4166,0.1525,3.1896,20.4235,,197.7168,0.8014,0,0.1954,3.9167,0,0.0658,0.0404,0.3388,0.2835,0.0589,0.235,20.0596,0.2124,,1,1,143.1852,7.292,15.3377,5.5971,6.8057
BFP179,Indian Recipes,Urad sabut special,INDB,Cooked_Recipe,79.3927,329.1148,2.3289,5.0324,5.4615,0.8641,2.1492,,,3169.1172,1397.9885,365.5108,13.3771,21.4493,42.6281,20.5539,60.0877,160.4671,0.7117,0.334,0.0792,2.5052,52.569,,1554.7504,4.1467,0,0.3606,8.2404,0,0.0403,0.034,0.3197,0.3451,0.0685,0.5759,18.2235,6.4406,,1,1,350.7571,10.2889,22.233,24.1291,9.4952
BFP185,Indian Recipes,Kabuli channa curry,INDB,Cooked_Recipe,68.574,287.291,2.9219,7.6276,3.0573,1.2413,1.1174,,,387.4472,628.6253,1791.7032,0.1547,32.0297,46.2844,23.4065,122.0541,189.9991,0.9525,0.4414,0.14,0.3583,0.3937,,948.2972,2.1326,0,1.4929,8.4765,0,0.0578,0.0387,0.3587,0.2567,0.0947,0.5055,26.1765,4.56,,1,1,243.8698,10.3911,27.1261,10.8725,3.9737
BFP187,Indian Recipes,Besan gatte curry,INDB,Cooked_Recipe,189.3799,791.8629,7.7549,16.2563,10.7206,4.4991,3.2472,,,2239.7102,2353.196,5362.627,2.7967,151.0846,128.5945,37.0905,356.2747,274.5933,1.8914,0.8905,0.1277,3.2206,7.1188,,1097.5992,2.0211,0,4.1944,11.9357,0,0.118,0.1219,0.6822,0.4643,0.1458,4.3467,52.8128,5.2368,,1,1,484.1685,19.8263,41.5609,27.4082,8.3017
BFP190,Indian Recipes,Dry masala chops,INDB,Cooked_Recipe,135.0722,563.4386,9.0798,3.2994,9.5369,2.2698,0.8561,,,822.5181,871.2774,2214.0674,2.2357,112.2487,103.5201,10.663,83.4736,219.9709,1.3913,0.2282,0.0329,0.5361,5.6909,,162.7316,0.4672,0,1.7048,4.5423,0,0.0946,0.1187,2.8906,0.1562,0.0469,0.8899,10.2927,1.268,,2,1,199.3734,13.4023,4.8701,14.0769,1.2636
BFP194,Indian Recipes,Mutton korma,INDB,Cooked_Recipe,115.6388,481.7355,7.0925,2.5322,8.5353,1.6358,0.7784,,,1168.1102,966.884,1809.2031,3.9021,79.0668,75.7835,8.6298,56.9355,165.8725,1.0924,0.1639,0.0299,0.2504,18.1736,,116.2048,0.2478,0,1.3967,3.1896,0,0.0748,0.0837,2.3204,0.1175,0.0341,0.7946,8.6823,1.5115,,1,1,423.7756,25.9914,9.2797,31.2791,2.8527
BFP196,Indian Recipes,Shahi keema kofta curry,INDB,Cooked_Recipe,418.1348,1722.0665,4.1409,1.7323,43.8257,0.7798,0.9062,,,6172.1924,9503.2031,26149.4668,14.9735,14.5104,46.6475,12.06,104.5305,119.6329,0.6747,0.7782,0.0538,0.4883,0.9723,,662.2913,1.59,0,20.2669,7.5773,0,0.0362,0.0425,1.0495,0.2375,0.068,0.7994,5.6028,3.3985,,1,1,2580.2681,25.5529,10.6897,270.444,5.5919
BFP197,Indian Recipes,Minced meat ball curry,INDB,Cooked_Recipe,109.7864,456.2626,6.8161,2.8584,7.8469,1.2735,1.4877,,,2449.6345,2445.4351,2350.8057,24.7661,23.8416,75.9017,18.9723,170.0555,194.0852,1.0059,1.2783,0.0805,0.8227,1.6082,,1085.5649,2.6581,0,1.7254,8.5176,0,0.0588,0.0689,1.7239,0.3907,0.1103,1.3233,9.0753,5.5259,,1,1,409.6019,25.4302,10.6645,29.2761,5.5505
BFP198,Indian Recipes,Boti kebab,INDB,Cooked_Recipe,132.858,554.2811,9.2235,3.0624,9.2672,2.0911,0.7562,,,600.8295,714.7972,1926.0857,1.2068,98.6724,95.6054,9.9879,78.1432,221.6444,1.4118,0.1769,0.0277,0.5339,3.0717,,86.9012,0.8357,0,1.4708,2.177,0,0.101,0.1007,3.1067,0.1454,0.0476,0.7209,12.0299,8.2616,,5,1,72.6627,5.0445,1.6749,5.0684,0.4136
BFP199,Indian Recipes,Mutton seekh kebab,INDB,Cooked_Recipe,133.9379,560.4646,11.2502,3.1082,8.4341,1.3984,1.8839,,,113.4495,431.5709,257.3469,0,117.4414,105.9529,19.8336,102.1694,269.5935,2.1945,0.231,0.0836,0.5093,0,,244.7375,0.9405,0,0.2223,8.2687,0,0.1262,0.0915,3.9604,0.1024,0.0434,0.6513,11.78,8.8221,,4,1,60.252,5.0609,1.3982,3.7941,0.8475
BFP201,Indian Recipes,Indian lamb and egg curry (Nargisi kofta),INDB,Cooked_Recipe,335.7513,1383.6434,3.8397,2.0696,34.6967,0.7465,0.5953,,,5010.52,7559.209,20490.2168,44.043,12.9081,47.0625,8.0636,57.4382,85.7965,0.5524,0.5566,0.0388,4.1793,25.0879,,268.4504,0.6058,0.0806,15.9642,4.009,1.4015,0.0317,0.0466,0.5994,0.2997,0.062,2.4326,11.3479,1.961,,2,1,1312.5356,15.0105,8.0907,135.6382,2.3274
BFP203,Indian Recipes,Soya chunks sweet and sour (Nutrinugget sweet and sour),INDB,Cooked_Recipe,500.9415,2061.8982,2.8535,3.2739,55.9911,1.096,0.8577,,,6602.2754,11138.2529,33675.6953,23.5057,13.8914,41.6839,11.2292,2257.6689,111.4485,0.6988,0.1735,0.0435,1.3102,12.184,,237.5079,1.0538,0.0704,26.1841,6.4834,0.9779,0.0156,0.0118,0.1585,0.1335,0.0368,2.2904,8.7928,8.1855,,1,1,2312.2959,13.1717,15.1122,258.4492,3.9591
BFP204,Indian Recipes,Soya chunks korma (Nutrinugget korma),INDB,Cooked_Recipe,131.4271,546.5908,3.8616,7.672,9.4991,4.6646,2.5699,,,2248.8398,2138.189,4320.5508,3.3172,89.7046,94.0274,33.5662,148.9761,252.2685,1.1835,0.6242,0.1484,1.461,8.4439,,295.5029,1.2595,0,3.2707,8.5821,0,0.0613,0.1019,0.3341,0.3292,0.1151,1.8789,19.9789,4.6621,,1,1,326.8592,9.6038,19.0802,23.6242,6.3915
BFP205,Indian Recipes,Mushroom matar,INDB,Cooked_Recipe,70.7705,293.6229,2.792,5.3323,4.1072,1.3937,3.1325,,,519.3504,811.158,2560.0356,0,21.4246,42.2718,21.7126,61.6276,214.8738,0.8128,0.3662,0.0983,0.3953,0,,1737.1215,10.3416,0,1.997,21.2146,0,0.0726,0.0242,0.6054,0.3282,0.1107,3.5249,20.5651,14.892,,1,1,186.0627,7.3404,14.0193,10.7983,8.2355
BFP206,Indian Recipes,Soya chunks and peas (Nutrinugget matar),INDB,Cooked_Recipe,82.6216,342.6333,3.0292,5.8191,5.108,1.6438,2.8574,,,640.4783,1026.658,3128.074,0,20.3219,34.9338,22.7467,70.9672,173.4892,0.9883,0.4489,0.1097,0.4663,0,,2049.0181,6.6686,0,2.4379,21.6568,0,0.0883,0.0223,0.5399,0.2759,0.1045,1.673,23.3725,17.5643,,1,1,184.1717,6.7524,12.9713,11.3863,6.3695
BFP207,Indian Recipes,Vegetable yakhni,INDB,Cooked_Recipe,406.0584,1672.0345,1.1755,1.9396,43.7963,1.4352,0.6138,,,5529.8286,9567.0146,26820.4238,1.9172,43.6742,34.2972,7.8048,38.0533,82.8028,0.2437,0.1745,0.0223,0.7194,4.8803,,30.5421,0.3268,0,20.6093,3.8271,0,0.0181,0.0502,0.0802,0.1869,0.0227,0.9189,10.6042,0.9464,,1,1,2329.7195,6.7441,11.1283,251.2769,3.5217
BFP208,Indian Recipes,Spinach mushroom (Palak mushroom),INDB,Cooked_Recipe,47.6254,197.6499,1.9404,2.9535,2.9565,0.9953,2.2721,,,988.626,607.925,1125.2627,2.8873,49.7485,35.9349,52.1192,70.967,416.068,1.6851,0.3239,0.1197,1.1004,12.9859,,5865.5635,5.0809,0,1.3991,172.2459,0,0.0953,0.062,0.3886,0.2375,0.1219,3.795,78.9258,20.4035,,1,1,140.5378,5.7259,8.7156,8.7245,6.7046
BFP210,Indian Recipes,Vegetarian nargisi kofta curry,INDB,Cooked_Recipe,332.1538,1369.4779,2.288,6.5784,32.9395,1.6478,0.8611,,,4675.811,6860.4937,19930.7676,1.0339,47.0889,42.5483,11.149,73.5571,147.7025,0.3836,0.3359,0.0481,2.0957,5.4701,,479.0365,0.9715,0,15.4699,5.4413,0,0.0271,0.019,0.3252,0.1613,0.0434,2.1902,14.5227,6.8295,,2,1,1325.2604,9.129,26.247,131.4254,3.4355
BFP212,Indian Recipes,Roast chicken,INDB,Cooked_Recipe,199.9028,833.3787,20.4856,0.1003,13.0633,0.0462,0.0311,,,3695.4678,2105.2483,505.7554,69.6626,13.6067,168.2983,19.3407,71.7058,280.0009,0.7899,0.7383,0.2555,17.4059,60.3936,,36.6719,0.0259,1.2933,0.3773,0.5848,26.0544,0.094,0.0603,7.5552,1.0814,0.4971,3.8754,9.8632,0.2257,,1,4,266.6204,27.3227,0.1338,17.4231,0.0415
BFP214,Indian Recipes,Shahi chicken masala,INDB,Cooked_Recipe,163.6951,680.7355,9.8242,4.0654,12.0169,2.8579,0.9616,,,2887.0107,2386.9006,3922.1719,24.7773,82.6798,124.1535,21.7599,142.5606,230.9086,0.8942,0.6293,0.1402,10.4756,20.2641,,501.2232,1.0725,0.4743,2.9895,5.5409,9.5546,0.0605,0.0604,2.9461,0.5321,0.224,3.9491,18.7351,2.8419,,1,1,571.5414,34.3011,14.1945,41.9568,3.3573
BFP216,Indian Recipes,Tomato chicken,INDB,Cooked_Recipe,111.6801,465.8118,10.5703,2.1324,6.7148,0.9282,1.4232,,,685.2076,1027.0569,1706.2006,27.9368,21.2369,95.1311,21.2909,104.8284,252.1702,0.8707,0.4798,0.1682,8.4865,3.1591,,2873.1228,5.5644,0.6264,1.3735,15.68,12.6181,0.0714,0.0456,3.9587,0.6337,0.2967,2.4704,13.725,13.9148,,1,1,196.8417,18.6307,3.7584,11.8352,2.5085
BFP217,Indian Recipes,Creamy chicken,INDB,Cooked_Recipe,152.8658,637.4938,13.5177,3.1259,9.5744,2.1123,0.6944,,,1905.4717,1579.2897,2045.7068,39.2834,50.3743,136.763,21.5413,97.0848,267.9516,0.8228,0.6415,0.1809,10.5826,27.7813,,437.0555,0.3517,0.7617,1.5891,9.2559,15.3436,0.0778,0.0909,4.5812,0.8008,0.3407,3.3444,15.0146,3.4325,,1,1,332.3609,29.3902,6.7964,20.8167,1.5098
BFP218,Indian Recipes,Broccoli chicken ala king,INDB,Cooked_Recipe,119.5611,500.3283,7.9738,5.3372,7.5727,2.4869,1.921,,,3647.7126,1626.3956,366.1909,27.8474,73.3561,111.2514,19.2716,104.0091,297.2469,0.7767,0.6743,0.098,4.7166,61.7476,,285.5066,0.0272,0.2923,0.9152,78.6977,5.8876,0.0987,0.1442,2.1242,0.6815,0.1901,3.5638,44.6693,33.8049,,1,1,282.2717,18.8253,12.6005,17.8784,4.5354
BFP220,Indian Recipes,Ginger chicken,INDB,Cooked_Recipe,129.1676,538.1866,8.2449,5.5992,8.2408,1.9479,1.2137,,,931.029,1401.9795,3515.0679,19.2379,18.4093,76.282,19.9823,365.8568,228.8666,0.9644,0.3954,0.1291,6.8419,2.1754,,319.869,1.6807,0.4778,2.6929,6.4886,8.6891,0.0509,0.0438,2.8317,0.5536,0.2292,2.7964,16.747,13.0117,,1,1,495.9133,31.6546,21.4972,31.6388,4.6597
BFP221,Indian Recipes,Chicken sweet and sour,INDB,Cooked_Recipe,445.094,1834.348,6.9203,2.666,47.5915,0.8902,0.5768,,,5583.1914,9338.1758,27686.3965,32.4721,21.9757,77.4602,13.0474,1809.9351,153.4634,0.9333,0.3698,0.0917,5.0428,11.5016,,195.1446,0.8661,0.3527,21.5497,5.329,6.7441,0.032,0.0218,1.849,0.3537,0.141,2.7608,8.9237,6.728,,1,1,2499.603,38.8637,14.9722,267.2693,3.2391
BFP222,Indian Recipes,Chicken korma,INDB,Cooked_Recipe,147.9584,616.7811,9.831,5.4296,9.6741,3.3224,1.8188,,,1864.3662,1828.7578,3105.9888,23.6608,68.6624,123.2158,29.5728,119.2121,277.5256,1.0603,0.6754,0.1875,7.4649,8.4581,,205.1756,0.8877,0.4772,2.3882,6.0581,9.613,0.0746,0.0921,3.0165,0.6297,0.2604,2.7647,16.9601,2.8884,,1,1,513.46,34.1164,18.8423,33.5722,6.3118
BFP223,Indian Recipes,Bengal fish curry (Bengali machli curry),INDB,Cooked_Recipe,109.4333,458.0791,7.2631,4.4199,7.0268,2.3869,1.9266,,,1572.6924,3341.4075,1449.0126,13.9176,44.4391,95.0732,27.6205,76.3798,207.9803,0.8469,0.4368,0.0823,9.8515,11.1154,,361.1201,1.1799,0.1965,0.4615,7.8726,0.3189,0.0436,0.0343,0.6613,0.5029,0.0947,1.099,14.9596,3.0249,,1,1,339.7574,22.5499,13.7225,21.8163,5.9816
BFP226,Indian Recipes,Fish finger,INDB,Cooked_Recipe,542.9013,2236.491,5.6555,4.4742,55.8216,0.1718,0.34,,,7271.0801,11528.4941,34548.418,29.9962,11.3808,67.8709,12.1661,103.5458,135.3891,0.3799,0.2603,0.0385,9.1503,17.9918,,47.2339,0.1731,0.1849,27.0088,3.7296,1.0466,0.0304,0.0222,0.4962,0.3947,0.055,1.1932,7.8485,3.1848,,1,1,2408.2559,25.0872,19.847,247.6192,1.508
BFP229,Indian Recipes,Fish in coconut milk (Nariyal ke doodh ke saath machli),INDB,Cooked_Recipe,86.2055,359.8874,8.6595,2.7309,4.4319,1.5489,1.5154,,,2118.4155,492.6654,1035.8722,17.1329,21.9416,99.2788,23.4642,73.9296,190.384,0.9146,0.3822,0.0985,23.8024,6.023,,279.506,1.0793,0.0811,1.0742,6.8172,1.9352,0.0398,0.049,1.1052,0.5924,0.0811,2.7521,11.6739,3.2906,,1,1,280.6418,28.1909,8.8906,14.4279,4.9333
BFP230,Indian Recipes,Prawn curry (with coconut) (Jhinga curry),INDB,Cooked_Recipe,109.5487,456.0733,8.5435,3.1035,6.9292,2.035,1.5642,,,2466.3433,1037.8062,2379.0398,37.1173,37.2453,115.4469,35.6652,375.8637,150.6496,0.9588,0.7175,0.2338,25.1293,0.6501,,290.4087,1.6459,0.6186,3.5433,7.4888,155.7039,0.0239,0.0284,0.6643,0.9514,0.085,0.4119,15.2471,1.3001,,1,1,313.4407,24.4445,8.8797,19.8259,4.4756
BFP231,Indian Recipes,Baked stuffed fish,INDB,Cooked_Recipe,121.9604,510.129,16.1382,2.1213,5.4274,0.3464,0.3764,,,2888.677,1141.4177,813.9803,36.952,18.7999,181.9986,29.3461,74.3615,242.9721,0.3545,0.4823,0.0558,24.3869,37.5026,,422.2809,1.5219,0.5013,1.0796,2.589,0.8135,0.0525,0.0309,1.2545,0.9493,0.1209,0.4566,11.0216,2.1379,,0.5,2,742.0862,98.1953,12.9073,33.0236,2.2901
BFP232,Indian Recipes,Fish pie,INDB,Cooked_Recipe,120.895,504.0708,9.2504,7.7436,5.7729,1.131,0.7566,,,3348.7183,1359.1097,552.3217,23.97,36.1488,123.7354,24.5519,101.7961,316.2816,0.4589,0.4093,0.0672,12.5359,43.7473,,183.5957,0.3367,0.2495,0.6464,3.6258,0.405,0.0509,0.0418,0.9433,0.6656,0.0977,0.9499,12.1198,8.8406,,1,1,369.4431,28.2684,23.6637,17.6414,2.3122
BFP233,Indian Recipes,Crispy baked fish,INDB,Cooked_Recipe,138.4018,579.5053,10.9536,9.5872,6.4133,1.5266,1.2075,,,3546.2478,1436.5148,584.9293,28.8869,60.0352,147.4285,24.2257,192.4231,208.7279,0.5458,0.5117,0.0708,14.3694,56.78,,1112.3074,3.3279,0.2694,0.7026,8.2173,0.4373,0.0718,0.0426,1.0277,0.5963,0.1022,1.2187,16.5297,5.9956,,1,1,391.6771,30.9986,27.1317,18.1495,3.4172
BFP234,Indian Recipes,Fish souffle,INDB,Cooked_Recipe,139.7072,582.3559,10.5083,5.139,8.5464,2.0931,0.1922,,,4629.5308,2325.8115,708.0958,84.6888,63.8711,148.8557,18.4981,92.4518,167.3351,0.5893,0.5706,0.0525,17.3048,82.7081,,144.6909,0.3707,0.3488,0.8535,0.6447,2.8086,0.0464,0.093,0.5575,0.7955,0.0915,3.9325,15.3179,0.8167,,1,1,412.6111,31.0354,15.1775,25.2409,0.5675
BFP239,Indian Recipes,Potato curry (Aloo ki sabzi),INDB,Cooked_Recipe,89.555,372.1199,1.5178,10.4199,4.4687,1.5849,2.4221,,,548.6576,961.1214,2684.7266,0,23.7358,38.1904,25.295,78.3963,383.4476,0.974,0.3085,0.1,0.5147,0,,1767.425,3.3714,0,2.0785,12.0883,0,0.0533,0.0206,0.7643,0.3051,0.1024,1.4299,17.649,20.9242,,1,1,180.5161,3.0594,21.0035,9.0075,4.8822
BFP240,Indian Recipes,Egg curry (Anda curry),INDB,Cooked_Recipe,117.5207,488.2774,5.3832,4.0334,8.8094,1.8966,2.0929,,,1676.6967,2417.373,3865.2788,120.7363,41.5941,83.1697,21.7208,142.1214,198.5323,1.5197,0.6313,0.0967,13.5301,65.3164,,2257.7678,4.3582,0.2771,3.2227,14.6773,4.8196,0.0511,0.0835,0.3665,0.64,0.123,7.0279,29.5079,12.5532,,1,1,178.1261,8.1594,6.1135,13.3525,3.1722
BFP241,Indian Recipes,Vegetable curry with coconut,INDB,Cooked_Recipe,83.0713,346.1749,2.774,7.1853,4.6555,1.4115,3.3456,,,1806.5934,659.0878,1488.5872,0,19.626,33.5781,23.1618,43.3976,215.4683,0.9469,0.4543,0.1207,0.617,0,,1287.8861,5.2778,0,1.3224,19.4231,0,0.0951,0.0222,0.6353,0.3087,0.0986,1.7152,23.5951,18.7319,,1,1,308.6679,10.3074,26.6985,17.2985,12.4312
BFP242,Indian Recipes,Curd with potatoes (Dahi aloo),INDB,Cooked_Recipe,59.9042,249.5955,1.5634,7.1462,2.721,1.8204,1.187,,,539.6507,579.4612,1432.5376,1.4502,36.364,43.3374,15.8747,51.9908,259.266,0.4731,0.2518,0.0525,0.5562,3.6914,,788.5369,1.48,0,1.1053,5.7504,0,0.0369,0.0446,0.4656,0.2378,0.0677,1.1351,11.7914,11.3187,,1,1,227.1927,5.9295,27.1029,10.3196,4.5019
BFP246,Indian Recipes,Potato kofta curry (Aloo kofta curry),INDB,Cooked_Recipe,455.3975,1873.5487,0.56,2.7838,49.0849,0.6299,0.56,,,6069.4536,10159.0615,30803.6855,2.6027,7.773,13.2381,6.9048,30.122,97.5739,0.2597,0.0944,0.0313,0.3346,5.2496,,364.6865,0.7449,0.0041,24.004,5.7428,0.0716,0.0144,0.01,0.1882,0.091,0.0281,0.5205,4.7618,4.5718,,1,1,4645.4185,5.7128,28.3971,500.7049,5.7128
BFP249,Indian Recipes,Yam kofta curry (Zimikand/Suran kofta curry),INDB,Cooked_Recipe,322.8795,1328.9459,0.7149,3.7487,33.8353,0.6262,1.0378,,,4280.2412,6973.5269,21150.9609,3.5388,8.3511,15.1975,8.551,42.2223,109.0216,0.3099,0.1082,0.054,0.3848,7.1375,,458.689,0.9498,0.0056,16.5085,6.045,0.0974,0.0141,0.0127,0.1604,0.1025,0.0461,1.063,5.7945,4.8074,,1,1,2422.4355,5.3637,28.1252,253.8528,7.7862
BFP250,Indian Recipes,Jackfruit kofta curry (Kathal ka kofta curry),INDB,Cooked_Recipe,321.0828,1321.4285,0.8045,3.1665,33.8321,2.3952,0.9642,,,4279.4463,6978.522,21145.4805,3.5388,11.3645,10.9686,8.7813,40.0374,79.5918,0.2443,0.0826,0.0476,0.2936,7.1375,,460.0597,2.111,0.0056,16.4573,11.0833,0.0974,0.0157,0.0111,0.138,0.0769,0.0541,1.0326,8.4288,3.6638,,1,1,2408.9561,6.0357,23.7572,253.8288,7.2342
BFP257,Indian Recipes,Spinach and potato (Palak aloo),INDB,Cooked_Recipe,57.171,237.6451,1.63,5.9123,2.8197,0.9337,2.0378,,,394.9471,532.9475,1712.1781,0,43.6739,31.3386,49.4359,62.4598,457.2787,1.5866,0.3306,0.1161,1.1481,0,,5207.7861,2.0678,0,1.8106,150.6856,0,0.097,0.0525,0.5094,0.248,0.1169,2.5601,72.2189,23.4948,,1,1,191.5742,5.4619,19.8116,9.4485,6.8286
BFP258,Indian Recipes,Mooli bhujia,INDB,Cooked_Recipe,91.2017,381.6823,1.6869,4.7441,7.2503,1.0711,2.3564,,,903.0908,4077.9163,1643.6664,0,131.8755,41.2119,40.4075,89.7305,282.599,2.3655,0.3849,0.1792,16.7433,0,,4782.4062,1.1226,0,0.0796,96.463,0,0.0446,0.077,0.4086,0.1564,0.1271,3.1699,38.2357,40.7071,,1,1,180.9623,3.3472,9.4133,14.3861,4.6755
BFP259,Indian Recipes,Bathua bhujia,INDB,Cooked_Recipe,90.9005,380.4224,2.264,3.6303,7.2881,1.0787,3.8028,,,908.6648,4068.5496,1670.7201,0,165.8439,36.7744,43.7439,81.9868,387.9311,2.3604,0.8234,0.1011,1.1199,0,,2695.5198,1.173,0,0.2258,171.9342,0,0.0547,0.392,0.5044,0.358,0.1573,1.2775,36.124,33.5657,,1,1,180.3648,4.4922,7.2033,14.4611,7.5455
BFP261,Indian Recipes,Cabbage rolls (dry) ((Pattagobhi rolls) (dry)),INDB,Cooked_Recipe,142.4751,592.1436,8.2061,6.094,9.3586,1.2601,1.836,,,3823.5603,2935.2588,1905.2675,32.9044,31.5376,92.2542,20.9348,118.0533,252.5702,0.98,1.4332,0.0751,1.1912,24.8467,,206.2429,0.7197,0,1.339,43.5334,0,0.0699,0.0944,1.9443,0.4994,0.1532,1.6528,22.861,15.2628,,2,1,118.468,6.8234,5.0672,7.7817,1.5267
BFP262,Indian Recipes,Cabbage rolls (curry) ((Pattagobhi rolls)(curry)),INDB,Cooked_Recipe,124.6275,518.7515,5.7596,7.0321,8.1677,3.8065,2.3519,,,2530.8962,2248.0686,2858.4099,18.7886,29.8238,75.4663,26.4052,123.9843,425.856,0.9485,0.976,0.1411,0.9311,14.1876,,499.7816,0.5871,0,3.2041,26.1446,0,0.2457,0.0806,1.8872,0.3339,0.157,2.4476,23.3762,18.4818,,2,1,181.4825,8.3872,10.2402,11.8938,3.4248
BFP263,Indian Recipes,Dry arbi (Sookhi arbi),INDB,Cooked_Recipe,134.9451,558.9087,2.1161,11.1066,8.9666,1.5514,2.4732,,,1098.1372,1839.8503,5631.3862,0,22.769,50.671,25.7568,81.2451,322.905,0.6812,0.3079,0.1804,0.2302,0,,514.9963,1.3193,0,4.5019,5.9128,0,0.0432,0.0231,0.3959,0.1366,0.122,2.3588,16.3318,4.0449,,1,1,270.6863,4.2447,22.2787,17.9861,4.961
BFP264,Indian Recipes,Masala arbi,INDB,Cooked_Recipe,185.3769,768.0506,3.0072,16.1578,11.9028,0.8109,3.0994,,,1448.0203,2417.5503,7464.8477,0,32.083,74.0174,35.1897,261.3065,467.5268,0.9936,0.3994,0.2728,0.2858,0,,98.5583,0.3127,0,6.0159,3.9533,0,0.0545,0.0313,0.5063,0.1077,0.1559,3.1794,17.3174,1.6311,,1,1,215.3709,3.4938,18.7721,13.8286,3.6009
BFP266,Indian Recipes,Peas brinjal bhartha (Matar baingan bhartha),INDB,Cooked_Recipe,84.5455,350.0035,2.0512,5.0184,6.0519,1.5736,3.6309,,,751.3745,1205.3584,3769.3945,0,19.6256,33.0204,22.0005,63.6524,224.0142,0.625,0.3223,0.1149,0.2304,0,,1160.047,3.583,0,2.9236,19.0084,0,0.0775,0.0741,0.5919,0.32,0.0916,1.9362,31.5241,10.6462,,1,1,221.2301,5.3675,13.1317,15.836,9.501
BFP269,Indian Recipes,Okra/Lady's fingers fry (Bhindi sabzi/sabji/subji),INDB,Cooked_Recipe,110.8085,457.7267,1.8304,4.5032,9.2735,1.4249,3.5692,,,1153.1724,1883.9218,5827.3672,0,67.8833,49.0224,52.6009,92.7751,233.0348,0.8842,0.4082,0.1197,0.8133,0,,927.8766,5.5715,0,4.8185,17.1555,0,0.0369,0.0541,0.5253,0.2583,0.2164,1.615,51.2652,17.4787,,1,1,184.3188,3.0447,7.4906,15.4256,5.9369
BFP270,Indian Recipes,Crispy okra/Crispy lady's fingers (Karare bhindi),INDB,Cooked_Recipe,657.7601,2707.4917,1.9118,4.3485,70.3956,0.2605,1.7534,,,8460.502,14440.0723,44532.293,0,27.6123,27.9282,20.5551,40.4163,90.1357,0.5587,0.214,0.0589,0.4773,0,,332.2349,1.7598,0,34.7326,10.348,0,0.0373,0.029,0.2853,0.1395,0.0929,0.8618,26.2708,5.2926,,1,1,2254.4727,6.5528,14.9046,241.2809,6.0098
BFP272,Indian Recipes,Beans foogath,INDB,Cooked_Recipe,105.0646,435.985,2.0254,3.259,9.2218,1.6955,4.1466,,,3045.0281,1404.5359,3683.6025,0,44.1977,42.5181,30.9825,81.225,259.2912,0.9534,0.3514,0.0957,0.4167,0,,1251.9927,2.7223,0,3.0348,16.082,0,0.0429,0.0449,0.5992,0.2321,0.3201,4.2312,47.4967,3.5121,,1,1,190.3455,3.6693,5.9043,16.7071,7.5124
BFP273,Indian Recipes,Stuffed bittergourd (wet) (Bharwa karele),INDB,Cooked_Recipe,162.3615,669.4985,1.3635,4.6799,15.2449,1.9528,2.8606,,,1900.9686,3100.7314,9587.5664,0,17.2468,34.61,24.1933,360.0854,246.1536,0.9142,0.3469,0.0912,2.7925,0,,303.6266,1.2067,0,7.4285,4.9894,0,0.0448,0.0261,0.2845,0.2467,0.0642,4.3477,40.305,29.9949,,1,1,254.0471,2.1334,7.3226,23.8537,4.4759
BFP274,Indian Recipes,Jackfruit/Kathal (dry),INDB,Cooked_Recipe,488.9748,2012.0494,0.9297,4.5648,51.7834,3.5489,1.3285,,,6230.4028,10621.6523,32777.5469,0,12.7855,11.0569,11.708,33.6841,106.2555,0.333,0.0927,0.0685,0.0312,0,,470.9555,2.7415,0,25.4984,15.8795,0,0.02,0.0076,0.1876,0.0811,0.0749,1.2626,11.4473,4.493,,1,1,2363.8018,4.4942,22.0673,250.3314,6.4223
BFP275,Indian Recipes,Yam fried (Zimikand/Suran fried),INDB,Cooked_Recipe,491.7632,2023.7163,0.7907,5.4684,51.7884,0.8034,1.4427,,,6231.6367,10613.9004,32786.0508,0,8.1088,17.6202,11.3506,37.075,151.9301,0.4348,0.1324,0.0784,0.1727,0,,468.8282,0.9394,0,25.5779,8.0602,0,0.0175,0.0101,0.2224,0.1208,0.0625,1.3097,7.359,6.2679,,1,1,2377.2815,3.8222,26.4353,250.3554,6.9743
BFP276,Indian Recipes,"Cauliflower, pea and potato bhujia (Phoolgobhi, matar aur aloo bhujia)",INDB,Cooked_Recipe,95.6666,396.8613,2.7545,8.234,5.5406,1.4717,3.2631,,,695.8182,1102.6149,3454.9397,0,21.0525,40.5475,25.644,86.2869,305.2957,0.9764,0.4468,0.1062,0.6562,0,,1274.9248,4.8386,0,2.6879,20.4853,0,0.0919,0.0311,0.7029,0.4349,0.1245,2.234,31.3972,27.9818,,1,1,182.9338,5.2671,15.745,10.5947,6.2396
BFP277,Indian Recipes,Vegetable jalfrezi,INDB,Cooked_Recipe,68.4778,283.8902,1.4048,5.4259,4.3752,1.795,2.9697,,,557.1334,871.2577,2716.4253,0,27.1126,33.2645,22.8818,79.459,270.9182,0.6827,0.241,0.0815,0.6202,0,,4668.3052,4.0755,0,2.1003,32.6016,0,0.0477,0.0386,0.5837,0.2367,0.1377,2.0947,28.3112,25.9293,,1,2,68.8784,1.4131,5.4577,4.4008,2.987
BFP278,Indian Recipes,Vegetables stir fry,INDB,Cooked_Recipe,30.7813,128.242,1.0352,3.1945,1.473,0.8552,1.3749,,,191.1547,298.3409,893.2258,0,13.3,15.8224,8.6059,54.9973,115.0746,0.344,0.2142,0.0401,0.2679,0,,656.7711,2.4245,0,0.8041,18.725,0,0.0404,0.0158,0.2402,0.1783,0.046,0.9075,15.9419,9.8237,,1,1,119.5854,4.0219,12.4107,5.7227,5.3416
BFP279,Indian Recipes,Broccoli delight,INDB,Cooked_Recipe,40.697,172.1805,2.4904,2.3424,2.4841,1.0792,2.8293,,,339.4486,1244.0726,642.193,0,26.9882,47.9962,17.099,59.2594,257.8183,0.7095,0.398,0.0633,0.9732,0,,2865.2004,0.6105,0,0.8867,99.7315,0,0.087,0.0821,0.5895,0.3212,0.0783,2.0782,48.9449,39.6003,,1,2,81.1905,4.9683,4.673,4.9557,5.6445
BFP280,Indian Recipes,Dhansak (vegetarian),INDB,Cooked_Recipe,82.8019,344.5693,3.3221,7.2783,4.1797,0.906,4.1681,,,938.3495,759.4321,2048.0388,0,26.4037,57.8628,28.2981,34.1792,264.5041,1.2642,0.5003,0.1818,3.6161,0,,1923.6567,1.6125,0,1.557,19.6449,0,0.0618,0.0387,0.4671,0.2281,0.0813,0.7572,18.7201,5.4961,,1,2,199.5651,8.0067,17.5418,10.0736,10.0458
BFP282,Indian Recipes,Cauliflower basket,INDB,Cooked_Recipe,90.9475,378.5176,5.2052,3.9696,5.8807,1.4675,2.3983,,,3279.8232,1617.3757,424.1174,51.1047,100.1885,143.165,20.5915,194.2166,258.1622,0.9204,0.654,0.0478,5.1228,68.2915,,156.5336,0.9873,0.087,0.2949,10.4648,1.5126,0.0445,0.1057,0.2437,0.6604,0.1121,4.2839,36.6364,29.6323,,1,2,219.6065,12.5688,9.5851,14.1999,5.791
BFP284,Indian Recipes,Stuffed bottle gourd (Stuffed ghiya/lauki),INDB,Cooked_Recipe,93.1871,388.4789,5.8379,4.3611,5.803,1.5199,1.1816,,,3076.2451,1840.2036,316.3127,45.6056,71.8317,115.2901,13.7261,106.9859,149.4394,0.6558,0.9108,0.0547,4.4879,47.1549,,130.8606,0.4689,0.0592,0.2307,2.207,1.0289,0.0504,0.0741,0.8291,0.5716,0.0664,3.4119,26.1709,2.5378,,1,2,330.8144,20.7247,15.4818,20.6005,4.1946
BFP286,Indian Recipes,Ducheese potato,INDB,Cooked_Recipe,140.5392,583.3188,3.6024,10.9364,9.0105,0.2856,1.2921,,,5117.5278,2469.009,551.932,85.1519,18.0962,67.447,20.3032,103.8496,423.327,0.7635,0.4381,0.0818,7.9174,119.6316,,232.1549,0.1756,0.1528,0.4816,2.4369,2.6569,0.0546,0.0481,0.7778,0.5485,0.1022,4.3216,20.2832,16.8398,,4,1,60.3756,1.5476,4.6983,3.8709,0.5551
BFP287,Indian Recipes,Roast potatoes,INDB,Cooked_Recipe,87.3185,363.953,1.5262,14.522,2.3545,0.3265,1.7129,,,1391.1476,555.2025,200.1358,5.5114,10.38,42.961,23.8912,90.669,528.236,0.573,0.2765,0.0906,0.7473,24.7881,,221.1446,0.2259,0,0.1081,2.5251,0,0.0583,0.0117,1.0105,0.3705,0.0975,1.3207,15.0849,22.4626,,2,1,67.4929,1.1796,11.2248,1.8199,1.324
BFP288,Indian Recipes,Stuffed baked potatoes,INDB,Cooked_Recipe,100.1981,417.7736,3.8153,11.0347,4.3908,0.4049,1.3097,,,2195.3601,1305.0706,392.6714,72.9925,25.718,71.5938,20.9528,92.086,429.1413,0.8066,0.4606,0.0817,7.9413,70.4695,,260.9075,0.2212,0.1514,0.3808,4.9351,2.6329,0.0581,0.0572,0.7812,0.5635,0.1052,4.5986,22.3484,18.0379,,2,1,104.2511,3.9697,11.4811,4.5684,1.3627
BFP289,Indian Recipes,Potato nests,INDB,Cooked_Recipe,111.6167,465.243,5.7063,11.0487,4.7652,1.4118,2.4854,,,2756.0737,1299.7046,292.432,26.4957,55.2469,110.1879,25.9105,182.1227,341.0069,0.8696,0.7458,0.1171,3.2519,47.0608,,551.7568,3.612,0.0274,0.2452,14.5106,0.4769,0.168,0.059,1.2888,0.5418,0.1536,2.9687,25.8809,19.5707,,2,1,213.707,10.9256,21.1544,9.1237,4.7587
BFP290,Indian Recipes,Parsley potato,INDB,Cooked_Recipe,119.5138,496.0783,1.4892,13.8112,6.2781,0.3424,1.5939,,,3882.4749,1554.6404,329.7512,15.7051,11.4286,42.0763,22.5584,4.6225,502.7558,0.5507,0.2714,0.0846,0.7384,70.6359,,266.7558,0.2007,0,0.1933,3.9834,0,0.0562,0.0148,0.9602,0.3548,0.093,1.3211,15.2028,21.9493,,1,1,129.6725,1.6157,14.9852,6.8117,1.7294
BFP291,Indian Recipes,Creamed spinach and mushroom,INDB,Cooked_Recipe,419.6154,1727.5782,2.2781,3.1676,44.1374,1.1746,1.0179,,,6817.7871,9201.6982,26166.0469,7.1513,65.4867,64.2321,27.0924,90.2063,217.2403,0.9047,0.3132,0.0668,0.8867,27.4454,,2458.8176,1.9508,0,20.5978,86.0701,0,0.0516,0.0556,0.1804,0.1858,0.0612,2.4246,39.3318,8.1287,,1,1,2496.7117,13.5546,18.8471,262.6177,6.0568
BFP292,Indian Recipes,Fricassee of Mushroom,INDB,Cooked_Recipe,106.6634,444.4345,3.6514,8.1328,6.6332,2.5073,1.2348,,,4004.7537,1679.3203,301.9086,13.5486,84.9676,95.5684,12.2356,118.9821,151.7724,0.3602,0.3559,0.0531,0.9388,59.2686,,720.9603,4.0654,0,0.2139,6.1736,0,0.0402,0.0764,0.3405,0.2961,0.0667,3.275,13.3398,14.1298,,1,1,299.5535,10.2546,22.8401,18.6287,3.4678
BFP293,Indian Recipes,Cauliflower au gratin,INDB,Cooked_Recipe,145.8968,607.0152,4.4538,9.1344,10.2046,3.0149,1.4431,,,6187.7964,2593.2795,413.3867,22.1502,119.6889,126.886,15.989,164.9605,181.3017,0.5733,0.5262,0.0478,1.4753,91.2767,,166.255,0.681,0,0.2926,5.1769,0,0.0506,0.1008,0.2785,0.4064,0.0696,2.0707,20.6781,14.912,,1,1,490.7093,14.9801,30.7225,34.3222,4.8538
BFP294,Indian Recipes,Vegetable and cheese pie,INDB,Cooked_Recipe,126.877,527.0079,4.0291,8.7571,8.2814,2.694,1.9115,,,5105.3843,2142.8726,367.9639,18.8763,99.4795,116.1852,19.4445,117.989,243.9671,0.5797,0.5489,0.0673,1.0005,76.7923,,1350.8914,1.6925,0,0.285,8.7034,0,0.0621,0.0772,0.4413,0.3948,0.1091,2.4626,21.5029,11.3441,,1,1,615.1506,19.5345,42.4578,40.1516,9.2679
BFP296,Indian Recipes,Spinach souffle,INDB,Cooked_Recipe,150.1799,624.0341,7.3576,6.2738,10.5208,0.8877,1.4361,,,5747.9263,2987.3823,744.5543,114.71,133.6862,167.0527,53.003,244.0652,385.3138,2.1491,0.9392,0.1181,11.7903,140.4912,,4872.0698,0.597,0.2096,1.2064,163.3538,3.6463,0.1115,0.1365,0.2529,0.5984,0.129,7.373,86.0884,15.1143,,1,1,300.8704,14.7403,12.569,21.0774,2.877
BFP299,Indian Recipes,Beetroot and egg salad (Chukandar aur ande ka salad),INDB,Cooked_Recipe,84.915,352.9101,3.3567,3.4021,6.4537,1.9682,0.5513,,,679.5276,789.6932,283.4607,82.2472,18.1267,48.2697,6.4802,110.1245,66.9888,0.5482,0.3538,0.0376,9.2656,44.4944,,120.0405,0.1936,0.1888,0.3522,4.427,3.2831,0.0228,0.0456,0.0899,0.3865,0.0561,4.7194,18.4885,2.6971,,1,1,188.936,7.4688,7.5697,14.3595,1.2268
BFP300,Indian Recipes,Sour cream potato salad,INDB,Cooked_Recipe,121.8978,505.894,2.8884,9.0529,8.1261,0.8354,1.2075,,,744.9903,3418.2439,1550.7256,47.2932,23.2503,55.1795,19.1917,102.662,367.5884,0.9,0.4156,0.1248,4.9082,26.9794,,348.618,0.2995,0.0926,1.6682,4.6372,1.6102,0.0477,0.0383,0.6676,0.4281,0.1012,3.0638,23.3599,16.4342,,1,1,276.5131,6.552,20.5357,18.4332,2.739
BFP301,Indian Recipes,Tossed green salad,INDB,Cooked_Recipe,49.8781,207.5596,1.334,3.8155,3.2365,1.8996,1.3262,,,75.7417,42.3498,146.3071,0,33.7109,27.4995,19.1439,65.088,211.2248,1.2672,0.2816,0.0639,1.3969,0,,2852.9175,1.8138,0,0.0456,41.185,0,0.0392,0.0405,0.3409,0.1467,0.0967,1.3273,34.8467,26.7153,,1,1,108.7343,2.9082,8.3178,7.0556,2.8912
BFP302,Indian Recipes,Spring basket salad,INDB,Cooked_Recipe,160.457,668.2857,3.3629,11.6067,11.2971,1.4648,3.0914,,,925.3924,6627.5381,3094.019,8.1714,45.6476,51.1743,20.7533,26.0229,252.1905,0.8533,0.5895,0.0829,2.7314,11.1429,,257.8838,6.0029,0,3.7162,99.4581,0,0.0962,0.079,0.7124,0.5195,0.131,1.92,52.1562,33.7076,,1,1,336.9596,7.062,24.374,23.724,6.492
BFP303,Indian Recipes,Cucumber and yogurt salad (Kheere aur dahi ka salad),INDB,Cooked_Recipe,36.1258,151.7943,2.0912,4.7238,0.9268,2.2792,1.6619,,,550.457,215.5384,89.4074,2.8673,68.4903,65.6763,21.8741,141.7255,215.5053,0.5239,0.3184,0.0389,0.8534,7.2986,,455.8669,0.9987,0,0.039,8.9604,0,0.0309,0.081,0.3123,0.4523,0.072,2.7256,18.5572,5.8521,,1,1,41.5772,2.4067,5.4366,1.0666,1.9127
BFP305,Indian Recipes,Chicken and tomato towers,INDB,Cooked_Recipe,100.5518,418.0933,6.9009,2.3636,6.9913,1.206,1.1443,,,595.3259,2885.4768,1329.0413,20.7287,17.5436,66.896,17.2813,76.0161,212.8337,0.7731,0.3562,0.1224,6.0342,6.4069,,3242.0083,4.6624,0.3919,1.4315,21.1307,7.895,0.0559,0.0441,2.588,0.4687,0.2126,2.4143,18.7383,21.468,,1,1,265.5472,18.2247,6.242,18.4634,3.0219
BFP306,Indian Recipes,Jellied sunshine fruit salad,INDB,Cooked_Recipe,48.8649,206.0392,5.8515,4.2071,0.8481,2.8611,1.798,,,106.769,128.8071,563.901,0,37.1434,25.7541,17.2314,74.2024,144.0111,0.8697,0.2162,0.0751,2.3507,0,,3359.8242,0.8044,0,0.1618,22.58,0,0.0348,0.0304,0.1145,0.1191,0.0707,1.0754,15.1695,11.5681,,1,1,121.4293,14.5409,10.4545,2.1076,4.4679
BFP307,Indian Recipes,Tomato aspic,INDB,Cooked_Recipe,50.3733,212.8575,6.8738,5.023,0.2617,3.208,1.5836,,,71.6519,26.8717,139.513,0,44.2835,26.7478,20.7563,98.166,192.7694,1.1811,0.2307,0.0766,3.0423,0,,4731.877,5.8882,0,0.114,35.4783,0,0.0372,0.0362,0.357,0.1742,0.0677,1.3891,18.3377,16.8625,,1,1,107.1642,14.6233,10.686,0.5568,3.3688
BFP308,Indian Recipes,Frozen frosty fruit salad (Phalon ka salaad),INDB,Cooked_Recipe,103.5074,436.0129,1.6777,15.6081,4.172,14.3831,0.2618,,,2497.0073,1138.4001,210.7599,26.3305,28.6144,34.429,7.9648,13.2313,103.4721,0.4081,0.2276,0.0369,1.8079,64.6996,,155.0315,0.3191,0.0361,0.1669,0.6388,0.627,0.0275,0.0561,0.2166,0.1897,0.0387,1.9626,8.973,14.3561,,1,1,241.1723,3.909,36.3668,9.7207,0.61
BFP310,Indian Recipes,French dressing,INDB,Cooked_Recipe,733.7693,3018.6094,0.3226,3.6756,79.6486,3.0107,0.2196,,,11391.8809,58150.5742,6582.8213,0,6.9788,3.7589,4.5364,261.1336,27.4305,0.4842,0.0691,0.0275,0.173,0,,20.3901,0.1959,0,4.0654,46.947,0,0.003,0.0013,0.0123,0.0099,0.0038,0.1503,0.9681,3.1894,,0.75,1,1477.3223,0.6496,7.4003,160.3592,0.4421
BFP312,Indian Recipes,Mayonnaise without eggs,INDB,Cooked_Recipe,329.0537,1356.5836,2.1312,3.9849,33.8399,3.6845,0.0428,,,6121.4644,23426.9922,2655.5273,0,75.5357,61.0666,6.8269,193.5845,81.0387,0.2657,0.2288,0.0268,0.6225,0,,130.1468,0.0483,0,1.7207,18.1085,0,0.0202,0.0687,0.0546,0.2158,0.0263,1.306,4.8666,3.1112,,1,1,1274.2605,8.2531,15.4316,131.0452,0.1658
BFP313,Indian Recipes,Curd dressing,INDB,Cooked_Recipe,78.7956,332.037,5.5858,8.0288,2.9034,7.5691,0.2201,,,1835.2699,758.885,110.9219,10.5173,194.5906,164.7636,19.927,204.617,283.2561,0.178,0.6883,0.0109,1.9982,26.7712,,48.7088,0.1642,0,0.0567,1.6608,0,0.061,0.2613,0.202,0.4973,0.1054,2.605,18.8363,2.5549,,0.5,1,164.8246,11.6844,16.7947,6.0734,0.4604
BFP316,Indian Recipes,Carrot raita (Gajar ka raita),INDB,Cooked_Recipe,64.7843,272.6417,4.1366,7.1852,2.1852,5.993,1.6868,,,1248.8588,536.5437,177.6482,6.9766,146.7168,126.278,22.1346,274.4648,293.7737,0.5533,0.5674,0.0461,1.3951,17.7586,,3200.4028,0.6618,0,0.1186,10.7051,0,0.0567,0.1855,0.2444,0.4265,0.1087,2.2058,20.2984,4.9216,,1,1,102.1455,6.5221,11.3289,3.4454,2.6596
BFP318,Indian Recipes,Pumpkin raita (Kaddu ka raita),INDB,Cooked_Recipe,55.6022,234.0897,3.7351,6.0177,1.884,5.475,1.0414,,,1144.2676,497.5819,100.9394,6.4702,130.1142,109.3273,17.4165,129.1407,258.9744,0.335,0.4712,0.0306,1.338,16.4696,,622.3251,0.5952,0,0.2221,28.9602,0,0.0478,0.17,0.2665,0.3581,0.0893,2.0777,18.6446,4.1811,,1,1,94.5292,6.35,10.2307,3.2029,1.7704
BFP320,Indian Recipes,Mint and peanut raita (Pudinay aur moongfali ka raita),INDB,Cooked_Recipe,112.0466,468.81,7.0465,7.3111,6.1917,6.171,1.79,,,2128.4897,2350.98,1322.4772,8.2601,191.0054,172.0694,48.5458,223.009,365.4576,1.6809,0.9156,0.118,3.413,21.0258,,2851.1226,0.7015,0,0.2055,26.2596,0,0.0655,0.2434,1.2736,0.5509,0.1476,12.0732,33.2296,4.5474,,1,1,149.2125,9.3838,9.7363,8.2455,2.3838
BFP321,Indian Recipes,Spinach raita (Palak ka raita),INDB,Cooked_Recipe,52.7546,221.9394,3.9483,5.0589,1.8583,3.9681,1.3908,,,1034.8524,438.5412,214.4721,5.4142,142.96,101.73,54.4462,126.5724,458.1778,1.6077,0.5903,0.0931,2.056,13.7816,,4730.6392,0.256,0,0.6697,161.0173,0,0.1109,0.1837,0.2796,0.3576,0.1273,3.3351,79.0727,16.1952,,1,1,107.1815,8.0218,10.2783,3.7755,2.8258
BFP322,Indian Recipes,Bathua raita,INDB,Cooked_Recipe,54.4015,228.8302,4.1255,5.31,1.7599,4.1059,2.1931,,,1003.8439,421.6982,177.065,5.4142,206.3109,104.1713,35.4671,110.9205,366.1367,1.465,0.8463,0.0586,1.7164,13.7816,,1736.1027,0.6252,0,0.1578,111.3053,0,0.0616,0.3855,0.383,0.4512,0.1371,1.9126,30.1235,21.4863,,1,1,110.5275,8.3818,10.7883,3.5755,4.4558
BFP325,Indian Recipes,Pineapple raita (Ananas ka raita),INDB,Cooked_Recipe,67.7418,284.9849,3.8982,8.6215,2.0218,8.1167,1.3892,,,1228.4595,539.5201,103.7837,6.9252,134.5253,114.1473,18.8027,135.4844,239.8908,0.271,0.4955,0.0346,1.3351,17.6278,,61.3447,0.3881,0,0.1847,2.0159,0,0.0586,0.1811,0.1844,0.3682,0.1078,2.0539,17.453,12.5198,,1,1,107.6011,6.1919,13.6945,3.2114,2.2066
BFP326,Indian Recipes,Banana raita (Kele ka raita),INDB,Cooked_Recipe,89.0328,374.0682,4.128,13.5101,2.0721,10.1124,0.9957,,,1247.0033,534.2412,130.3009,6.9252,133.2316,116.4421,24.3239,135.4277,308.8281,0.3088,0.5112,0.0504,1.3099,17.6278,,116.0193,0.3849,0,0.0713,1.9529,0,0.0461,0.1842,0.2977,0.4375,0.2275,2.2082,17.3649,3.6083,,1,1,141.4196,6.5569,21.4594,3.2914,1.5816
BFP327,Indian Recipes,Mango raita (Aam ka raita),INDB,Cooked_Recipe,67.3657,283.411,3.9045,8.2312,2.1445,7.868,0.8918,,,1265.8903,571.8954,130.3009,6.9252,136.0646,113.3635,19.0136,135.4561,240.2056,0.3434,0.5018,0.0441,1.9112,17.6278,,482.4257,1.4898,0,0.1311,2.7619,0,0.0523,0.1842,0.2284,0.3651,0.1047,2.2271,37.5487,11.4496,,1,1,107.0036,6.2019,13.0745,3.4064,1.4166
BFP328,Indian Recipes,Guava raita (Amarood ka raita),INDB,Cooked_Recipe,64.3564,270.8197,4.1878,7.2711,2.0721,6.7127,3.004,,,1227.896,540.9587,144.1514,6.9252,136.9302,117.2889,19.6148,135.9377,283.9603,0.2836,0.5364,0.063,1.8891,17.6278,,347.6989,0.8508,0,0.0713,2.4188,0,0.0586,0.1842,0.3355,0.406,0.1015,1.9563,21.0888,68.4346,,1,1,102.2236,6.6519,11.5494,3.2914,4.7716
BFP329,Indian Recipes,Grapes raita (Angoor ka raita),INDB,Cooked_Recipe,72.5944,305.2883,3.9753,9.6572,2.0674,8.5086,0.7092,,,1243.6068,533.4653,129.3566,6.9252,134.5206,116.2595,17.0682,135.6355,247.9178,0.2553,0.4797,0.0331,1.3099,17.6278,,100.4375,1.8612,0,0.0619,2.9775,0,0.0523,0.1795,0.1891,0.3493,0.0984,2.0728,14.4028,6.6428,,1,1,115.3089,6.3144,15.3394,3.2839,1.1265
BFP334,Indian Recipes,Bottle gourd kheer (Ghiya/Lauki kheer),INDB,Cooked_Recipe,84.0735,353.5349,2.701,10.0021,3.8568,9.6304,0.5464,,,2067.1333,1224.3619,224.9216,0,94.1786,79.0986,11.5693,19.6154,117.4591,0.2251,0.3159,0.0491,1.0919,0,,167.9637,0.2331,0,0.3821,0.474,0,0.0295,0.0863,0.1185,0.3651,0.0346,1.9844,13.3998,2.3165,,1,1,225.0647,7.2305,26.7757,10.3248,1.4628
BFP336,Indian Recipes,Pumpkin kheer (Kaddu ki kheer),INDB,Cooked_Recipe,86.3501,363.0605,2.7589,10.4354,3.8625,10.1178,0.6286,,,2067.7197,1227.8136,224.5088,0,95.6055,80.251,11.4759,20.9883,141.5532,0.2438,0.3084,0.0509,0.8304,0,,420.8363,0.3564,0,0.4904,15.7149,0,0.0295,0.0901,0.1689,0.2941,0.0458,1.8126,10.0659,3.0094,,1,1,231.1592,7.3855,27.9357,10.3398,1.6828
BFP338,Indian Recipes,Apple kheer (Seb ki kheer),INDB,Cooked_Recipe,81.2951,342.0381,2.1374,11.3445,3.18,10.7055,0.5103,,,1680.1659,992.2941,213.5961,0,75.6681,62.8258,8.9121,15.8558,93.4083,0.1843,0.2466,0.0398,0.6832,0,,155.2663,0.2958,0,0.3269,0.6143,0,0.0237,0.0695,0.1119,0.2231,0.0309,1.2646,4.9282,1.7497,,1,1,270.4727,7.1111,37.7438,10.5801,1.6978
BFP345,Indian Recipes,Caramel custard (baked),INDB,Cooked_Recipe,122.6964,516.8514,5.1132,14.9548,5.009,14.9215,0,,,2456.5632,1579.4014,347.2372,81.153,90.5876,105.3747,8.4191,44.7827,107.9778,0.5258,0.5036,0.0489,9.5987,43.9024,,162.9712,0,0.1863,0.4812,0,3.2395,0.0333,0.1155,0.0785,0.5522,0.0621,5.3614,15.612,1.337,,1,1,276.6805,11.5303,33.723,11.2953,0
BFP346,Indian Recipes,Vanilla ice cream without egg,INDB,Cooked_Recipe,228.6728,949.6863,2.688,14.2052,18.1455,13.4507,0,,,11310.7549,5221.9541,516.9309,41.6998,81.2661,69.8253,6.633,23.9651,89.9579,0.1001,0.2513,0.0262,0.5282,158.4591,,193.4075,0,0,0.6291,0,0,0.0224,0.1202,0.0395,0.2495,0.035,1.4996,6.1461,1.355,,1,2,359.8737,4.2303,22.3555,28.5565,0
BFP347,Indian Recipes,Vanilla ice cream with egg,INDB,Cooked_Recipe,214.8504,892.5983,4.1644,11.7077,17.0243,11.687,0,,,10235.2246,5017.0049,606.0842,86.7495,77.4203,86.087,7.4072,37.7239,97.1891,0.3375,0.3847,0.0324,6.0407,165.0103,,186.6805,0,0.1159,0.755,0,2.0166,0.0276,0.1307,0.0495,0.4197,0.0525,3.8206,12.1339,1.1774,,1,2,389.1477,7.5428,21.2055,30.8353,0
BFP348,Indian Recipes,Strawberry ice cream,INDB,Cooked_Recipe,215.6056,895.9828,4.1512,12.257,16.9588,11.6041,0,,,10193.6768,4996.9761,605.6357,86.3918,77.0845,85.8323,7.3574,37.6192,96.4021,0.3364,0.3863,0.0321,6.0158,164.3299,,185.9107,0,0.1155,0.7519,0,2.0082,0.0276,0.1299,0.0481,0.4179,0.0522,3.8048,12.0976,1.1725,,1,2,392.1328,7.55,22.2925,30.8438,0
BFP350,Indian Recipes,Chocochip ice cream,INDB,Cooked_Recipe,241.4459,1004.9122,4.2257,16.7549,17.9279,16.0803,0,,,10773.542,5348.3384,640.2508,79.3354,73.215,90.5868,14.5235,34.8439,114.2727,0.5088,0.4665,0.0916,5.8389,151.2226,,170.9091,0,0.1053,0.8123,0.2019,1.832,0.0287,0.1238,0.079,0.4075,0.0503,3.7342,12.089,1.0696,,1,2,481.3828,8.425,33.405,35.7438,0
BFP351,Indian Recipes,Choconut ice cream,INDB,Cooked_Recipe,273.9561,1144.3999,5.0406,23.1274,18.4908,21.0199,0.507,,,9205.4365,6886.5801,1271.4229,65.6513,67.3802,115.1602,37.4955,29.8322,145.8082,0.8878,0.8029,0.2458,5.7322,125.065,,142.7702,0.2968,0.0873,1.2278,0.4003,1.5189,0.0681,0.1082,0.1966,0.4422,0.0538,3.2565,12.1905,0.9003,,1,2,658.796,12.1213,55.6156,44.4657,1.2193
BFP352,Indian Recipes,Pear chocholate sunday,INDB,Cooked_Recipe,183.4874,764.3149,2.0845,15.0153,13.1111,14.4056,0.0737,,,7992.8091,3876.0698,443.4774,29.1077,56.6677,56.2851,12.3328,16.2608,91.1826,0.2392,0.2743,0.068,0.3614,112.1333,,131.5817,0.0091,0,0.578,0.1387,0,0.0186,0.0821,0.0967,0.1723,0.0288,1.0166,5.22,1.3714,,1,2,447.2504,5.0809,36.5998,31.9583,0.1796
BFP353,Indian Recipes,Chocolate sauce,INDB,Cooked_Recipe,263.2,1108,1.91,43.21,10.39,42.06,0,,,6489,2811,343,21.3,18.8,68.7,53,2.8,154.7,1.13,0.74,0.439,0,95.8,,64.8,0,0,0.253,0.89,0,0.016,0.013,0.17,0.005,0.007,0.02,3.8,0,,3,1,43.8667,0.3183,7.2017,1.7317,0
BFP354,Indian Recipes,Coffee ice cream,INDB,Cooked_Recipe,150.62,633.0181,3.1474,14.0895,9.4303,13.348,0,,,5190.3994,2307.6714,368.1959,22.2306,95.7151,84.9161,9.7873,42.0856,132.1756,0.1483,0.3052,0.0344,2.3316,44.0844,,113.4137,0,0.4145,0.1546,0.6665,0,0.024,0.1279,0.2245,0.335,0.0367,1.3887,4.3314,1.3011,,1,2,249.8409,5.2208,23.371,15.6425,0
BFP355,Indian Recipes,Coffee pear alaska,INDB,Cooked_Recipe,203.9895,851.2466,2.8831,19.3634,13.2153,16.8826,0.1518,,,8018.6021,3934.4382,448.3754,28.4333,60.6096,55.7333,8.5676,51.1051,107.8627,0.2243,0.2332,0.0333,1.9976,109.1663,,133.6296,0,0.0713,0.633,0.1514,0,0.0229,0.0937,0.2348,0.2847,0.0309,1.7393,5.5329,1.3912,,1,2,510.7387,7.2186,48.481,33.0877,0.38
BFP356,Indian Recipes,Crunchy butterscotch,INDB,Cooked_Recipe,277.3192,1153.6324,3.1129,19.9221,20.9943,17.726,0.4691,,,12607.8721,6110.4204,956.4883,46.3909,72.2575,76.551,12.9626,22.2418,103.6538,0.258,0.3493,0.0615,0.6947,184.2161,,197.0994,0.1895,0,0.7781,0.4616,0,0.0613,0.1362,0.4428,0.2477,0.0401,1.5506,9.9885,1.1381,,1,2,519.627,5.8328,37.329,39.3381,0.879
BFP358,Indian Recipes,Peach melba ice cream,INDB,Cooked_Recipe,200.8457,834.7284,2.0566,16.3068,14.5065,13.3512,0.0627,,,8892.127,4281.6982,468.6862,33.2278,60.5469,53.8192,6.8962,17.918,81.2436,0.1129,0.2105,0.0232,0.3802,126.2658,,143.6925,0.0077,0,0.6139,0.0403,0,0.0181,0.0924,0.0668,0.1889,0.0295,1.1245,5.1445,1.3054,,1,2,460.1376,4.7116,37.3589,33.2343,0.1437
BFP359,Indian Recipes,Vanilla ice cream with apples in hot cherry sauce,INDB,Cooked_Recipe,196.3193,818.6873,1.7349,22.7508,11.4541,14.1898,0.258,,,7111.0181,3280.8398,357.2803,26.1506,56.3405,46.382,6.0351,31.5354,74.2147,0.1624,0.1752,0.0257,0.3781,99.3724,,145.1913,0.1493,0,0.41,0.3816,0,0.0185,0.0775,0.0507,0.1685,0.0272,0.9934,4.291,1.6852,,1,2,492.6632,4.3538,57.0931,28.744,0.6475
BFP361,Indian Recipes,Grape and orange whip,INDB,Cooked_Recipe,57.3907,238.5083,1.4136,6.7165,2.6224,5.6616,0.9669,,,1599.9856,738.1029,116.7955,6.5083,17.4007,15.3718,8.9493,14.3612,138.8595,0.5343,0.0455,0.0281,1.6091,24.7314,,460.1033,0.9781,0.0738,0.1128,2.0021,0,0.0498,0.0379,0.1916,0.2411,0.0409,2.3195,13.9216,28.8099,,1,2,69.4428,1.7104,8.127,3.1731,1.17
BFP362,Indian Recipes,Honey banana cream,INDB,Cooked_Recipe,125.4893,523.139,2.7752,13.6367,6.6751,10.5108,0.7003,,,4124.6465,1887.3409,234.7493,14.2749,43.5243,40.0276,12.7346,15.6503,159.9426,0.2295,0.21,0.0484,0.6163,54.2447,,165.7976,0.21,0,0.261,0.7529,0,0.0151,0.0657,0.1831,0.225,0.1741,1.1617,8.5949,5.0399,,1,1,415.3695,9.1858,45.1374,22.0946,2.318
BFP363,Indian Recipes,Raspberry bavarian cream,INDB,Cooked_Recipe,150.1046,628.3291,3.343,17.8207,7.8756,15.2958,2.1941,,,4796.9199,2241.2236,341.1393,19.9367,26.3961,22.9273,9.9542,24.5865,78.9831,0.3076,0.1988,0.0488,1.9912,75.7602,,102.2574,0,0.0753,0.5443,2.6329,0,0.016,0.0566,0.2026,0.2497,0.0262,0.5786,8.7735,9.0338,,1,1,355.7478,7.9228,42.235,18.6652,5.2
BFP364,Indian Recipes,Fruit delight,INDB,Cooked_Recipe,107.0917,446.8129,2.0852,9.1089,7.0915,9.0322,0.093,,,4381.0967,2010.4027,212.9971,12.2807,71.6906,61.206,6.9297,17.2731,96.9444,0.1485,0.2292,0.0231,0.5,46.6667,,145.5117,0.1886,0,0.2728,0.2439,0,0.0235,0.081,0.0972,0.2241,0.0345,1.3193,5.6702,2.2635,,0.5,2,366.2535,7.1315,31.1525,24.253,0.318
BFP365,Indian Recipes,Creamy chocolate mousse,INDB,Cooked_Recipe,230.5218,957.5154,6.8508,9.5265,18.1583,8.9869,0,,,10650.3086,5511.2207,730.7028,129.1295,45.2528,95.0432,26.508,48.6363,127.4969,0.9633,0.6683,0.1796,10.4612,196.4982,,126.3132,0,0.2072,0.8946,0.0705,3.603,0.0287,0.1124,0.0962,0.4454,0.0572,5.0308,16.3107,0.3699,,1,1,467.383,13.89,19.315,36.816,0
BFP366,Indian Recipes,Cold lemon souffle,INDB,Cooked_Recipe,169.8652,711.9587,5.8938,15.6247,9.7814,13.8784,0,,,5629.4844,2808.4536,506.5979,98.1443,55.0289,72.6186,6.7443,46.3505,81.6907,0.5268,0.4052,0.0233,8.8227,160.8247,,98.0412,0,0.1732,0.5052,0,3.0124,0.0275,0.1185,0.0732,0.4379,0.05,4.9155,12.8804,3.567,,1,1,411.923,14.2925,37.89,23.72,0
BFP367,Indian Recipes,Cold orange souffle,INDB,Cooked_Recipe,173.19,725.8445,5.9394,16.2727,9.8249,14.4239,0.1136,,,5652.5952,2824.7017,504.0918,98.6528,55.4479,73.1984,7.193,46.5336,88.1658,0.5729,0.4015,0.0261,8.7919,161.658,,157.6321,0.0299,0.1741,0.5113,0.2202,3.028,0.031,0.1199,0.0889,0.4466,0.0491,5.1946,14.0084,4.1774,,1,1,417.8209,14.3287,39.258,23.7026,0.2741
BFP368,Indian Recipes,Cold pineapple souffle,INDB,Cooked_Recipe,181.2184,759.6974,6.2298,16.8487,10.3873,14.9912,0,,,5977.6313,2987.0615,528.9474,104.386,57.1316,76.2851,6.7917,49.3816,79.864,0.5377,0.4246,0.0255,9.2851,171.0526,,104.1623,0,0.1842,0.5383,0,3.2039,0.0284,0.1254,0.0715,0.4564,0.05,5.2281,13.2895,0.8246,,1,1,413.178,14.204,38.415,23.683,0
BFP369,Indian Recipes,Cold vanilla souffle,INDB,Cooked_Recipe,179.5391,752.4152,6.2159,16.289,10.3168,14.4913,0,,,5947.0977,2963.0085,519.8051,100.8475,62.4703,79.828,6.9352,49.0928,83.2966,0.5228,0.4282,0.0262,9.0307,165.2542,,113.072,0,0.178,0.5331,0,3.0953,0.0274,0.1282,0.0726,0.4603,0.0493,5.1767,13.0146,0.5515,,1,1,423.7122,14.6696,38.442,24.3476,0
BFP370,Indian Recipes,Cold chocolate souffle,INDB,Cooked_Recipe,187.5277,785.8354,6.3679,17.2165,10.8634,15.3101,0,,,6279.4443,3151.6873,532.7983,98.0658,62.9095,88.5325,14.937,47.765,104.9794,0.6842,0.5274,0.0879,8.8529,160.8025,,110.6173,0,0.1728,0.5557,0.0658,3.0062,0.0293,0.126,0.0979,0.4531,0.0492,5.0893,13.3558,0.5356,,1,1,455.6923,15.474,41.836,26.398,0
BFP371,Indian Recipes,Stewed fruit (with pear),INDB,Cooked_Recipe,74.3241,314.8963,0.2502,18.2205,0.3196,17.6746,2.8381,,,61.2033,21.8921,64.4357,0,5.9357,5.1784,5.8651,1.7025,68.5643,0.2088,0.062,0.0697,0.0304,0,,57.7839,1.1148,0,0.1917,8.0764,0,0.0126,0.0127,0.083,0.0325,0.0564,0.8842,3.5966,2.0602,,1,1,89.5605,0.3015,21.9557,0.3851,3.42
BFP372,Indian Recipes,Apricot fool,INDB,Cooked_Recipe,240.7928,1004.7671,1.5374,33.6406,11.3461,21.2884,0.9977,,,6721.9966,3470.687,501.0911,27.5772,26.3697,38.8913,8.637,8.2785,105.4456,0.7277,0.2075,0.1393,0.5732,104.7932,,1198.2157,1.0629,0,0.6249,1.4486,0,0.0174,0.0577,0.4723,0.2283,0.0378,0.7873,5.0153,0.6436,,1,1,550.0911,3.5121,76.852,25.9202,2.2793
BFP373,Indian Recipes,Pavlova,INDB,Cooked_Recipe,200.5956,838.7404,1.8449,21.8438,12.2893,20.368,0.0586,,,7679.7822,3559.9246,354.6425,31.937,23.0029,26.3733,6.3007,26.3415,86.9002,0.2538,0.1299,0.0286,1.9959,121.3604,,105.0792,0.1207,0.0987,0.4034,0.162,0,0.0145,0.0718,0.1323,0.2216,0.0301,1.0109,5.3044,6.5745,,0.5,2,725.454,6.672,78.998,44.4444,0.212
BFP379,Indian Recipes,Apple crumb pudding,INDB,Cooked_Recipe,220.8507,926.9669,1.5397,35.1667,8.8715,27.6949,1.3272,,,5353.3691,2144.8064,379.5674,21.6794,38.4865,26.0448,10.2539,59.3606,159.2366,1.0494,0.2226,0.0842,1.2845,97.5064,,166.6565,0.5059,0,0.2382,1.8064,0,0.0455,0.0269,0.3402,0.0532,0.0359,0.1626,8.0051,3.6628,,1,2,216.9858,1.5128,34.5513,8.7163,1.304
BFP380,Indian Recipes,Steamed cake with chocolate sauce,INDB,Cooked_Recipe,301.9082,1258.708,4.4906,29.0637,19.0141,19.7246,0.2899,,,11625.0156,5026.7271,767.6429,78.7185,67.7605,147.5374,25.7277,100.321,131.4874,0.8534,0.6374,0.1827,4.6071,201.9328,,234.4748,0.7069,0.0882,0.6197,1.5546,1.5347,0.039,0.0835,0.1816,0.3682,0.0428,2.7634,10.8443,0.7601,,0.5,2,718.5415,10.6876,69.1715,45.2536,0.69
BFP382,Indian Recipes,Hot lemon souffle,INDB,Cooked_Recipe,155.2505,650.2839,5.2881,16.3109,7.9343,12.0699,0.1363,,,4130.2988,2335.0686,566.4938,116.7901,48.7689,90.5009,9.1958,47.7543,106.7407,0.5535,0.3302,0.0411,9.8942,100.5432,,127.6531,0.3805,0.5414,0.4489,0.637,4.4583,0.0385,0.0854,0.1527,0.7095,0.0523,8.121,17.0398,10.6395,,1,2,188.6293,6.4251,19.8177,9.6402,0.1656
BFP386,Indian Recipes,Gulab jamun with milk powder,INDB,Cooked_Recipe,471.1537,1953.2878,0.8526,28.2423,40.1512,27.0406,0.0457,,,5034.4771,8263.6709,25183.0234,1.2497,26.1267,22.3824,3.1612,67.2833,33.6812,0.1262,0.1234,0.0373,0.2472,3.528,,11.2671,0.1115,0,19.5793,2.5209,0,0.0089,0.0347,0.0321,0.0763,0.008,0.3545,1.5121,0.1369,,2,1,1422.295,2.5738,85.2565,121.2065,0.138
BFP388,Indian Recipes,Chum chum,INDB,Cooked_Recipe,130.0537,551.6873,1.5169,28.2698,1.917,27.8417,0.0155,,,1156.5676,518.6644,60.9631,0.0962,62.5844,49.404,5.1349,16.6516,64.672,0.1295,0.2106,0.0455,0.577,0.1925,,86.5196,0.0378,0,0.0938,0.0056,0,0.0176,0.0606,0.0459,0.1852,0.0215,0.8448,3.2716,0.8639,,1,2,405.4425,4.7288,88.1312,5.9763,0.0483
BFP389,Indian Recipes,Dil bahar,INDB,Cooked_Recipe,130.0537,551.6873,1.5169,28.2698,1.917,27.8417,0.0155,,,1156.5676,518.6644,60.9631,0.0962,62.5844,49.404,5.1349,16.6516,64.672,0.1295,0.2106,0.0455,0.577,0.1925,,86.5196,0.0378,0,0.0938,0.0056,0,0.0176,0.0606,0.0459,0.1852,0.0215,0.8448,3.2716,0.8639,,1,2,405.4425,4.7288,88.1312,5.9763,0.0483
BFP390,Indian Recipes,Rasbhari,INDB,Cooked_Recipe,130.0537,551.6873,1.5169,28.2698,1.917,27.8417,0.0155,,,1156.5676,518.6644,60.9631,0.0962,62.5844,49.404,5.1349,16.6516,64.672,0.1295,0.2106,0.0455,0.577,0.1925,,86.5196,0.0378,0,0.0938,0.0056,0,0.0176,0.0606,0.0459,0.1852,0.0215,0.8448,3.2716,0.8639,,1,2,405.4425,4.7288,88.1312,5.9763,0.0483
BFP391,Indian Recipes,Rajbogh,INDB,Cooked_Recipe,133.6978,566.8672,1.7112,28.159,2.2782,27.6642,0.1101,,,1182.2615,682.4836,166.759,0.0954,63.2291,53.7444,6.4155,16.5651,73.4697,0.1684,0.2303,0.053,0.665,0.1907,,90.3694,0.0535,0,0.3949,0.1716,0,0.0262,0.0604,0.0532,0.1887,0.0298,0.9425,3.8202,0.8562,,1,2,420.5464,5.3826,88.5742,7.166,0.3462
BFP392,Indian Recipes,Rasgulla,INDB,Cooked_Recipe,118.6372,503.2582,1.3837,25.7882,1.7487,25.3977,0.0141,,,1055.0402,473.1342,55.6116,0.0878,57.0906,45.0672,4.6841,15.1899,58.9949,0.1181,0.1921,0.0415,0.5263,0.1756,,78.9247,0.0345,0,0.0856,0.0051,0,0.0161,0.0552,0.0419,0.169,0.0196,0.7706,2.9844,0.7881,,1,2,405.4425,4.7288,88.1312,5.9763,0.0483
BFP393,Indian Recipes,Rasmalai,INDB,Cooked_Recipe,135.5491,574.9421,1.6134,29.1714,2.1077,28.7087,0.0715,,,1157.2517,609.5187,123.0946,0.0945,62.3058,51.3778,5.8567,16.4555,69.1768,0.1537,0.2209,0.0509,0.622,0.189,,87.7169,0.0466,0,0.2716,0.1042,0,0.0225,0.0597,0.0497,0.185,0.0262,0.8922,3.5565,0.8484,,1,2,430.2803,5.1216,92.6001,6.6904,0.2271
BFP396,Indian Recipes,Khoa coconut burfi,INDB,Cooked_Recipe,411.454,1729.9353,9.9781,36.5486,26.008,35.5959,4.0652,,,17169.7715,3745.2288,627.0298,0,309.8408,288.2189,54.9428,31.1418,459.5125,2.0987,1.5583,0.2757,28.7125,0,,140.1293,0.2772,0,1.5262,0.7503,0,0.0653,0.065,0.3962,0.2178,0.0679,10.4201,52.942,0,,2,1,206.7557,5.014,18.3657,13.069,2.0428
BFP397,Indian Recipes,Danedar burfi,INDB,Cooked_Recipe,102.6775,431.8711,3.2428,12.326,4.7204,11.9832,0.0886,,,2532.8518,1494.446,262.2816,0,107.5306,94.7448,11.9134,23.3055,116.6359,0.2428,0.3775,0.0656,1.0656,0,,181.2764,0.0531,0,0.3518,0.0966,0,0.0386,0.0991,0.0891,0.3253,0.0424,1.8495,6.9748,2.4065,,2,1,143.4662,4.5309,17.2225,6.5955,0.1239
BFP401,Indian Recipes,Semolina burfi (Suji/Rava burfi),INDB,Cooked_Recipe,348.6713,1457.2433,3.4668,47.0986,16.8638,28.6701,2.8,,,9527.6846,4137.1875,818.782,39.4062,14.863,33.0575,11.5309,8.3262,99.5297,1.0091,0.6053,0.1582,2.9494,147.6933,,373.0938,2.3033,0,0.9781,0.3386,0,0.0777,0.0109,0.3047,0.201,0.0298,0.1307,6.8637,0,,2,2,163.2479,1.6232,22.0516,7.8956,1.311
BFP403,Indian Recipes,Pumpkin coconut burfi (Kaddu aur nariyal ki burfi),INDB,Cooked_Recipe,186.1793,781.6154,1.752,17.024,12.6557,16.1116,4.2859,,,8418.374,1166.9376,289.6507,5.1143,21.7588,47.9958,23.6087,8.9458,283.9543,0.7874,0.3233,0.204,4.4547,19.1684,,972.5073,0.9641,0,1.5035,52.6969,0,0.0256,0.0255,0.3762,0.1478,0.0752,1.1949,19.0986,5.0146,,2,2,111.9403,1.0534,10.2357,7.6093,2.5769
BFP404,Indian Recipes,Khoa ladoo,INDB,Cooked_Recipe,396.0151,1664.4445,12.2056,34.4322,24.0944,33.3661,3.0811,,,12446.5,6739.8887,1939.9445,0,358.6111,341.8333,69.2622,31.7106,479.6667,2.2528,1.8078,0.2594,28.5706,0,,154.5728,0.2561,0,4.0111,1.8228,0,0.1283,0.0822,0.5717,0.2794,0.1083,12.2294,60.6889,0.0411,,2,1,178.2068,5.4925,15.4945,10.8425,1.3865
BFP406,Indian Recipes,Wheat and gram flour ladoo (Atta besan ladoo),INDB,Cooked_Recipe,501.7003,2093.5322,9.3804,50.4962,29.8551,18.4583,6.0078,,,15259.6504,6622.4619,1899.6818,60.9917,35.2669,122.2231,44.2058,27.0583,224.9422,2.3872,1.1176,0.2069,12.7798,228.595,,553.2769,3.7095,0,2.0384,2.3331,0,0.2045,0.0698,0.9867,0.4996,0.1549,1.9525,48.1046,0,,2,2,151.7643,2.8376,15.2751,9.0312,1.8174
BFP407,Indian Recipes,Semolina ladoo with nuts (Suji/Rava ladoo with nuts),INDB,Cooked_Recipe,441.8448,1839.1116,5.4406,48.0249,25.4502,19.7908,4.2745,,,14316.7158,7287.4912,1526.267,58.8048,18.0414,71.1084,29.9865,3.9299,189.251,1.8085,1.1008,0.3025,4.9965,220.3984,,565.6789,3.6606,0,1.5242,0.6431,0,0.1439,0.019,0.5149,0.364,0.0576,0.3269,12.7723,0.0817,,2,2,138.6288,1.707,15.0678,7.985,1.3411
BFP412,Indian Recipes,Sesame chickpeas brittle (Til aur channe ki chikki),INDB,Cooked_Recipe,282.737,1183,8.5,50.495,4.6607,36.4793,5.5421,,,622.9557,1411.2871,2049.9714,0,150.7343,178.6557,109.5714,17.9307,515.4285,4.7957,1.7907,0.3714,16.4729,0,,302.8571,5.1829,0,0.1614,8,0,0.1429,0.0521,0.8243,0.59,0.4029,0.7271,67.5286,0,,2,2,98.9579,2.975,17.6733,1.6313,1.9397
BFP413,Indian Recipes,Murmura chikki,INDB,Cooked_Recipe,253.818,1062,2.1243,59.5943,0.3229,48.2743,0.3657,,,46.2514,18.0643,25.3143,0,63.2986,64.3029,74.9414,15.03,298.8571,3.2957,0.4643,0.0757,0,0,,17.7743,0.2686,0,0.0286,0.1429,0,0.0386,0.0114,0.2786,0.1857,0.4157,0.5114,8.2286,0,,2,2,66.6272,0.5576,15.6435,0.0847,0.096
BFP415,Indian Recipes,Masala onion pakora/pakoda (Pyaaz ke pakode),INDB,Cooked_Recipe,551.6427,2272.157,2.0452,6.481,57.6078,1.5782,1.4415,,,6926.2031,11809.7471,36439.3867,0,11.0551,24.3469,9.6546,99.2195,70.1106,0.423,0.2009,0.0544,0.3676,0,,54.4631,0.2058,0,28.3448,5.8628,0,0.0425,0.0165,0.2342,0.1641,0.0608,1.2266,20.7807,1.6754,,6,1,389.0276,1.4423,4.5705,40.6259,1.0166
BFP416,Indian Recipes,Masala green chilli pakora/pakoda (Hari mirch kay pakode),INDB,Cooked_Recipe,668.759,2753.7939,2.2224,5.5475,71.015,0.2716,1.3414,,,8531.3184,14554.416,44930.6328,0,8.5785,23.5642,8.3902,120.902,56.4806,0.4662,0.1615,0.0437,0.3514,0,,119.6351,0.2222,0,34.9565,7.0354,0,0.046,0.0238,0.2415,0.1278,0.0622,0.7887,18.462,5.5942,,5,1,458.9158,1.5251,3.8068,48.7319,0.9205
BFP420,Indian Recipes,Chicken pakora/pakoda,INDB,Cooked_Recipe,590.0933,2431.9734,6.0315,4.5523,60.9755,0.2189,0.9561,,,7272.6489,12334.6738,37543.4414,11.9767,9.0768,52.4037,10.0799,103.2328,92.8986,0.5073,0.2759,0.0825,3.9107,1.3543,,16.8391,0.09,0.2685,29.2204,5.1313,5.4095,0.0543,0.0262,1.7188,0.3261,0.1436,1.4481,16.7313,0.2031,,6,1,404.3418,4.1329,3.1193,41.7814,0.6551
BFP421,Indian Recipes,Fish pakora/pakoda,INDB,Cooked_Recipe,577.0251,2377.2947,5.9731,4.5523,59.5219,0.2189,0.9561,,,7231.3965,12183.8691,37563.4844,9.0443,12.6494,62.7167,13.4385,112.244,95.6228,0.6299,0.2545,0.0533,12.7683,3.1795,,16.8391,0.09,0.0428,29.3022,5.1313,1.0216,0.0484,0.034,0.67,0.365,0.0599,1.7769,16.0873,0.2031,,6,1,395.3872,4.0929,3.1193,40.7854,0.6551
BFP424,Indian Recipes,Paneer cutlet,INDB,Cooked_Recipe,672.1959,2770.4446,4.5876,7.6161,69.3759,2.5212,0.3923,,,9680.832,14442.9707,42104.1484,0,107.8596,74.9122,8.9313,91.4454,35.4339,0.4833,0.6143,0.0463,5.073,0,,132.2756,0.1926,0,32.68,6.1053,0,0.0262,0.0277,0.1857,0.1107,0.0187,4.1123,21.2044,1.0037,,2,1,1215.5654,8.2961,13.7725,125.4559,0.7094
BFP425,Indian Recipes,Sago cutlet/vadas (Sabudana cutlet/vadas),INDB,Cooked_Recipe,558.755,2302.717,0.5644,11.2263,56.9701,0.1042,0.5357,,,6851.4541,11684.4238,36070.8086,0,5.4346,15.0011,7.5978,48.1687,138.9671,0.379,0.0887,0.0366,0.1896,0,,130.5763,0.1887,0,28.0351,5.7394,0,0.0178,0.0046,0.2705,0.1037,0.0282,0.3546,4.3121,6.3509,,2,1,1178.051,1.1901,23.669,120.1129,1.1294
BFP427,Indian Recipes,Poshtik cutlet,INDB,Cooked_Recipe,496.4498,2045.0759,2.0036,7.3885,50.9412,0.3185,1.3454,,,6183.0454,10632.4609,31907.4414,0,14.9422,33.9077,18.5255,57.1072,195.3688,0.687,0.2982,0.0863,2.1288,0,,544.3937,0.3779,0,24.6937,18.6178,0,0.0518,0.0175,0.5942,0.1707,0.0438,0.541,18.1286,6.8171,,2,1,1195.6248,4.8253,17.794,122.6841,3.2402
BFP428,Indian Recipes,Egg cutlet (Anda cutlet),INDB,Cooked_Recipe,575.0222,2367.907,2.4484,5.77,60.2478,0.203,0.5783,,,7458.3354,12535.335,37536.5703,44.9996,16.2249,37.5664,8.7611,79.3987,139.0274,0.5555,0.2552,0.0451,5.39,24.3441,,141.7614,0.1863,0.1033,29.2548,5.8468,1.7963,0.031,0.0302,0.3019,0.2696,0.0465,2.5439,10.8419,5.4467,,2,1,1169.2213,4.9786,11.7325,122.5049,1.1759
BFP430,Indian Recipes,Minced meat cutlet,INDB,Cooked_Recipe,531.8564,2192.5916,5.0989,5.6063,54.4669,0.3149,0.3972,,,7503.582,11684.0361,32693.5039,16.4999,20.8168,52.3571,8.1359,95.807,88.6671,0.6306,0.8376,0.0425,1.1141,1.0714,,73.414,0.1298,0,25.3652,4.7317,0,0.0501,0.0473,1.2044,0.2051,0.0536,0.4597,3.7977,0.7778,,2,1,1241.0071,11.8976,13.0815,127.0904,0.9269
BFP431,Indian Recipes,Vegetable samosa,INDB,Cooked_Recipe,443.1075,1826.475,2.207,13.2202,42.2231,0.7429,1.5228,,,5850.125,8734.9512,25774.5273,4.0622,10.3738,30.0481,14.7753,107.6961,189.0659,0.5991,0.285,0.0747,0.355,15.2251,,292.0258,1.9058,0,20.0528,8.3642,0,0.0566,0.0137,0.4849,0.2487,0.0594,0.9203,12.2765,9.9633,,2,3,447.2284,2.2275,13.3431,42.6158,1.537
BFP436,Indian Recipes,Plain urad dal vada (Uzunne vada/Minapa garelu/Ulundu vadai/Medu vada),INDB,Cooked_Recipe,745.4994,3069.4138,4.3854,9.6989,76.3151,0.1597,2.2688,,,9180.8555,15629.667,48293.25,0,10.6029,71.317,33.0206,65.8726,220.1727,0.9647,0.5707,0.1294,4.5623,0,,53.0586,1.6013,0,37.4739,6.3708,0,0.0399,0.0171,0.3347,0.561,0.0418,0.154,16.878,0,,2,2,588.0126,3.459,7.65,60.1935,1.7895
BFP437,Indian Recipes,Masala urad dal vada,INDB,Cooked_Recipe,703.7792,2898.7363,4.3219,9.9311,71.6166,0.7044,2.711,,,9294.4199,14486.9268,44567.6406,0,11.875,71.2686,33.8935,61.4923,232.7906,1.0038,0.5746,0.1411,4.2271,0,,91.1579,1.6395,0,34.6454,7.5631,0,0.0424,0.0214,0.3607,0.5488,0.0557,0.3409,18.5703,2.3918,,2,2,602.0303,3.6971,8.4953,61.2626,2.319
BFP439,Indian Recipes,Khaman (dhokla),INDB,Cooked_Recipe,54.7266,228.0929,1.9246,5.3553,2.7977,1.3625,1.4915,,,548.8282,502.3852,1432.6869,0,5.3107,29.7759,11.4604,124.1013,92.494,0.5776,0.325,0.0785,4.3472,0,,152.8754,0.2407,0,0.9839,1.6212,0,0.0324,0.0159,0.1826,0.144,0.0231,0.1125,16.2884,2.1949,,3,2,64.934,2.2836,6.3541,3.3196,1.7697
BFP440,Indian Recipes,Instant dhokla,INDB,Cooked_Recipe,207.1125,869.3544,7.6646,24.1105,9.3731,6.8621,3.5699,,,2116.5032,1785.7876,4618.666,2.5891,66.5833,105.7383,25.7978,763.9752,187.9521,1.0474,0.6951,0.1183,2.2054,6.5906,,216.4695,0.7606,0,3.7136,6.4068,0,0.1453,0.1151,0.6322,0.4793,0.156,2.7392,53.8407,6.3652,,3,2,87.9917,3.2563,10.2434,3.9822,1.5167
BFP442,Indian Recipes,Tomato ginger chutney (Tamatar adarak ki chutney),INDB,Cooked_Recipe,44.6568,187.0878,1.0497,9.1116,0.3215,6.3059,2.1367,,,54.1655,62.1128,135.672,0,23.6264,25.638,20.7298,209.4226,227.5589,1.0757,0.1734,0.0868,0.1962,0,,4502.2529,11.2965,0,0.2025,20.8425,0,0.0632,0.0266,0.5598,0.1733,0.0874,0.96,13.9577,22.198,,2,4,7.3332,0.1724,1.4962,0.0528,0.3509
BFP443,Indian Recipes,Mint tomato chutney (Pudinay aur tamatar ki chutney),INDB,Cooked_Recipe,43.651,182.8482,1.5267,8.2235,0.3649,5.4833,2.6326,,,63.5247,55.6541,164.2547,0,47.5906,30.8718,32.5247,183.9813,268.7085,2.0646,0.2496,0.1242,1.5959,0,,6377.228,10.2492,0,0.2365,39.7575,0,0.0575,0.0482,0.5836,0.1953,0.0983,1.1252,26.1189,21.5324,,2,4,8.2593,0.2889,1.556,0.0691,0.4981
BFP444,Indian Recipes,Coriander chutney (Hare dhaniye ki chutney),INDB,Cooked_Recipe,42.8616,179.545,1.3761,8.1627,0.3715,5.4951,2.4701,,,77.1337,55.1031,160.0267,0,39.7952,30.7978,27.5938,186.641,269.6334,1.6339,0.2403,0.107,0.2297,0,,5731.7896,10.273,0,0.2365,54.2914,0,0.0667,0.0297,0.5823,0.2337,0.1009,1.3842,18.8533,22.4189,,2,4,8.1099,0.2604,1.5445,0.0703,0.4674
BFP445,Indian Recipes,Gooseberry chutney (Amla chutney),INDB,Cooked_Recipe,43.0156,179.9783,1.4355,8.8347,0.6197,0.0638,4.5826,,,76.9296,46.4286,326.6837,0,46.3977,34.8881,22.5792,215.0906,269.1178,1.2241,0.2237,0.1139,0.6321,0,,2238.9749,0.9147,0,0.3839,45.0268,0,0.0503,0.0376,0.4003,0.3348,0.1086,0.7097,13.9106,30.1847,,2,2,6.9008,0.2303,1.4173,0.0994,0.7352
BFP446,Indian Recipes,Walnut chutney (Akhrot ki chutney),INDB,Cooked_Recipe,370.4313,1550.6647,9.439,8.9057,33.4629,4.3989,3.0449,,,3241.7725,5954.9233,22748.3945,3.3276,119.5678,257.0311,100.0868,159.9981,351.46,1.7682,1.7218,0.7851,3.9585,8.4703,,137.2881,23.6417,0,2.1169,44.5938,0,0.2292,0.1478,0.5434,0.6018,0.4489,7.6953,37.3751,10.7457,,2,4,45.9196,1.1701,1.104,4.1481,0.3775
BFP447,Indian Recipes,Saunth/Sonth chutney with ginger,INDB,Cooked_Recipe,84.2151,354.0051,0.2805,20.6202,0.1058,19.0367,0.3126,,,14.7371,19.9694,22.8154,0,15.1683,9.8349,14.0119,222.5291,82.0184,0.6997,0.0817,0.0216,0.0051,0,,34.4499,0.0629,0,0.0059,0.3669,0,0.0061,0.004,0.0408,0.0273,0.0778,0.0603,1.5422,0.0119,,1,6,27.711,0.0923,6.7851,0.0348,0.1029
BFP448,Indian Recipes,Gun powder chutney,INDB,Cooked_Recipe,312.3384,1306.8553,21.553,47.6493,2.6719,1.1553,13.9505,,,373.8393,346.6728,1234.6698,0,68.8726,350.6155,166.8412,195.6738,1183.2915,5.1417,2.9617,0.6819,28.1745,0,,8394.7002,10.3459,0,0.2658,31.8845,0,0.2531,0.1561,2.1371,2.4597,0.234,0.8384,102.5432,0.1085,,1,8,43.4658,2.9994,6.631,0.3718,1.9414
BFP450,Indian Recipes,Dessicated coconut chutney (Sookhe kase nariyal ki chutney),INDB,Cooked_Recipe,346.3626,1447.1979,12.8844,36.7242,15.8795,10.4143,13.1598,,,7170.1206,1806.4189,3556.0447,0,73.5548,215.9241,101.6832,321.066,821.0187,5.4354,2.1488,0.6296,26.1109,0,,7432.1455,8.5268,0,2.3618,29.7955,0,0.2652,0.1581,1.7023,0.9091,0.1693,0.7499,98.8409,1.4055,,2,6,37.4736,1.394,3.9733,1.718,1.4238
BFP451,Indian Recipes,Curd mint dip,INDB,Cooked_Recipe,76.1327,320.887,4.8219,9.1108,2.4389,7.8286,0.7689,,,1487.0406,608.2229,157.235,8.3441,172.7918,136.8765,25.5766,222.7658,280.8051,0.8185,0.6104,0.0441,2.3816,21.2395,,1486.1174,0.476,0,0.0913,13.7781,0,0.0541,0.2235,0.2449,0.4254,0.1003,2.3875,23.735,9.9617,,2,2,25.0914,1.5892,3.0027,0.8038,0.2534
BFP452,Indian Recipes,Curd vegetable dip,INDB,Cooked_Recipe,56.2066,236.8137,3.882,6.0364,1.9432,5.4158,0.6253,,,1186.8058,484.3547,129.6528,6.5931,129.5822,111.8062,17.1785,132.4806,243.1866,0.3745,0.5053,0.0195,1.4235,16.7825,,776.4196,0.2993,0,0.0587,3.6238,0,0.0525,0.1721,0.2311,0.375,0.1045,1.9797,20.7804,16.2809,,2,3,15.6292,1.0794,1.6785,0.5404,0.1739
BFP453,Indian Recipes,Mayonnaise vegetable dip,INDB,Cooked_Recipe,241.2689,996.6906,3.0123,4.7972,23.4434,4.3941,0.4062,,,5037.793,12320.9385,4872.0264,29.9097,91.4168,80.6874,11.8598,119.5806,168.9505,0.2806,0.375,0.0127,0.9247,75.7281,,533.203,0.1944,0,5.3551,2.354,0,0.0365,0.155,0.1501,0.3043,0.0936,1.6131,16.4188,10.6927,,2,3,103.2792,1.2894,2.0535,10.0353,0.1739
BFP455,Indian Recipes,Tomato and cucumber sandwich (Tamatar aur kheere ka sandwich),INDB,Cooked_Recipe,150.678,633.3079,4.0298,20.5054,6.3106,1.7891,2.1032,,,3393.9961,1422.9551,271.2673,13.5238,76.753,54.6086,22.0824,222.2152,168.2381,1.1536,0.4283,0.0946,3.5698,60.8254,,2694.3667,3.2204,0,0.2134,21.7871,0,0.1047,0.0531,0.812,0.1287,0.0679,1.0122,21.9226,9.0404,,2,1,118.6589,3.1734,16.148,4.9696,1.6562
BFP456,Indian Recipes,Tomato sandwich (grilled),INDB,Cooked_Recipe,189.9244,796.4626,6.2554,21.2855,9.3876,2.5846,1.9096,,,5289.4204,2266.6279,366.3192,24.9511,150.8958,147.2093,19.2571,420.6013,156.873,0.88,0.7042,0.0801,3.5606,97.5896,,2421.925,4.7801,0,0.3181,14.871,0,0.1121,0.0739,0.8452,0.1554,0.0711,1.3556,21.9514,11.6104,,2,1,145.767,4.801,16.3366,7.205,1.4656
BFP457,Indian Recipes,French sandwich (toasted),INDB,Cooked_Recipe,186.7494,780.5868,6.8195,14.8184,11.5063,1.8181,1.3663,,,6209.1958,3085.7583,618.9205,104.86,100.7292,119.6627,18.8223,274.6752,153.542,1.2398,0.7084,0.0853,11.8753,142.262,,1965.6539,2.2166,0.1881,0.6121,15.422,3.2721,0.0903,0.101,0.5779,0.4323,0.0848,4.9472,26.1967,5.9656,,2,1,208.459,7.6122,16.541,12.8439,1.5252
BFP458,Indian Recipes,Peanut butter cucumber sandwich,INDB,Cooked_Recipe,243.3298,1022.4434,9.0434,29.7593,10.5593,2.9149,3.3502,,,2330.5439,3606.4895,3066.4062,0,95.3548,119.5538,50.4018,460.0896,249.543,1.3208,0.9697,0.2139,4.39,0,,46.4253,0.3421,0,0.952,2.2262,0,0.1557,0.057,3.2262,0.4045,0.1593,17.7792,29.9113,1.6588,,2,1,134.4397,4.9965,16.442,5.834,1.851
BFP459,Indian Recipes,Mint and peanut sandwich,INDB,Cooked_Recipe,273.5881,1149.3389,7.1771,31.828,13.8836,2.7827,3.6737,,,7170.3018,3192.064,965.8013,21.6971,114.9915,93.6146,34.022,453.3015,198.9097,1.698,0.7045,0.1829,4.9232,97.5858,,2097.6011,0.7627,0,0.648,16.5237,0,0.1733,0.0738,1.6538,0.1282,0.0864,0.473,31.8195,3.5721,,2,1,134.2907,3.5229,15.6228,6.8148,1.8032
BFP460,Indian Recipes,Spicy chutney sandwich,INDB,Cooked_Recipe,249.5819,1050.8038,8.7417,34.0267,9.5812,3.9575,3.732,,,1427.7164,1784.8702,4791.7305,2.8614,154.5314,127.8724,34.2489,315.3991,256.0401,1.51,0.7839,0.1382,5.7728,7.2834,,3331.6545,2.9288,0,3.7569,14.1823,0,0.1901,0.1491,1.2896,0.2901,0.126,1.4819,41.109,0.3649,,2,1,143.9214,5.0409,19.6215,5.525,2.152
BFP461,Indian Recipes,Chicken walnut sandwich (Chicken aur akhrot ke sandwich),INDB,Cooked_Recipe,285.778,1196.2289,12.5843,22.6151,16.7658,1.7727,1.5314,,,1254.3865,7422.6753,3975.801,31.681,78.4465,118.8161,21.7411,287.3949,185.9531,1.1164,0.6829,0.1996,10.2844,14.3189,,10.6154,0.9652,0.5178,3.544,2.2349,10.4315,0.1443,0.0716,3.7642,0.4709,0.2599,1.9052,19.4958,0,,2,1,190.3996,8.3843,15.0673,11.1702,1.0203
BFP463,Indian Recipes,Rolled sandwich,INDB,Cooked_Recipe,293.0658,1229.1364,6.4534,34.687,15.285,2.702,2.0652,,,8540.3408,3627.3396,611.0455,35.25,117.6818,76.2173,17.7995,321.57,144.4318,1.2298,0.5634,0.1055,5.1418,155.9545,,391.6818,0.1261,0,0.5573,8.4955,0,0.1693,0.0639,1.2627,0.0425,0.0711,0.5016,25.4773,4.1136,,2,2,64.4745,1.4197,7.6311,3.3627,0.4543
BFP466,Indian Recipes,Ribbon sandwich,INDB,Cooked_Recipe,239.2641,1001.3528,6.2632,24.7601,13.3712,4.6556,2.9243,,,7886.9736,3336.3264,606.7056,34.8538,157.8499,156.2943,23.809,382.1122,152.5653,1.0482,0.8281,0.0981,3.2049,143.6257,,111.7846,0.1115,0,0.4358,2.0877,0,0.1247,0.0791,1.0777,0.2222,0.1029,1.6939,24.4316,10.6345,,3,2,102.2854,2.6775,10.5849,5.7162,1.2501
BFP467,Indian Recipes,Checker board sandwich,INDB,Cooked_Recipe,348.3658,1451.8959,7.3671,25.9401,24.6503,2.8954,2.2223,,,14933.6445,6379.5312,964.3851,64.4168,188.0181,185.8528,23.7962,358.2482,140.333,1.1113,0.9524,0.0903,3.6968,264.5074,,161.6738,0.0582,0,0.6167,1.9456,0,0.1306,0.108,1.2114,0.2462,0.0808,1.8108,23.1526,0.1359,,3,2,128.1696,2.7105,9.5438,9.0692,0.8176
BFP468,Indian Recipes,Submarine sandwich,INDB,Cooked_Recipe,216.9176,899.7839,6.0887,13.6041,15.321,2.4991,1.2412,,,2629.9895,7975.4214,3343.3806,62.4617,72.349,95.1528,13.1922,254.2839,130.9781,1.2308,0.4754,0.0399,6.316,58.3408,,1703.7826,1.4283,0.108,3.6788,16.1835,1.8791,0.0273,0.075,0.1612,0.3481,0.0722,3.7946,18.6934,11.0273,,1,2,421.6335,11.8349,26.4429,29.7802,2.4125
BFP470,Indian Recipes,Cheese open sandwich,INDB,Cooked_Recipe,274.0681,1149.1819,9.84,28.4191,14.2427,3.2382,1.7445,,,4429.6362,5872.02,2057.0908,28.3818,256.2464,266.2818,23.2927,504.4118,147.3636,1.2173,1.1464,0.0891,5.6873,80.7273,,710.6364,0.0091,0,2.2036,8.7164,0,0.1409,0.1236,0.9155,0.1873,0.0727,1.7864,23.5173,1.0827,,2,1,150.7375,5.412,15.6305,7.8335,0.9595
BFP471,Indian Recipes,Sunset and sunrise open sandwich,INDB,Cooked_Recipe,241.3109,1008.852,8.5807,18.8941,15.1369,1.9453,1.3892,,,2538.9426,7632.8242,3131.0876,123.4864,114.0695,141.034,16.085,381.2864,132.145,1.2757,0.829,0.0846,15.2178,86.7372,,836.5287,1.5743,0.2538,3.5576,7.4193,4.4139,0.1088,0.1154,0.6879,0.5258,0.103,6.2492,31.8528,4.661,,2,1,199.6848,7.1005,15.6348,12.5258,1.1496
BFP472,Indian Recipes,Danish luncheon sandwich,INDB,Cooked_Recipe,193.8193,812.5905,9.0273,17.7677,10.0952,1.1325,1.5197,,,4606.3218,3020.3442,772.3757,124.3994,77.1329,111.8354,17.987,365.633,164.3864,1.2726,0.792,0.0908,15.2454,112.7641,,186.3126,0.3574,0.2431,0.5854,6.0753,4.2287,0.1726,0.0992,1.3033,0.6255,0.1373,6.1782,29.9632,2.7166,,2,1,167.4114,7.7973,15.3468,8.7198,1.3126
BFP473,Indian Recipes,Chicken and corn open sandwich,INDB,Cooked_Recipe,188.1591,789.4088,8.6296,19.2116,8.834,2.4769,1.6737,,,3875.2114,1256.741,257.5589,31.7762,65.1266,74.0321,14.4794,226.7218,143.0023,0.8034,0.4131,0.112,6.2983,46.597,,86.4567,0.2336,0.3183,0.2208,1.8708,6.4129,0.0899,0.0386,2.3858,0.3367,0.1544,1.3889,13.0664,1.9529,,2,1,203.9174,9.3523,20.8205,9.5738,1.8139
BFP476,Indian Recipes,Chocolate sponge cake,INDB,Cooked_Recipe,239.8575,1011.327,9.1349,39.5422,5.5093,24.9962,0.5232,,,2027.2606,2000.6427,639.4503,173.4597,33.9858,140.0758,36.2114,61.472,167.8578,1.8148,1.101,0.2624,19.1659,93.8389,,117.0616,1.2758,0.3981,0.7573,0.2607,6.9242,0.0645,0.1047,0.2807,0.8333,0.0944,8.7545,28.2559,0,,1,3,168.6997,6.4249,27.8113,3.8749,0.368
BFP478,Indian Recipes,Chocolate swiss roll,INDB,Cooked_Recipe,306.0789,1275.4196,6.0091,26.9726,19.7558,18.8274,0.2913,,,11557.3936,5977.9302,829.6147,138.285,42.7889,105.0501,24.8828,44.5293,135.6359,1.0816,0.7285,0.1659,10.7757,210.5541,,163.3245,0.7103,0.2216,0.9821,0.2058,3.8549,0.0449,0.1272,0.1668,0.5589,0.0692,5.5071,18.8179,0.3958,,2,4,145.0049,2.8468,12.7782,9.3593,0.138
BFP479,Indian Recipes,Lemon curd filling,INDB,Cooked_Recipe,225.624,945.725,3.4325,26.405,12.5775,26.13,0,,,7258.25,3484,649.25,118.125,16.385,50.125,3.7025,34.9,47.375,0.6025,0.3525,0.0312,10.185,169.25,,110.05,0,0.21,0.6087,0.925,3.6525,0.0172,0.057,0.035,0.3828,0.0437,4.585,12.855,2.55,,8,1,56.406,0.8581,6.6013,3.1444,0
BFP480,Indian Recipes,Jam filling,INDB,Cooked_Recipe,184.6154,772.4307,0,46.1538,0,41.5385,0,,,0,0,0,0,0,0,0,0,0,0,0,0,0,0,,0,0,0,0,0,0,0,0,0,0,0,0,0,0,,4,1,30,0,7.5,0,0
BFP482,Indian Recipes,Chocolate pastry,INDB,Cooked_Recipe,243.3696,1022.015,7.0531,32.2363,10.1228,22.338,0.3169,,,5492.355,3091.1365,610.6968,121.0347,50.6976,126.8394,38.7772,46.5435,175.3335,1.4381,0.9544,0.272,11.7245,140.8147,,120.8432,0.7728,0.2412,0.6506,0.2584,4.1943,0.0525,0.1211,0.2493,0.5995,0.0683,6.193,19.7686,0.2871,,1,4,211.9324,6.142,28.0722,8.8152,0.276
BFP483,Indian Recipes,Assorted pastry,INDB,Cooked_Recipe,230.7379,968.8062,6.776,31.9851,8.9098,19.6991,0.4295,,,4717.0435,2669.0068,607.942,131.018,47.1991,99.5487,11.0545,49.9888,100.5755,0.9414,0.6322,0.0581,12.5852,152.18,,136.6922,1.0472,0.2614,0.624,0.1556,4.5467,0.0513,0.1276,0.1852,0.6629,0.0716,6.638,19.4333,0.3112,,1,4,185.3576,5.4433,25.6944,7.1575,0.345
BFP484,Indian Recipes,Orange gateau,INDB,Cooked_Recipe,178.0481,748.2232,4.7794,27.0124,6.0216,18.33,0.6788,,,3176.9426,1797.2847,423.9235,87.9144,41.6855,103.7666,10.7745,80.4107,117.5074,0.8858,0.4521,0.049,8.5023,102.1143,,296.0585,0.8056,0.1754,0.4308,0.8614,3.0509,0.0558,0.0917,0.209,0.5054,0.0601,5.3262,18.9427,13.1441,,1,6,142.1047,3.8146,21.5593,4.806,0.5418
BFP485,Indian Recipes,Black forest gateau,INDB,Cooked_Recipe,217.8174,915.4793,5.9387,30.568,8.5802,21.9738,0.2807,,,4605.1924,2592.1821,530.6294,107.2092,46.7934,127.6592,26.0263,79.3722,138.5397,1.086,0.7175,0.1615,10.3853,124.7298,,146.2174,0.6846,0.2136,0.5625,0.1983,3.7152,0.0459,0.1147,0.236,0.5704,0.0603,5.4856,16.7502,218.9447,,1,6,142.7611,3.8923,20.0347,5.6236,0.184
BFP489,Indian Recipes,Lemon cake,INDB,Cooked_Recipe,373.8514,1560.3258,5.2857,43.1004,20.6273,25.8402,0.6221,,,12385.4521,5440.9683,976.0656,123.0123,32.7652,155.4176,10.6535,151.2945,80.6004,0.9094,0.5338,0.0689,8.3176,256.5164,,230.983,1.541,0.1721,0.7414,2.0041,2.9939,0.0495,0.0692,0.2053,0.4859,0.0542,4.0316,14.7488,4.0057,,1,4,228.0494,3.2242,26.2913,12.5826,0.3795
BFP491,Indian Recipes,Dundee cake,INDB,Cooked_Recipe,396.616,1656.1616,7.7811,41.4003,22.698,21.3002,1.8123,,,10257.8789,5307.8477,1159.9462,111.1249,58.1067,171.5545,19.4216,182.7378,169.7945,1.5696,0.6319,0.0952,8.5527,199.7928,,200.4471,1.6244,0.174,1.3491,1.8831,3.0267,0.0527,0.0773,0.3069,0.5135,0.056,4.1042,15.2856,0.1181,,1,4,239.3082,4.6949,24.9799,13.6954,1.0935
BFP492,Indian Recipes,Victorian sandwich cake,INDB,Cooked_Recipe,373.0884,1557.3119,5.1801,44.739,19.8343,28.1832,0.5918,,,11925.4395,5244.0356,913.002,117.0175,36.2456,152.6214,9.9226,145.2811,74.1579,0.8581,0.5195,0.0655,7.9386,244.0156,,226.2768,1.4431,0.1637,0.7146,1.8012,2.848,0.0456,0.0713,0.1912,0.4715,0.0507,3.8386,13.5096,0.1175,,1,4,239.2429,3.3217,28.6889,12.7188,0.3795
BFP495,Indian Recipes,Chocolate eggless cake,INDB,Cooked_Recipe,312.006,1308.4025,6.6636,43.4459,13.1891,34.1985,0.3214,,,8211.5049,3590.4966,461.7875,35.4876,185.3843,228.0451,51.1233,196.6102,317.2904,0.9517,1.1057,0.248,1.7467,147.7147,,127.6274,0.7837,0,0.3176,1.0597,0,0.0792,0.2847,0.3646,0.5832,0.0542,2.3557,12.8384,2.329,,1,3,357.2469,7.6299,49.7455,15.1015,0.368
BFP496,Indian Recipes,Orange eggless cake,INDB,Cooked_Recipe,355.6209,1491.2815,7.1566,52.6452,13.8205,37.8686,0.5566,,,8627.2705,3665.0029,515.8992,40.9748,205.837,221.6387,26.1266,226.277,277.8193,0.5166,0.8716,0.0353,2.0168,170.5546,,163.7479,1.3573,0,0.3303,1.1899,0,0.0921,0.3287,0.3603,0.7262,0.064,2.7758,13.8319,3.4958,,1,3,352.6574,7.097,52.2065,13.7053,0.552
BFP498,Indian Recipes,Chocolate glace icing,INDB,Cooked_Recipe,436.2924,1832.752,3.2173,62.4345,20.7964,59.8809,0,,,13019.4258,5570.8618,691.4256,44.4909,26.7467,115.7285,87.436,8.658,264.1566,2.043,1.2325,0.6833,0,200.1044,,133.6815,0,0,0.5001,1.7963,0,0.0269,0.0256,0.2885,0.0108,0.012,0.0418,6.3499,0,,4,1,104.4375,0.7702,14.9452,4.9781,0
BFP499,Indian Recipes,Butter icing,INDB,Cooked_Recipe,500.716,2099.6914,0.1859,71.637,25.3711,71.637,0,,,16077.2842,6453.8271,873.5062,65.7407,12.4815,7.8519,2.1235,5.9753,13.5556,0.1373,0.1001,0.0855,0,295.679,,187.6543,0,0,0.571,2.284,0,0.0001,0.0228,0.0052,0.0159,0.0003,0.0617,0,0,,5,1,81.116,0.0301,11.6052,4.1101,0
BFP500,Indian Recipes,Chocolate butter icing,INDB,Cooked_Recipe,469.5876,1967.9485,3.2068,61.7175,24.7656,59.8206,0,,,15536.7012,6576.9072,828.3917,54.8969,31.866,115.4227,87.5464,4.9897,258.7423,1.8466,1.2218,0.7147,0,246.9072,,163.299,0,0,0.589,2.1546,0,0.0265,0.0289,0.2848,0.0132,0.0118,0.0515,6.268,0,,5,1,91.1,0.6221,11.9732,4.8045,0
BFP502,Indian Recipes,Almond biscuit (Badam ke biscuit),INDB,Cooked_Recipe,407.739,1702.0437,6.2452,52.1416,19.7048,22.1946,1.5011,,,11115.9707,5751.4756,1207.3082,73.7887,44.0525,180.9657,23.8817,151.7571,108.0343,1.1147,0.657,0.1206,3.5726,210.0606,,256.9129,2.765,0.0707,1.3012,2.1464,1.229,0.0721,0.0694,0.4354,0.469,0.0511,2.0129,12.2626,0.1572,,2,2,75.7375,1.1601,9.6853,3.6602,0.2788
BFP505,Indian Recipes,Orange biscuit,INDB,Cooked_Recipe,354.7798,1488.9409,3.6272,62.1118,11.013,42.6303,0.752,,,6686.7236,2844.4941,517.3889,51.5107,20.3455,103.0448,9.638,259.1441,62.4624,0.7727,0.3702,0.0666,2.784,132.3421,,186.9979,1.6864,0.0576,0.3474,1.2965,1.0022,0.045,0.0376,0.2131,0.296,0.0329,1.5709,8.4333,2.2419,,1,2,214.6418,2.1944,37.5776,6.6629,0.455
BFP506,Indian Recipes,Gingerman biscuit,INDB,Cooked_Recipe,357.4269,1495.8328,6.2561,55.2446,12.7299,21.6421,1.9966,,,7015.9761,3359.647,814.9502,70.4249,41.3491,177.7253,20.4436,918.5731,119.452,1.5875,0.6866,0.113,4.9664,126.8908,,369.7056,3.5537,0.0981,0.8832,3.3186,1.706,0.0753,0.0549,0.42,0.506,0.0662,2.533,13.8064,10.2611,,1,2,127.0295,2.2234,19.6339,4.5242,0.7096
BFP507,Indian Recipes,Coffee drops,INDB,Cooked_Recipe,443.0707,1850.7623,7.5697,43.0561,27.1636,18.2679,1.8758,,,10039.6133,6128.6694,9079.0986,94.2314,57.0882,213.0161,48.5986,88.1718,196.9132,1.4792,1.0134,0.3606,4.2934,182.4379,,239.6855,10.7209,0.1824,1.2633,17.2772,2.5337,0.1316,0.0753,0.7139,0.5844,0.1944,7.2146,23.0503,0.2129,,4,2,52.2962,0.8935,5.082,3.2062,0.2214
BFP508,Indian Recipes,Christmas biscuit,INDB,Cooked_Recipe,406.0701,1697.5022,5.6669,60.972,15.8827,26.0133,2.1726,,,9684.4316,4055.2637,753.965,64.5383,29.0682,158.3404,16.4585,127.3622,98.7646,1.1978,0.6863,0.1334,2.561,186.4574,,246.9765,3.4255,0.0785,0.4489,1.8467,1.0897,0.092,0.0431,0.4319,0.4274,0.0492,1.8737,11.6874,0,,2,2,84.1073,1.1738,12.6288,3.2897,0.45
BFP509,Indian Recipes,Christmas wreath biscuit,INDB,Cooked_Recipe,386.0463,1613.8082,5.4303,58.0669,15.0089,24.893,2.2806,,,9137.9834,3841.646,713.2761,60.8651,29.7086,153.8133,16.47,120.1959,109.2504,1.2071,0.6592,0.1303,2.5012,175.8452,,258.7023,3.4018,0.074,0.4489,3.3079,1.0277,0.0884,0.0423,0.4272,0.419,0.0516,1.9043,11.5048,10.3586,,2,2,84.7854,1.1926,12.7529,3.2963,0.5009
BFP510,Indian Recipes,Christmas bell biscuit,INDB,Cooked_Recipe,404.8484,1692.3954,5.6619,60.7886,15.8385,25.9416,2.3258,,,9656.3506,4043.8159,751.9073,64.3442,31.9952,158.0565,16.5895,127.0091,99.7641,1.2193,0.6897,0.134,2.5623,185.8965,,246.7659,3.4152,0.0782,0.4475,1.935,1.0864,0.0918,0.0431,0.4345,0.4272,0.0496,1.8681,11.6703,0.012,,2,2,84.1073,1.1762,12.6288,3.2904,0.4832
BFP511,Indian Recipes,Christmas star biscuit,INDB,Cooked_Recipe,392.0292,1652.3759,3.5396,74.5427,10.0364,53.0518,1.475,,,5487.478,3034.9705,687.1804,35.9825,22.7544,97.8768,15.7779,76.0865,74.7285,0.9645,0.4931,0.1168,1.5007,103.9569,,138.0682,1.9423,0.0437,0.7723,1.1992,0.6075,0.0544,0.0299,0.3185,0.2533,0.0294,1.0929,7.2522,0.0149,,2,2,145.6388,1.315,27.6926,3.7285,0.548
BFP512,Indian Recipes,Christmas tree biscuit,INDB,Cooked_Recipe,385.6335,1612.1007,5.4297,58.4124,14.9958,24.7701,2.6522,,,9135.46,3825.0837,716.1184,60.8651,35.0404,150.0114,16.3755,120.4549,102.2499,1.1752,0.6615,0.131,2.4551,175.8452,,239.8065,3.2305,0.074,0.4376,1.7416,1.0277,0.0902,0.0452,0.4301,0.4212,0.0562,1.7671,11.7621,7.3421,,2,2,84.6948,1.1925,12.8288,3.2934,0.5825
BFP513,Indian Recipes,Chocolate cream shells,INDB,Cooked_Recipe,427.1673,1786.5248,5.1032,59.2613,19.3377,34.7178,0.9005,,,11847.8008,5007.7847,845.0375,80.5612,28.5338,147.2811,20.2679,126.8407,97.1881,1.0834,0.5962,0.1449,3.7823,226.8929,,233.6161,2.1958,0.0786,0.571,1.9603,1.3665,0.0573,0.0546,0.2939,0.3837,0.0425,1.9387,10.5346,0,,2,2,98.1951,1.1731,13.6227,4.4453,0.207
BFP516,Indian Recipes,Jelly biscuit,INDB,Cooked_Recipe,404.6133,1695.1501,4.2291,55.2436,19.3307,29.7557,2.0188,,,11379.832,5122.3232,1318.3107,44.6702,36.4572,181.9553,29.4021,110.5717,118.082,1.1877,0.701,0.1205,0.6946,200.6283,,178.9878,0.9396,0,0.5333,1.6894,0,0.2431,0.0425,0.2866,0.2923,0.0855,4.2401,9.4611,0.1403,,2,2,72.4511,0.7573,9.8921,3.4614,0.3615
BFP517,Indian Recipes,Cherry and walnut cookies,INDB,Cooked_Recipe,422.6035,1772.2091,5.6253,59.3526,18.7506,30.3651,1.2963,,,8172.9282,4345.9062,4853.4966,60.1479,46.2654,157.1598,30.428,114.6164,125.239,1.3132,0.7052,0.2335,3.9173,152.4211,,186.5434,6.3063,0.0685,0.7912,9.3902,1.1915,0.0856,0.0548,0.3136,0.4118,0.1119,2.9186,14.1408,0,,3,2,74.2726,0.9886,10.4312,3.2954,0.2278
BFP518,Indian Recipes,Cheese straws,INDB,Cooked_Recipe,382.0014,1586.2777,9.8325,30.6082,24.2843,1.7862,1.2876,,,14097.7568,6666.2754,1285.0031,201.9316,160.6411,363.7493,21.1894,587.4168,123.9128,1.2886,1.1258,0.0933,7.9352,310.8042,,288.2098,2.7823,0.435,0.8916,3.2457,6.0417,0.0851,0.1075,0.4166,0.7802,0.0853,10.1045,24.3639,0,,4,2,36.8536,0.9486,2.9529,2.3428,0.1242
BFP519,Indian Recipes,Butterfly biscuit,INDB,Cooked_Recipe,341.447,1418.1819,9.9761,25.3318,22.1142,2.4363,1.0226,,,12948.4971,6071.6519,1120.1537,169.12,202.4931,377.8531,20.4589,572.046,128.5613,1.0903,1.1956,0.0772,6.9144,274.6231,,259.2512,2.2097,0.3455,0.7874,2.7423,4.7983,0.0768,0.1224,0.3494,0.7164,0.079,8.805,21.6166,0.2068,,4,2,41.4773,1.2118,3.0772,2.6863,0.1242
BFP521,Indian Recipes,Flan pastry,INDB,Cooked_Recipe,445.7974,1851.2727,6.7231,47.8392,25.0427,6.2239,1.5847,,,15339.0723,6417.3242,1133.3206,102.3349,21.8469,90.8278,19.1587,193.2318,97.9091,1.1486,0.602,0.1104,1.969,295.6555,,338.7943,3.8641,0.1244,0.6735,2.6986,1.7278,0.0903,0.0607,0.4685,0.5342,0.057,2.8869,13.6172,0,,1,2,232.9292,3.5128,24.996,13.0848,0.828
BFP522,Indian Recipes,Fruit flan,INDB,Cooked_Recipe,261.3523,1087.8044,3.299,34.7134,12.4832,9.517,0.7119,,,7674.3491,3209.9856,550.5406,49.5175,19.2767,49.5201,11.2556,110.0359,73.835,0.613,0.3137,0.0509,0.8845,151.5787,,163.0908,1.7358,0.0559,0.3329,1.2123,0.7762,0.046,0.0429,0.2599,0.2705,0.0353,1.5204,7.3047,0.7093,,0.5,2,1215.9417,15.3487,161.504,58.0779,3.312
BFP523,Indian Recipes,Orange cream flan,INDB,Cooked_Recipe,280.2834,1173.3477,4.7347,36.1619,13.5854,25.2696,0.6345,,,7843.5942,3719.9133,727.8661,119.5472,27.9037,99.4847,9.7724,82.4075,97.9484,0.9333,0.4722,0.0641,10.0544,179.3641,,317.4007,0.8356,0.2078,0.6411,1.7524,3.615,0.0498,0.0683,0.184,0.5014,0.0586,5.3354,18.9977,10.8346,,0.25,4,1132.7653,19.1353,146.1482,54.9053,2.5642
BFP527,Indian Recipes,Fruit puree tart,INDB,Cooked_Recipe,286.5021,1190.1654,3.3468,30.4166,16.8273,9.7887,1.3058,,,10474.5742,4419.5869,674.3083,42.8668,19.6434,44.9402,12.8919,49.6497,94.0591,0.6324,0.3248,0.0852,0.1417,182.9253,,415.8827,2.1881,0,0.4945,2.2763,0,0.0589,0.0555,0.3172,0.2804,0.0618,0.6671,10.8779,4.6661,,2,2,159.4026,1.8621,16.923,9.3623,0.7265
BFP529,Indian Recipes,Apple banana pie,INDB,Cooked_Recipe,243.9886,1017.1749,3.1279,32.1159,11.3936,12.9647,1.8883,,,6224.8789,3027.5588,1226.7343,24.6572,21.2298,44.4184,21.5159,384.4259,144.2823,0.7901,0.3475,0.1056,0.2559,110.8996,,228.4271,2.5818,0,0.6221,3.5547,0,0.0512,0.0345,0.3613,0.2617,0.1067,0.6527,8.2263,2.2853,,0.5,2,948.4567,12.1592,124.844,44.2903,7.3404
BFP531,Indian Recipes,Lemon chiffon pie,INDB,Cooked_Recipe,259.312,1079.9907,4.8784,27.6345,14.5155,11.3862,0.6575,,,8854.2461,3813.592,648.3769,70.2985,34.4287,63.1756,10.8619,94.9463,78.6007,0.6129,0.4062,0.0591,3.9067,190.8582,,183.8806,1.5869,0.0784,0.4655,1.156,1.3629,0.048,0.0822,0.2114,0.3787,0.0417,2.509,9.6459,1.3399,,0.25,4,1389.9126,26.148,148.121,77.803,3.524
BFP532,Indian Recipes,Orange chiffon pie,INDB,Cooked_Recipe,207.5692,864.8139,3.8876,23.1368,11.1581,10.4559,0.6958,,,6798.9897,2928.8381,504.6859,53.9442,30.34,52.113,11.0251,73.2287,100.8697,0.6249,0.3155,0.0498,3.009,146.4567,,258.919,1.2188,0.0601,0.3939,1.2563,1.0458,0.0545,0.0678,0.2237,0.3436,0.0418,2.5048,13.0629,12.1512,,0.25,4,1449.8708,27.1548,161.6107,77.9392,4.86
BFP534,Indian Recipes,Cream buns,INDB,Cooked_Recipe,215.7406,895.952,4.4512,14.1622,15.8091,5.9511,0.3107,,,9563.4688,4255.8169,695.3921,93.9287,45.266,72.1754,8.4721,45.4891,79.5396,0.498,0.4104,0.0334,6.0841,220.818,,169.2908,0.7576,0.1261,0.5715,0.779,2.1929,0.0371,0.1117,0.1404,0.4194,0.0444,3.8594,11.1385,0.3904,,2,2,179.6714,3.707,11.7944,13.166,0.2587
BFP535,Indian Recipes,Savoury puffs,INDB,Cooked_Recipe,190.7851,793.4345,9.5109,10.8006,15.2428,4.5087,0.3321,,,7148.1953,3263.0015,558.5809,70.7299,68.8311,122.7478,17.4255,2274.2415,180.9539,1.1929,0.6322,0.0918,7.2235,148.0036,,175.3839,0.5976,0.3252,0.465,1.7574,6.3424,0.0492,0.1004,1.5704,0.536,0.1319,3.4851,10.8654,1.0787,,2,2,263.9989,13.1607,14.9453,21.0922,0.4596
BFP536,Indian Recipes,Choux swans,INDB,Cooked_Recipe,216.3355,898.8329,4.3536,14.9235,15.6037,6.129,0.3499,,,9445.2109,4201.23,684.336,92.2064,44.6726,70.9919,8.6778,145.0836,81.04,0.5093,0.4029,0.0341,5.9242,219.1307,,169.6472,0.7724,0.1227,0.565,1.0796,2.1339,0.0365,0.1102,0.141,0.4108,0.0441,3.7957,10.9085,2.4917,,1,2,370.2906,7.4519,25.5438,26.7081,0.5989
BFP539,Indian Recipes,Potato aigrettes,INDB,Cooked_Recipe,530.0275,2182.9492,2.3512,8.0058,54.2389,0.7327,0.4483,,,9254.6279,11523.5225,30912.2109,49.7031,9.1962,33.711,6.9423,112.4537,93.8143,0.4492,0.2321,0.0384,4.1733,77.7856,,98.0463,0.5568,0.0845,24.0562,3.9944,1.4706,0.0247,0.0292,0.1957,0.2515,0.0345,2.0584,8.0864,2.7962,,6,2,219.4093,0.9733,3.3141,22.4526,0.1856
BFP541,Indian Recipes,Cream horns,INDB,Cooked_Recipe,408.2275,1687.8132,3.4228,23.117,33.5503,7.1223,0.5993,,,20431.0859,9293.5371,1323.0402,93.0814,30.9346,53.5646,9.6137,57.1118,72.9653,0.4416,0.3083,0.0403,0.8782,325.7503,,468.2128,1.4615,0.0182,1.5425,0.2172,0.3173,0.0426,0.091,0.1696,0.2838,0.0382,1.1301,7.64,0.4343,,1,2,469.9719,3.9405,26.6135,38.6247,0.69
BFP542,Indian Recipes,Savoury cheese horns,INDB,Cooked_Recipe,295.1475,1224.1014,5.6606,21.3776,20.705,2.7443,0.7295,,,12370.1064,5455.6909,998.1195,50.6291,121.8275,148.1873,14.2756,212.2847,105.2773,0.6253,0.6468,0.0547,1.1048,184.2796,,575.3901,1.6465,0,1.1215,6.407,0,0.0554,0.0833,0.2212,0.3566,0.0441,1.7233,11.5146,3.1242,,1,3,218.1632,4.1841,15.8016,15.3045,0.5392
BFP544,Indian Recipes,Paneer patties,INDB,Cooked_Recipe,338.5819,1403.853,7.5975,22.795,23.9556,4.0424,1.1757,,,13274.5049,6249.0908,2328.5359,45.1892,129.9037,116.708,18.2871,158.4449,93.012,0.7878,0.9554,0.0857,5.8089,169.3675,,942.9637,2.7467,0,2.0863,3.3243,0,0.0505,0.0474,0.3167,0.3508,0.0519,5.7144,31.0442,3.2786,,1,2,340.9858,7.6515,22.9568,24.1257,1.184
BFP545,Indian Recipes,Vegetable patties,INDB,Cooked_Recipe,261.9207,1084.7554,4.0061,20.9786,17.7398,1.4931,2.6247,,,9655.9795,4517.9263,1975.6863,39.3311,18.9569,47.4242,20.6239,139.5176,180.6152,0.8654,0.4738,0.1057,0.4219,147.4116,,1829.4519,4.7279,0,1.8711,12.3057,0,0.095,0.0283,0.5777,0.3758,0.0875,1.3724,19.7443,12.0291,,1,2,303.0685,4.6355,24.2743,20.5267,3.037
BFP546,Indian Recipes,Pearl millet infant food (Bajra shishu aahaar),INDB,Cooked_Recipe,362.4435,1516.5,11.9825,62.096,6.624,26.0645,7.8385,,,1148.869,2155.521,2419.3799,0,118.516,278.409,143.55,12.668,602.95,5.667,2.2845,0.552,23.6955,0,,253.54,6.303,0,0.431,8.225,0,0.2285,0.1165,1.4825,0.6795,0.4015,0.8135,48.2795,0,,1,2,181.2218,5.9913,31.048,3.312,3.9193
BFP547,Indian Recipes,Sajina,INDB,Cooked_Recipe,345.2594,1444.6,10.811,66.869,3.033,25.891,7.619,,,507.669,537.171,1108.73,0,54.401,250.059,127.5,11.697,582.5,5.385,2.013,0.485,25.228,0,,275.847,3.376,0,0.178,3.085,0,0.207,0.127,0.804,0.655,0.386,0.624,40.797,0,,1,2,172.6297,5.4055,33.4345,1.5165,3.8095
BFP548,Indian Recipes,Cereal mix,INDB,Cooked_Recipe,120.8097,505.48,3.318,21.8384,2.0156,10.6824,2.0326,,,384.2244,798.9872,658.772,0,21.3974,61.5284,32.7704,9.2862,179.18,1.178,0.5282,0.1278,3.3312,0,,821.4608,0.5542,0,0.2132,1.808,0,0.0688,0.0234,0.8372,0.243,0.1366,0.3336,19.181,0.4976,,1,2,151.0121,4.1475,27.298,2.5195,2.5408
BFP549,Indian Recipes,Pulse mix,INDB,Cooked_Recipe,83.2915,348.5,3.1565,15.9952,0.5437,6.585,2.249,,,58.0928,81.3002,252.2325,0,14.9275,61.3397,28.7173,3.8755,151.35,1.2873,0.6115,0.1268,9.0443,0,,119.3367,1.2065,0,0.0408,0.3187,0,0.0693,0.0273,0.3647,0.2355,0.0908,0.1925,18.1712,0,,1,3,111.0553,4.2087,21.327,0.725,2.9987
BFP550,Indian Recipes,Shishu ahar,INDB,Cooked_Recipe,93.3652,391.7,2.612,17.415,1.4348,6.6135,1.0205,,,243.9763,514.5272,436.5625,0,13.784,41.5648,23.109,2.6777,82.425,1.0197,0.3332,0.0667,0.2853,0,,10.1027,0.2127,0,0.241,0.6085,0,0.0508,0.0163,0.5673,0.1425,0.0885,0.6298,13.0017,0,,1,3,124.4869,3.4827,23.22,1.913,1.3607
BFP552,Indian Recipes,Cereal pulse mix with amylase rice flour,INDB,Cooked_Recipe,151.571,637.0196,4.2675,27.8047,2.7424,8.8392,3.4651,,,331.6078,516.2353,1635.3726,0,12.6133,91.451,34.4314,1.029,96.8627,1.1886,0.7961,0.1437,12.8125,0,,69.3333,3.16,0,1.2255,1.1761,0,0.1341,0.0486,0.7067,0.302,0.0941,0.8376,22.0125,0,,1,3,128.8353,3.6273,23.634,2.331,2.9453
BFP553,Indian Recipes,Banana groundnut paste/puree,INDB,Cooked_Recipe,213.188,892,4.273,36.155,5.451,31.675,1.701,,,1680.269,2208.7148,1249.3301,0,74.931,96.682,65.75,16.848,357.4,1.898,0.597,0.158,0.626,0,,151.827,0.911,0,0.533,0.91,0,0.081,0.06,1.309,0.377,0.401,1.391,20.895,3.021,,1,1,213.188,4.273,36.155,5.451,1.701
BFP554,Indian Recipes,Rice dal porridge (Chawal dal ki khichdi/khichri),INDB,Cooked_Recipe,383.3321,1603.9,10.797,65.038,8.329,26.543,4.509,,,1734.269,3712.1499,2466.53,0,50.457,198.159,100.088,12.334,465.8,2.758,1.452,0.41,6.172,0,,102.767,1.766,0,0.927,1.93,0,0.229,0.063,3.464,0.659,0.366,0.685,35.605,0,,1,3,127.7774,3.599,21.6793,2.7763,1.503
BFP555,Indian Recipes,Lentils and semolina porridge (Dal suji porridge/daliya),INDB,Cooked_Recipe,117.2892,490.75,3.2615,23.191,1.0615,13.8385,1.4405,,,573.0215,254.577,91.765,0,44.7445,63.1915,30.445,9.637,188,1.219,0.471,0.111,3.79,0,,101.3235,0.992,0,0.0815,0.535,0,0.0585,0.0335,0.224,0.2615,0.135,0.5595,10.7395,0.402,,1,1,234.5785,6.523,46.382,2.123,2.881
BFP556,Indian Recipes,Spinach khichri (Palak khichri/khichdi),INDB,Cooked_Recipe,102.1795,426.4393,3.4286,17.3503,1.9087,0.2065,1.5602,,,257.3544,361.3506,1153.2446,0,10.4311,60.0742,23.2559,69.5923,170.8636,0.6453,0.4176,0.1372,4.5085,0,,695.1082,0.1879,0,0.9389,22.6755,0,0.0681,0.0266,0.5927,0.2459,0.0624,0.3812,18.7363,2.0153,,1,2,153.5247,5.1515,26.0688,2.8677,2.3442
BFP557,Indian Recipes,Vegetable mix,INDB,Cooked_Recipe,174.2092,729.4,4.7,36.018,0.94,27.362,1.935,,,463.252,177.234,165.23,2.2,90.055,114.208,68.984,34.938,527.2,2.271,0.651,0.161,5.795,5.6,,2006.2469,0.546,0,0.207,35.589,0,0.091,0.084,0.493,0.465,0.298,1.593,36.837,8.48,,1,1,174.2092,4.7,36.018,0.94,1.935
BFP558,Indian Recipes,Lentils and wheat porridge (Dal wheat porridge/daliya ),INDB,Cooked_Recipe,52.537,219.8179,2.7113,8.3648,0.9421,0.9175,1.2846,,,491.5125,216.0264,55.6828,0,26.2778,41.4511,10.6749,62.7912,94.8737,0.522,0.2046,0.0624,3.1125,0,,71.6006,0.1204,0,0.0523,0.4875,0,0.0258,0.0264,0.1222,0.1586,0.0182,0.3871,6.649,0.3542,,1,2,89.4442,4.616,14.241,1.604,2.187
BFP559,Indian Recipes,Maize porridge,INDB,Cooked_Recipe,89.5705,373.8088,2.1399,15.6416,1.8866,7.6866,1.6801,,,233.8006,373.1374,1107.6853,0,17.0232,46.7874,31.3522,5.5872,140.1765,1.1147,0.4263,0.0984,3.0735,0,,678.1903,3.0793,0,0.8421,19.5963,0,0.0571,0.0218,0.3384,0.1215,0.1094,0.3931,14.1063,1.7812,,1,2,152.2699,3.6377,26.5907,3.2072,2.8563
BFP560,Indian Recipes,Spinach peanut burfi (Palak aur mungfali ki burfi),INDB,Cooked_Recipe,105.3725,444.1667,3.3552,13.5906,4.3948,11.4979,2.0729,,,924.5833,1927.95,1329.5834,0,40.9542,54.4125,56.9667,19.5219,331.6667,1.6083,0.5333,0.1792,1.226,0,,3989.0417,0.8479,0,0.9833,135.6771,0,0.126,0.0542,1.3198,0.1969,0.0865,1.8927,68.6323,12.6167,,1,1,252.894,8.0525,32.6175,10.5475,4.975
BFP561,Indian Recipes,Split bengal gram burfi/fudge (Channa dal burfi),INDB,Cooked_Recipe,287.3585,1215.6327,4.6471,54.632,7.0929,43.3794,2.0612,,,3705.3469,1780.5592,857.8163,15.0612,16.4424,45.5073,13.651,2.5349,64.9592,0.6208,0.3486,0.1047,0.8163,56.449,,122.3467,0.008,0,0.8722,1.8571,0,0.0927,0.0349,0.3898,0.2555,0.0924,1.7535,39.6414,0.9829,,4,1,176.0071,2.8464,33.4621,4.3444,1.2625
BFP563,Indian Recipes,Chickpea flour cookies (Sweet besan rounds/cookies),INDB,Cooked_Recipe,207.0072,867.725,4.2925,39.642,3.4235,30.6645,2.56,,,1598.158,806.837,612.085,6.15,54.9475,69.8505,53.7325,22.2905,283.6,2.165,0.445,0.085,0.655,23.05,,2402.0964,0.5045,0,0.5915,5.9255,0,0.0915,0.0365,0.347,0.3415,0.3435,1.838,40,1.555,,4,2,51.7518,1.0731,9.9105,0.8559,0.64
BFP564,Indian Recipes,Pearl millet mathri (Bajra mathri),INDB,Cooked_Recipe,785.0778,3231.6538,1.8225,7.4221,83.1219,0.1594,1.3604,,,11245.8115,17198.6504,50996.4375,6.5545,4.6303,32.8568,12.8659,33.1715,42.3356,0.7199,0.2898,0.0638,2.6911,24.5662,,75.3139,0.4704,0,39.6182,5.6296,0,0.0388,0.0234,0.1475,0.0912,0.0405,0.389,10.7202,0,,1,2,1178.598,2.736,11.1425,124.7868,2.0422
BFP565,Indian Recipes,Sesame biscuit (Til ke biscuit),INDB,Cooked_Recipe,424.0337,1767.1776,8.2682,53.6493,19.3393,29.7266,6.8269,,,7901.5117,5889.7432,4005.8225,28.1948,298.0596,390.1822,151.0745,182.2585,373.5387,5.7284,2.553,0.4593,22.8619,105.6733,,328.2705,15.5656,0,0.9799,18.7393,0,0.2248,0.0711,1.6172,0.4607,0.4367,1.0556,37.5198,0,,3,2,61.6616,1.2023,7.8015,2.8123,0.9927
BFP566,Indian Recipes,Fermented bengal gram vada (Khameerikrit/Ufna hua channa dal ka vada),INDB,Cooked_Recipe,657.5726,2707.7393,4.0508,8.6816,67.1856,0.352,2.6516,,,8077.9697,13743.1211,42453.1484,0,20.4979,63.671,36.8824,63.8663,267.4743,1.3827,0.627,0.1549,6.5376,0,,1435.3704,0.9026,0,32.9781,50.2108,0,0.0699,0.0341,0.3573,0.4175,0.0577,0.7814,43.0272,4.3853,,2,2,592.6373,3.6508,7.8243,60.551,2.3898
BFP568,Indian Recipes,Poshtik namak paras,INDB,Cooked_Recipe,613.3907,2534.4146,6.4901,19.523,56.5768,0.8714,4.5544,,,9755.6787,12694.79,31364.7773,14.3023,60.7403,130.1744,61.001,44.0102,203.8391,2.035,1.1531,0.2375,11.8603,53.6047,,1098.6045,4.8645,0,23.9349,38.8043,0,0.1841,0.0642,1.4498,0.3828,0.138,1.5566,47.2153,2.9341,,20,2,79.1274,0.8372,2.5185,7.2984,0.5875
BFP569,Indian Recipes,Soya chikki,INDB,Cooked_Recipe,423.6982,1764.4518,7.1847,62.8877,15.514,45.4684,3.5495,,,8052.5264,3834.5449,1719.0299,32.711,81.2505,149.0857,102.9688,17.2412,534.7508,4.4741,1.2017,0.27,7.2385,122.5249,,399.6605,0.4824,0,1.105,2.0133,0,0.109,0.049,0.6681,0.5043,0.4385,1.5136,48.1196,0,,1,2,318.8329,5.4065,47.323,11.6743,2.671
BFP570,Indian Recipes,Besan bathua chilla/cheela,INDB,Cooked_Recipe,373.8164,1560.6639,11.4755,40.6473,18.5726,1.4473,7.7892,,,9987.0537,4651.7197,1968.9626,40.8299,64.7519,183.8299,70.4249,166.3618,274.8921,2.6768,1.6071,0.2659,19.1934,153.029,,989.8755,4.6257,0,1.927,40.6373,0,0.2988,0.1909,1.5071,0.7685,0.2606,3.2481,80.8282,6.81,,2,1,112.6122,3.457,12.245,5.595,2.3465
BFP571,Indian Recipes,Wheat flour and nuts ladoos (Atta nuts ladoos),INDB,Cooked_Recipe,391.9017,1633.2759,9.4617,44.3148,19.1924,15.9386,7.3041,,,7707.3843,6365.2534,3664.8103,25.4483,127.2855,249.1259,124.3793,8.0717,338.2069,4.0066,2.2314,0.441,24.2952,95.3793,,328.7852,10.9445,0,1.3876,8.2759,0,0.2841,0.0852,2.8214,0.5721,0.3003,0.8752,36.1421,0,,2,2,142.0643,3.4299,16.0641,6.9573,2.6477
BFP573,Indian Recipes,Gram flour and semolina dhokla (Besan suji dhokla),INDB,Cooked_Recipe,198.9102,834.6425,8.5163,25.9177,7.0955,2.5807,4.5864,,,1055.7524,1443.3348,4048.5894,1.3918,66.6638,156.5893,38.1725,196.5903,262.3964,1.6016,0.8801,0.1698,3.052,3.5429,,1451.5399,1.2901,0,3.3461,47.6609,0,0.1869,0.1001,0.7758,0.5496,0.1817,3.4191,77.0237,6.6327,,2,1,196.5034,8.4133,25.6041,7.0096,4.5309
BFP574,Indian Recipes,Atta dal burfi,INDB,Cooked_Recipe,298.7973,1250.2258,6.6626,40.6426,12.4723,21.0787,4.0774,,,6250.7095,3703.5935,1401.1613,23.8065,17.0697,140.0645,57.2903,3.5555,268.5807,1.5613,1.0974,0.3006,16.971,89.2258,,320.471,3.3219,0,0.9135,1.5226,0,0.1632,0.0523,1.4284,0.4503,0.0877,0.3348,23.4032,0,,2,2,115.784,2.5817,15.749,4.833,1.58
BFP575,Indian Recipes,Soya roti,INDB,Cooked_Recipe,283.9637,1183.7749,9.1831,40.0285,9.2281,1.5841,8.7086,,,1155.5629,1720.7166,5491.2915,0.0199,53.4185,241.6166,114.5119,155.9311,481.3212,3.8477,2.1066,0.4221,32.6781,0,,2758.7749,8.0735,0,4.043,89.4295,0,0.3187,0.1362,1.6642,0.6983,0.2222,2.4768,71.3497,8.0245,,3,1,142.9284,4.6222,20.1477,4.6448,4.3833
BFP576,Indian Recipes,Poshtik khichdi/khichri,INDB,Cooked_Recipe,93.3677,390.1748,3.0433,15.6378,1.8831,0.26,1.9951,,,306.8418,559.6723,872.5698,0,30.4068,52.5106,27.7263,41.6713,139.5254,1.0026,0.51,0.1175,4.6255,0,,1932.2474,1.6429,0,0.5116,26.8739,0,0.0566,0.0401,0.787,0.2192,0.0686,0.3433,18.1583,7.1531,,1,1.5,336.4348,10.966,56.3481,6.7853,7.1891
BFP577,Indian Recipes,Namkeen daliya,INDB,Cooked_Recipe,295.1106,1230.0959,8.2854,49.3186,7.9927,0.8185,8.5655,,,871.4217,1471.4821,4544.5293,0,35.9844,6.1272,4.3385,149.6327,51.524,2.9938,0.0563,0.0191,0.0249,0,,1279.7052,2.5734,0,3.5474,6.0961,0,0.0118,0.0066,0.1535,0.0613,0.0279,0.4178,5.3861,5.8632,,1,1.2,346.1402,9.7181,57.8467,9.3748,10.0467
BFP578,Indian Recipes,Sprouts upma,INDB,Cooked_Recipe,316.2457,1318.4966,9.5019,44.9554,10.4381,1.6711,7.1642,,,1497.3098,2822.2395,5520.6855,0,36.7846,112.9429,44.0969,147.8204,248.9755,2.7608,1.6573,0.3663,7.4837,0,,527.1906,7.343,0,3.8951,5.4159,0,0.2436,0.0481,1.6066,0.6025,0.1121,0.4168,27.9344,0.5058,,1,1.5,301.4876,9.0585,42.8575,9.9509,6.8299
BFP579,Indian Recipes,Semolina idli (Suji/Rava idli),INDB,Cooked_Recipe,206.3904,864.3935,9.3446,33.6711,3.4737,3.4165,5.846,,,1054.8662,1133.824,911.0232,3.481,100.8532,193.1924,53.7148,185.0152,413.8534,2.3383,1.5697,0.3126,9.5814,8.8608,,1831.943,3.6013,0,0.5061,55.6516,0,0.21,0.1362,1.197,0.6587,0.1267,1.8249,58.6367,5.4281,,4,2,61.1432,2.7683,9.9751,1.0291,1.7319
BFP580,Indian Recipes,Poshtik chilla/cheela,INDB,Cooked_Recipe,159.5341,665.9138,4.8477,27.4661,3.0402,1.2212,4.9086,,,383.5865,553.6954,1811.4427,0,18.1811,138.2267,55.6359,97.1772,150.7444,2.0967,1.2514,0.2094,22.0567,0,,276.0751,5.6377,0,1.2488,3.6226,0,0.1896,0.0711,1.0604,0.4148,0.1222,0.474,16.3062,0.8061,,3,1,115.3698,3.5057,19.8625,2.1986,3.5497
BFP604,Indian Recipes,Stuffed bittergourd (dry) (Bharwa karela),INDB,Cooked_Recipe,217.6479,896.1648,1.2869,2.4895,22.3842,0.0661,3.0002,,,2772.9004,4548.0669,14075.4072,0,16.7217,35.9774,28.1039,519.2879,284.181,1.2852,0.3469,0.0845,3.9665,0,,365.5245,1.468,0,10.9391,5,0,0.0464,0.031,0.2394,0.2118,0.0383,5.169,45.3325,41.0029,,1,1,230.9026,1.3653,2.6411,23.7474,3.1829
BFP605,Indian Recipes,Cauliflower potato canjee,INDB,Cooked_Recipe,16.7892,70.2477,0.5701,2.6339,0.3925,0.13,0.6853,,,33.6311,170.7998,110.5033,0,6.7755,16.2941,7.8116,35.5751,117.2662,0.2783,0.1019,0.024,0.717,0,,48.9917,0.3837,0,0.0224,1.5665,0,0.017,0.01,0.2224,0.1127,0.0287,0.418,6.8107,7.3492,,1,6,35.5791,1.2081,5.5817,0.8318,1.4523
BFP606,Indian Recipes,Creamed spinach,INDB,Cooked_Recipe,96.915,403.4272,5.1841,4.4424,6.3907,1.5902,1.3276,,,3508.1538,1762.6447,478.5887,59.597,122.3026,124.223,51.5279,156.0212,385.3627,1.89,0.6952,0.1094,6.9219,71.5267,,5045.605,0.326,0.1089,1.0034,169.026,1.8945,0.1056,0.1222,0.2303,0.4421,0.1145,5.3816,83.11,16.1228,,1,1,373.6945,19.9893,17.1295,24.6418,5.1189
BFP607,Indian Recipes,Mango milkshake with ice cream (Aam milkshake ice cream��ke��saath),INDB,Cooked_Recipe,68.3503,287.5441,1.9306,9.1806,2.7982,9.1059,0.23,,,1682.0883,752.4412,102.7059,1.2971,69.3553,56.2165,6.6159,16.6365,85.2353,0.1509,0.2065,0.0338,0.7718,4.0147,,275.3971,0.4365,0,0.171,0.5612,0,0.0238,0.0753,0.0818,0.2404,0.0371,1.3335,13.6394,4.9871,,1,2,232.391,6.564,31.214,9.514,0.782
BFP608,Indian Recipes,Pineapple milkshake with ice cream (Ananas milkshake ice cream��ke��saath),INDB,Cooked_Recipe,68.4909,288.1324,1.9282,9.3265,2.7524,9.1988,0.4159,,,1668.0989,740.3412,92.7953,1.2971,68.78,56.5094,6.5371,16.6471,85.1176,0.1238,0.2041,0.0303,0.5565,4.0147,,118.0218,0.0247,0,0.191,0.2824,0,0.0262,0.0741,0.0653,0.2416,0.0382,1.2688,6.1288,5.3871,,1,2,232.869,6.556,31.71,9.358,1.414
BFP609,Indian Recipes,Orange milkshake with ice cream (Narangi milkshake ice cream��ke��saath),INDB,Cooked_Recipe,67.8161,285.3088,1.9494,9.15,2.7488,8.9988,0.1606,,,1666.4541,738.9423,92.78,1.2971,69.7965,56.4318,6.3453,16.6518,87.5882,0.1862,0.1971,0.0256,0.5694,4.0147,,187.2794,0.04,0,0.1428,0.2941,0,0.0285,0.0729,0.0841,0.2499,0.0276,1.4841,6.2759,6.1341,,1,2,230.5746,6.628,31.11,9.346,0.546
OSR001,Indian Recipes,Woodapple juice (Bel ka sharbat),INDB,Cooked_Recipe,34.1769,144.5019,0.6292,6.5097,0.6989,5.7526,1.0298,,,170.9127,113.3672,278.0067,0,11.8493,16.6886,5.2302,127.4479,71.8577,0.1242,0.0697,0.0449,0.4789,0,,34.6565,5.4782,0,0.0158,1.6156,0,0.0087,0.0026,0.1107,0.0471,0.0352,0.3223,1.607,5.2269,,1,6,120.0748,2.2107,22.8706,2.4553,3.618
OSR002,Indian Recipes,Sattu drink,INDB,Cooked_Recipe,23.3774,98.9916,0.5648,5.1558,0.1392,3.9584,0.3971,,,12.292,22.9591,64.8936,0,1.5884,8.5554,3.1676,12.6464,25.2693,0.1668,0.0994,0.026,1.3359,0,,26.6808,0.0459,0,0.005,0.0393,0,0.0092,0.0039,0.049,0.0419,0.005,0.0212,4.77,0,,1,3,124.8744,3.017,27.5408,0.7434,2.121
OSR004,Indian Recipes,Apple and honey sorbet (Seb aur shehad ka sharbat),INDB,Cooked_Recipe,121.2971,515.0231,0.1534,30.7422,0.2886,29.1796,1.1305,,,71.8383,22.3177,127.709,0,9.1121,5.4068,4.2887,1.9729,56.4157,0.1772,0.0753,0.0456,0.2606,0,,100.1409,0.6373,0,0.0655,1.5932,0,0.0145,0.0053,0.1156,0.0448,0.0198,0.1484,1.6503,3.1287,,1,8,196.9561,0.249,49.9177,0.4686,1.8357
OSR005,Indian Recipes,Thandai,INDB,Cooked_Recipe,101.1769,424.552,3.5915,9.1328,5.8871,8.2072,0.7961,,,2265.0146,1979.5631,732.1627,0,112.3141,98.3789,25.5815,22.6906,140.9949,0.6032,0.4794,0.118,1.0608,0,,152.8847,0.5415,0,0.7561,1.3746,0,0.0463,0.0872,0.2265,0.2752,0.0412,1.5845,7.1752,1.4448,,1,6,256.4539,9.1034,23.1491,14.9221,2.0179
OSR006,Indian Recipes,Cucumber sharbat (Kheere ka sharbat),INDB,Cooked_Recipe,27.2839,115.7664,0.2591,6.635,0.0584,5.4635,0.781,,,23.4197,3.8577,24.792,0,6.4927,10.3942,7.5401,2.5657,67.0438,0.1781,0.0672,0.0207,0.062,0,,62.4088,0.4599,0,0.0073,2.9927,0,0.0073,0.0036,0.1277,0.1642,0.0219,1.0292,6.146,2.2299,,1,2,112.137,1.065,27.27,0.24,3.21
OSR007,Indian Recipes,Apple oats chia seed smoothie,INDB,Cooked_Recipe,85.6449,361.6099,3.4911,13.0703,2.4763,5.761,1.4442,,,924.6476,688.1693,691.8934,4.3159,88.8885,111.196,23.5469,32.0205,169.2538,0.4956,0.5668,0.0546,1.4255,10.9149,,44.8671,0.1858,0,0.097,0.5621,0,0.1433,0.114,0.2244,0.2767,0.0812,2.8253,11.3607,0.8573,,1,1,538.2782,21.9418,82.1471,15.5637,9.077
OSR008,Indian Recipes,Nannari sharbat,INDB,Cooked_Recipe,88.7898,378.565,0.0104,23.6239,0.0094,23.5847,0,,,3.157,0.4251,4.5112,0,2.6743,0.4472,0.609,1.1588,3.3453,0.05,0.0245,0.0272,0.0135,0,,0.825,0.0035,0,0.0005,0.0161,0,0.0008,0.0002,0.0022,0.0027,0.0009,0.0172,0.2057,0.8893,,1,1,990.0067,0.116,263.407,0.105,0
OSR009,Indian Recipes,Semolina milk drink (Thari kanji),INDB,Cooked_Recipe,44.1622,185.0907,0.9836,6.9253,1.3633,3.8821,0.723,,,406.4481,655.7121,194.4042,0.9337,8.2617,23.9828,11.5744,11.9478,84.5664,0.3629,0.2505,0.0853,0.7368,3.4994,,184.478,0.4051,0,0.0978,0.3312,0,0.0309,0.0155,0.1606,0.0936,0.0358,0.3017,4.5025,2.4956,,1,4,116.3542,2.5914,18.2461,3.5918,1.9049
OSR010,Indian Recipes,Saffron milk (Kesariya doodh),INDB,Cooked_Recipe,102.181,429.9308,3.1688,12.6435,4.569,12.5031,0.1442,,,2511.5005,1393.4894,240.7512,0,110.876,92.7221,10.5435,23.6914,114.6382,0.2056,0.3426,0.047,0.9382,0,,184.8629,0.0815,0,0.4563,0.1157,0,0.0314,0.1022,0.0993,0.317,0.0402,1.8656,6.8352,1.8404,,1,5,268.4705,8.3258,33.2195,12.0046,0.3788
OSR011,Indian Recipes,Black rice kheer (Chak-hao kheer),INDB,Cooked_Recipe,147.9368,621.5015,4.3661,22.9303,4.9051,12.5688,0.7645,,,2229.4092,936.0602,106.7921,0,94.8901,74.5823,6.8048,25.7681,104.3435,0.4603,0.2653,0.0335,0.7413,0,,154.3868,0.0351,0,0.1701,0.0055,0,0.0232,0.0848,0.0625,0.2622,0.0309,1.5295,5.4187,1.5486,,1,6,307.2154,9.067,47.6186,10.1863,1.5877
OSR012,Indian Recipes,Coconut kheer (Nariyal ki kheer),INDB,Cooked_Recipe,162.6125,683.006,3.3976,14.4229,10.5467,13.7299,1.5345,,,5162.7388,2272.0068,551.8503,3.222,89.5187,83.3921,23.2559,45.9729,188.1647,0.5276,0.3847,0.0971,0.7033,12.1061,,151.0673,0.0779,0,1.1482,2.3866,0,0.0313,0.0973,0.2005,0.255,0.0412,1.3135,7.5857,1.8771,,1,2,1057.5909,22.0973,93.8029,68.5928,9.98
OSR013,Indian Recipes,Apple sago payasam (Seb aur sabudana ki kheer),INDB,Cooked_Recipe,136.5032,571.9789,3.1307,14.4032,7.6605,10.6323,0.3811,,,4006.9233,2525.7188,506.1046,10.8522,102.1054,93.901,16.8084,39.4481,129.6462,0.3142,0.4222,0.0668,1.1412,40.8239,,188.5094,0.2287,0,0.6121,0.3843,0,0.0394,0.1164,0.1476,0.3168,0.0358,1.6153,6.48,1.7751,,1,4,451.9108,10.3645,47.6837,25.3612,1.2618
OSR014,Indian Recipes,Kesari bath,INDB,Cooked_Recipe,244.5685,1022.145,2.3951,31.3828,12.5851,20.1618,1.6524,,,6871.2388,3797.926,802.8761,27.8384,7.6976,34.6794,16.0141,1.7042,65.6783,0.6945,0.5225,0.1653,2.1333,104.3375,,254.8251,1.4111,0,0.7337,0.2466,0,0.0649,0.0072,0.2104,0.1622,0.0224,0.1506,4.838,0,,1,6,432.2361,4.2329,55.4641,22.2421,2.9203
OSR015,Indian Recipes,Putharekulu,INDB,Cooked_Recipe,318.3033,1334.1869,3.657,59.6075,7.5542,23.8645,1.7477,,,4437.9438,1961.9906,441.8691,18.3925,6.1075,65.6449,12.9346,2.6729,67.4766,0.3813,0.5271,0.1531,0.5561,68.9346,,161.2056,0,0,0.4727,0.7009,0,0.0794,0.028,1.1729,0.257,0.1028,0.1449,4.5561,0,,1,4,170.2923,1.9565,31.89,4.0415,0.935
OSR016,Indian Recipes,Mango malpua,INDB,Cooked_Recipe,334.6436,1381.7977,1.6495,12.8415,30.6711,4.9588,2.0831,,,18192.9492,7988.4258,1563.9232,75.2094,10.6424,46.0631,20.3372,1.888,89.2754,0.6953,0.4328,0.0961,7.2237,281.7981,,1024.5444,2.7576,0,1.9948,1.8424,0,0.0643,0.0344,0.3827,0.1498,0.0704,0.6185,28.1692,9.684,,1,4,1314.7145,6.4803,50.4506,120.4976,8.1839
OSR017,Indian Recipes,Mango vanilla custard,INDB,Cooked_Recipe,147.631,620.7343,3.4303,18.4071,7.0439,14.6209,0.9937,,,2845.3025,2757.9927,828.2915,0.3542,84.8574,93.5994,25.1072,30.1192,160.4945,0.5782,0.4732,0.1397,1.5481,0.8856,,421.6685,0.841,0,1.8159,1.8026,0,0.0561,0.0844,0.2417,0.2766,0.0769,2.0379,24.2032,7.8972,,1,2,300.0601,6.9721,37.4124,14.3168,2.0198
OSR018,Indian Recipes,Kiwi granola pudding,INDB,Cooked_Recipe,280.9878,1182.4872,5.6009,32.3315,15.3595,15.076,3.7096,,,5668.311,3679.375,1527.5935,20.2672,62.2023,128.8216,36.1326,59.2141,274.5296,1.4542,0.8106,0.167,3.7494,40.1908,,22.3454,0.2371,0.3779,1.0191,0.6675,0,0.3686,0.4268,1.8112,0.3643,0.0952,3.0346,39.5329,12.4695,,1,2,1472.3762,29.3489,169.4173,80.4838,19.4385
OSR019,Indian Recipes,Oats burfi,INDB,Cooked_Recipe,425.1871,1793.8049,8.8863,62.4683,17.2693,32.9269,4.9581,,,5110.5562,7837.7217,3258.6431,10.332,128.5809,276.1909,96.1241,8.1473,314.7801,2.4632,1.7258,0.3354,7.3407,38.2573,,103.8809,0.3968,0,3.7098,1.0739,0,0.4685,0.0671,0.852,0.4443,0.1604,10.74,29.5608,0.0921,,1,2,256.1752,5.354,37.6371,10.4047,2.9873
OSR020,Indian Recipes,Lotus seed halwa (Kamal gattay ka halwa),INDB,Cooked_Recipe,370.55,1542.1954,7.7905,39.5621,20.6882,9.7972,0.4225,,,11042.2871,6003.6094,1817.6552,45.2414,82.8391,304.3333,105.7586,3.0567,658.5172,1.7986,0.6002,0.207,0.2032,169.5632,,348.8462,0.0577,0,2.0437,0.4075,0,0.309,0.0754,0.8308,0.4147,0.3023,0.1908,49.4002,0.017,,1,6,1343.2435,28.2404,143.4125,74.9946,1.5317
OSR021,Indian Recipes,Amaranth ladoo (Rajgira ladoo),INDB,Cooked_Recipe,454.1483,1891.6368,10.116,51.3271,22.7023,19.9208,5.1098,,,9148.3965,8187.2549,3255.1841,33.638,144.577,262.3536,231.9479,7.5072,414.9333,6.4733,1.883,0.5596,9.0761,126.074,,324.0418,31.2472,0,3.6676,1.8535,0,0.0464,0.0514,0.6411,0.2576,0.4354,1.4026,21.6861,0.0796,,1,10,199.2757,4.4388,22.5218,9.9615,2.2421
OSR022,Indian Recipes,Chhena poda,INDB,Cooked_Recipe,344.5653,1447.9119,13.6843,33.6372,17.9401,30.654,1.3966,,,6796.8472,8023.856,1949.4,3.3131,295.2941,264.2085,65.7081,13.0029,150.275,1.4144,2.2709,0.3458,14.339,12.4175,,143.7228,0.5963,0,2.2961,0.8301,0,0.0722,0.0835,0.4716,0.4532,0.0452,12.2749,57.4688,0.1271,,1,6,255.8397,10.1606,24.9757,13.3205,1.037
OSR023,Indian Recipes,Sweet couscous dessert,INDB,Cooked_Recipe,196.2,827.1249,3.8134,29.6926,7.6918,15.8915,2.1759,,,2653.543,3090.0312,1186.5873,9.3664,30.9357,83.8688,31.2425,4.2194,183.411,0.8431,0.5731,0.159,1.4327,42.127,,50.3148,10.419,0,2.2431,3.2588,0,0.1191,0.0366,0.7574,0.2209,0.1163,1.5779,12.6632,14.8083,,1,4,451.7504,8.7804,68.3673,17.7103,5.01
OSR024,Indian Recipes,Sweetened yogurt (Shrikhand),INDB,Cooked_Recipe,107.177,453.4783,5.2736,16.0161,2.8936,15.8146,0.0793,,,1759.8474,789.0995,133.5768,9.9524,183.0188,156.603,18.3644,73.6071,261.0632,0.1651,0.6589,0.0092,1.873,25.3334,,22.6957,0.0869,0,0.1649,0.0769,0,0.0581,0.2452,0.1865,0.457,0.0943,2.4144,16.558,0.9171,,1,4,326.5014,16.0653,48.791,8.815,0.2417
OSR025,Indian Recipes,Thickened sweetened milk (Rabri),INDB,Cooked_Recipe,102.7946,431.7454,3.5155,10.5456,5.3491,10.0929,0.1945,,,2657.925,1843.5498,374.3289,0,111.8672,101.9181,14.9951,23.9172,125.8528,0.2913,0.4233,0.0786,1.1548,0,,187.618,0.0964,0,0.546,0.176,0,0.0431,0.1034,0.1137,0.3416,0.0451,1.9428,7.4042,1.8561,,1,5,226.4437,7.7442,23.2307,11.7835,0.4286
OSR026,Indian Recipes,Gram flour halwa (Besan halwa),INDB,Cooked_Recipe,276.7883,1156.7247,5.8752,25.7756,17.2972,15.8343,1.8171,,,9598.2178,4781.1772,1277.1882,33.1213,77.422,98.9499,20.4419,15.3967,128.2548,0.6713,0.5532,0.118,1.5558,124.1377,,372.8919,0.2182,0,1.4033,1.4776,0,0.1029,0.0887,0.3758,0.4162,0.0985,2.4786,34.7464,1.1164,,1,6,411.1543,8.7273,38.2883,25.6941,2.6992
OSR027,Indian Recipes,Prawn sandwich,INDB,Cooked_Recipe,169.6453,708.5987,10.3606,11.8917,9.2737,1.2107,1.55,,,1229.4496,5979.2651,1397.046,40.6974,75.5327,146.9246,38.9545,213.3822,152.5482,1.1096,0.968,0.2278,26.8104,3.2456,,219.4796,0.0802,0.6469,2.7131,7.7292,162.8289,0.0683,0.0408,1.3255,1.0695,0.1101,1.0028,22.3651,5.5151,,1,2,386.7912,23.6222,27.1131,21.144,3.5341
OSR028,Indian Recipes,Watercress sandwich,INDB,Cooked_Recipe,229.4175,962.395,5.1684,28.0323,11.4714,1.8125,2.2594,,,6517.5298,2611.8208,376.4702,26.5635,98.1635,66.3321,19.0707,407.4379,140.545,0.9885,0.4677,0.0923,3.9663,119.4734,,185.6005,0.3492,0,0.3379,15.5626,0,0.1338,0.0527,0.9956,0.1349,0.0645,0.8222,22.4291,4.1275,,1,4,124.1722,2.7974,15.1725,6.2089,1.2229
OSR029,Indian Recipes,Fish sandwich,INDB,Cooked_Recipe,150.197,627.6376,4.7249,10.089,10.3682,1.0429,1.2284,,,1840.6865,5610.9004,2397.3457,8.4091,47.2825,68.6831,16.125,161.8835,103.8686,0.6877,0.4044,0.0524,5.1258,7.699,,35.6558,0.0509,0.0872,1.3375,2.5312,0.1415,0.0612,0.0274,0.871,0.281,0.0719,0.7375,15.0748,1.4913,,1,4,391.451,12.3143,26.2944,27.0222,3.2015
OSR030,Indian Recipes,Kidney bean sandwich with cottage cheese,INDB,Cooked_Recipe,176.6408,739.5566,9.8454,18.8597,6.8423,3.6881,3.6587,,,3175.7605,2410.1755,449.0226,2.6658,166.6289,177.1474,43.6364,97.9724,296.7632,1.6351,1.3193,0.1966,11.1249,11.9897,,124.8862,5.2279,0,0.1594,2.7039,0,0.0931,0.0751,0.7145,0.491,0.0692,5.5844,89.1913,2.2233,,1,4,423.4168,23.5998,45.2077,16.4015,8.7701
OSR031,Indian Recipes,Finger millet biscuit (Ragi biscuit),INDB,Cooked_Recipe,458.5638,1907.8461,4.0283,52.6903,25.7949,16.9034,5.9676,,,15867.0479,6613.2905,1082.4999,64.1898,207.0448,174.7405,78.6565,98.2363,247.1666,2.5442,1.4131,0.368,8.1403,288.7036,,265.4922,22.0746,0,0.6435,3.8322,0,0.1966,0.1115,0.7131,0.1694,0.0268,0.5341,18.4094,0,,1,20,345.4132,3.0343,39.689,19.43,4.4951
OSR032,Indian Recipes,Buttermilk biscuit,INDB,Cooked_Recipe,322.544,1339.644,5.7618,34.9273,17.5011,3.4445,1.1813,,,10855.8281,4385.4819,697.4066,45.4117,67.162,184.4577,17.2249,323.7446,117.4948,0.7699,0.5668,0.0846,1.3227,202.8289,,236.359,2.8806,0.4647,0.4064,1.975,0,0.081,0.1008,0.3618,0.4537,0.0471,0.2872,8.7428,0,,1,4,414.461,7.4038,44.8808,22.4884,1.518
OSR033,Indian Recipes,Lemon cookies,INDB,Cooked_Recipe,394.4773,1643.4233,5.6275,42.1861,23.0155,23.472,0.7845,,,14318.7168,5857.1572,945.6454,82.1629,72.0383,104.3051,12.5022,84.7131,79.0543,0.6877,0.6362,0.076,2.1586,283.5101,,244.6571,1.7201,0.0447,0.549,2.0445,0.778,0.0465,0.0857,0.2289,0.2768,0.037,1.1678,6.8765,0.9617,,1,6,617.3571,8.807,66.0212,36.0192,1.2277
OSR034,Indian Recipes,Sweet potato biscuit (Shakarkand ke biscuit),INDB,Cooked_Recipe,296.3977,1232.254,5.1354,38.1331,13.3084,2.5293,2.2694,,,8225.4951,3308.397,600.1778,33.8321,56.3407,234.2677,19.3024,339.5809,183.6946,0.8112,0.5178,0.1226,0.5006,151.6952,,2742.5242,3.0458,0.1759,0.3132,2.4431,0,0.0866,0.0695,0.5151,0.6067,0.0719,1.7856,11.7255,5.2701,,1,6,447.3135,7.7502,57.5492,20.0846,3.4249
OSR035,Indian Recipes,Raspberry shortbread cookies,INDB,Cooked_Recipe,441.121,1842.7112,2.9961,61.248,21.251,40.8618,0.7465,,,13357.9756,5370.6787,817.6448,54.3575,13.8111,37.2366,9.2087,6.0639,51.5261,0.6004,0.3006,0.0759,0.0134,244.4812,,230.8218,1.8159,0,0.4887,2.1583,0,0.0409,0.0356,0.2089,0.2118,0.0221,0.2354,4.4833,0.0282,,1,24,163.4905,1.1104,22.7,7.8762,0.2767
OSR036,Indian Recipes,Pumpkin cookies,INDB,Cooked_Recipe,218.3953,920.7857,2.5142,44.6923,3.9305,31.6243,1.0599,,,2299.4207,1009.5408,234.0249,22.2255,19.3611,62.4442,8.8617,51.4933,82.1183,0.5217,0.2674,0.0803,1.5593,47.0042,,343.0641,1.4874,0.0307,0.2515,15.9728,0.5343,0.0345,0.0262,0.2177,0.2161,0.0349,1.0775,9.1302,1.476,,1,16,186.6256,2.1485,38.191,3.3587,0.9057
OSR037,Indian Recipes,Greenpea cookies,INDB,Cooked_Recipe,159.4172,666.8996,6.5287,23.074,4.2434,14.4471,5.3166,,,388.163,2295.0193,1200.3314,0,48.4498,218.0754,45.0812,229.8954,241.3352,1.472,1.0063,0.2859,1.0886,0,,1412.1698,6.4593,0,1.724,22.7888,0,0.1618,0.0376,0.9596,0.5014,0.1248,2.6676,37.2336,22.15,,1,4,120.9179,4.952,17.5016,3.2186,4.0327
OSR038,Indian Recipes,Sunflower cookies,INDB,Cooked_Recipe,520.6232,2178.562,9.4898,40.0643,36.2818,24.2796,3.9508,,,11029.333,10688.6631,12653.9043,26.3781,70.4517,300.4179,135.0739,181.6805,210.5423,2.2062,2.3826,0.9103,14.97,118.6394,,204.395,1.7923,0,7.4948,3.9235,0,0.2097,0.0604,0.641,0.444,0.3029,0.8841,28.1792,0,,1,5,954.3024,17.3949,73.4378,66.5046,7.2418
OSR039,Indian Recipes,Cardamom cookies (Elaichi cookies),INDB,Cooked_Recipe,400.4893,1675.9937,5.0986,53.9903,19.1195,38.9948,2.7868,,,11410.874,5018.3657,977.1839,111.2086,25.2062,114.4108,34.4263,98.4524,111.4501,1.4126,0.9741,0.1765,20.0787,235.193,,219.8719,3.3547,0.1537,0.7252,1.9186,2.6734,0.1113,0.0852,0.588,0.4873,0.0893,3.578,15.9859,0,,1,10,875.4697,11.1456,118.0229,41.7952,6.092
OSR040,Indian Recipes,Hazelnut cookies,INDB,Cooked_Recipe,493.3158,2049.1963,6.2484,39.4373,34.9726,22.0076,2.4542,,,12708.0479,17542.1035,2441.3313,46.9883,47.4266,109.6433,50.1182,81.055,233.1652,1.2919,0.798,0.3881,0.5248,211.3372,,197.1001,1.5697,0,6.9743,1.8657,0,0.1478,0.0714,0.4682,0.5752,0.1735,20.1211,22.6822,0,,1,6,423.0182,5.358,33.8175,29.989,2.1045
OSR041,Indian Recipes,Milk cookies,INDB,Cooked_Recipe,459.4342,1911.4296,10.4938,48.4282,24.9606,22.0606,0.9948,,,15668.9316,6339.1167,968.6833,67.9317,251.592,270.3422,32.6097,156.5261,385.416,0.7451,1.1294,0.0727,4.5567,289.8148,,280.8611,2.4258,0,0.5725,2.5326,0,0.1301,0.3443,0.466,0.9393,0.0937,0.8594,15.6496,1.63,,1,8,573.5749,13.1008,60.4596,31.1617,1.242
OSR042,Indian Recipes,Cranberry cookies,INDB,Cooked_Recipe,272.4824,1138.1776,3.9216,36.3906,12.6612,19.9639,1.1269,,,7645.9971,3271.8521,611.4455,58.2234,36.161,80.1049,11.5288,58.2532,93.0398,0.7105,0.408,0.0796,3.4729,144.926,,216.2606,1.6851,0.0678,0.4357,1.8344,1.1798,0.0498,0.0562,0.2424,0.3657,0.0504,1.9355,9.2647,2.9725,,1,10,506.1361,7.2844,67.5956,23.5181,2.0932
OSR043,Indian Recipes,Olive biscuit,INDB,Cooked_Recipe,438.2899,1829.8982,3.2034,55.0072,23.7472,32.2677,0.8169,,,12806.2197,6872.8745,981.7336,48.6342,10.7569,38.1142,9.5404,120.1006,53.3192,1.3725,0.3137,0.0681,0,218.74,,218.74,1.992,0,0.5828,3.6267,0,0.0444,0.0337,0.2279,0.2245,0.0237,0.2173,4.8097,0,,1,5,207.3111,1.5152,26.0184,11.2324,0.3864
OSR045,Indian Recipes,Tutti fruitti biscuit,INDB,Cooked_Recipe,420.7822,1749.345,5.2059,53.1224,17.8981,15.7529,5.4344,,,10976.623,4437.9854,945.9669,44.4811,23.8075,194.2925,60.3707,93.1121,155.2668,1.9621,1.3976,0.232,25.4116,200.0607,,262.8298,6.4247,0,0.5107,2.2629,0,0.201,0.0867,1.1353,0.4268,0.1197,0.4053,13.9783,0,,1,5,457.3902,5.6588,57.744,19.4552,5.9072
OSR046,Indian Recipes,Peach blueberry preserves,INDB,Cooked_Recipe,177.3811,754.705,0.5252,45.764,0.2012,45.3301,1.1414,,,17.3338,92.3946,53.0195,0,9.0349,11.2946,5.1386,2.8081,129.4605,0.3256,0.0996,0.0907,0.2687,0,,24.4008,0.9741,0,0.1892,1.7995,0,0.0165,0.0159,0.1757,0.1008,0.0426,0.8979,4.3155,4.285,,1,4,685.5781,2.0297,176.8777,0.7777,4.4115
OSR047,Indian Recipes,Pear preserves (Naashpati ka murabba),INDB,Cooked_Recipe,101.239,429.63,0.2511,25.6658,0.1864,25.188,3.0575,,,52.9061,16.557,70.0091,0,6.5707,4.8995,5.6418,2.0994,74.2722,0.2327,0.068,0.0776,0.0108,0,,63.0363,1.0101,0,0.2047,8.5788,0,0.014,0.0138,0.0898,0.0354,0.062,0.9623,3.679,2.6257,,1,7,603.5293,1.4968,153.0047,1.1114,18.2272
OSR048,Indian Recipes,Starfruit preserves,INDB,Cooked_Recipe,128.9265,549.1385,0.2418,33.6212,0.1172,33.4662,0.7782,,,10.3671,9.3102,57.5077,0,5.2378,4.0009,4.0852,2.0628,49.7231,0.2,0.1018,0.0563,0.2012,0,,42.2769,0.2658,0,0.1108,0.5538,0,0.0235,0.006,0.0988,0.0775,0.0189,0.036,2.6575,10.86,,1,4,209.5055,0.393,54.6345,0.1905,1.2645
OSR049,Indian Recipes,Gooseberry pickle (Amla ka achaar),INDB,Cooked_Recipe,278.585,1165.9485,1.5463,7.6123,27.6093,0.3578,3.6985,,,3118.6208,16017.1299,6009.6133,0,31.1732,47.4837,22.9953,86.3802,199.1801,1.0359,0.2682,0.0854,2.8205,0,,136.8634,1.7766,0,0.3062,4.2501,0,0.0517,0.0381,0.3919,0.209,0.089,0.2073,8.9597,20.837,,1,20,64.8602,0.36,1.7723,6.428,0.8611
OSR050,Indian Recipes,Lotus stem pickle (Kamal kakdi ka achar),INDB,Cooked_Recipe,102.6907,429.0166,1.4429,20.0706,1.5997,2.5318,8.5812,,,166.4943,835.7973,103.1253,0,137.7307,44.5381,57.6797,181.8315,1026.9911,20.5725,0.0065,0.4175,0,0,,30.4066,0.0702,0,0.0644,1.0907,0,0.28,0.4126,0.6641,0.005,0.0063,0.0142,0.4853,3.1403,,1,3,403.9648,5.6762,78.9537,6.2928,33.7569
OSR051,Indian Recipes,Date pickle (Khajoor ka achaar),INDB,Cooked_Recipe,182.2871,760.3076,1.6772,34.6609,4.2054,30.4738,5.2037,,,552.489,848.1479,2605.0012,0,41.4946,44.6866,39.254,138.8616,434.8883,1.9598,0.456,0.1947,0.3622,0,,2034.9937,1.3294,0,1.8264,5.1468,0,0.026,0.0442,0.9784,0.2975,0.1411,0.4623,11.4147,2.5057,,1,8,251.8979,2.3177,47.8971,5.8113,7.1908
OSR052,Indian Recipes,Garlic pickle (Lahasun ka achar),INDB,Cooked_Recipe,413.618,1705.3182,3.7221,9.7536,39.8841,2.3231,5.1255,,,5803.9468,14997.3223,17239.7832,0,54.6612,69.9349,33.5544,269.1233,311.0828,1.8194,0.6193,0.1407,0.5918,0,,392.4536,1.1023,0,0.0945,6.6192,0,0.1021,0.1322,0.4868,0.5571,0.3233,1.3033,31.261,14.3361,,1,4,211.4415,1.9027,4.986,20.3887,2.6202
OSR053,Indian Recipes,Fermented bamboo shoot pickle (Mesu pickle),INDB,Cooked_Recipe,59.8316,250.4037,1.5794,1.7325,5.5914,0.2855,2.2384,,,666.8406,3010.4822,1274.4204,0,16.6205,44.0294,11.253,161.3079,434.411,0.6923,0.4417,0.1516,2.3704,0,,402.6283,0.3942,0,0.0006,3.3934,0,0.0624,0.0779,0.4881,0.2353,0.1726,5.4637,16.9818,14.5869,,1,4,81.5206,2.1519,2.3605,7.6182,3.0499
OSR054,Indian Recipes,Sweet peach pickle (Aadoo ka achaar),INDB,Cooked_Recipe,144.6351,614.9395,0.4617,37.0097,0.2043,36.4637,1.3155,,,19.0766,103.2448,39.7082,0,11.9882,10.5525,5.6427,33.0365,150.2422,0.3315,0.0903,0.0819,0.3606,0,,27.583,1.2468,0,0.0114,2.5158,0,0.0115,0.0105,0.1509,0.0767,0.0504,0.7127,3.52,3.0481,,1,8,349.2938,1.1151,89.3784,0.4933,3.1769
OSR055,Indian Recipes,Pickled mustard greens,INDB,Cooked_Recipe,13.1213,54.9007,1.5091,1.0509,0.2225,0.021,1.6951,,,61.414,12.3422,140.2636,0,81.4442,30.7296,22.626,242.3577,173.9796,1.2159,0.2915,0.1034,3.434,0,,2809.5732,2.3193,0,0.2435,81.9586,0,0.0344,0.0773,0.2528,0.1112,0.0685,0.7244,46.8656,25.6754,,1,3,154.1311,17.7269,12.3446,2.614,19.9115
OSR056,Indian Recipes,Small onion pickle,INDB,Cooked_Recipe,16.8648,72.3626,1.6471,2.7637,0.6394,2.9884,1.0859,,,99.049,100.1634,346.523,0,31.9465,48.74,9.1842,249.4799,214.9005,1.2019,0.4539,0.0686,0.9658,0,,556.0029,0,0,0.2303,3.2982,0,0.0442,0.0761,0.83,0.1362,0.2253,0.6686,15.0639,17.2675,,1,3,18.9167,1.8475,3.1,0.7172,1.218
OSR057,Indian Recipes,Green tomato pickle (Haray tamatar ka achaar),INDB,Cooked_Recipe,193.2611,796.2642,1.2349,2.8661,19.6726,0.7654,1.737,,,2348.2061,4183.0928,12197.6416,0,14.2217,29.4403,16.0079,159.1754,205.6258,0.7734,0.2121,0.0657,7.405,0,,550.9654,1.3234,0,9.6208,14.6541,0,0.0716,0.0494,0.4873,0.2479,0.0717,3.747,11.2481,12.9072,,1,5,122.9141,0.7854,1.8228,12.5118,1.1048
OSR058,Indian Recipes,Pickled cabbage,INDB,Cooked_Recipe,13.6937,57.5802,0.3908,2.561,0.1365,2.0804,0.6095,,,18.2883,63.7398,43.5096,0,15.9567,9.5635,6.1346,121.3872,58.1656,0.1861,0.0649,0.0149,0.3704,0,,72.5124,0.1082,0,0.0123,22.0198,0,0.0083,0.0124,0.0979,0.0479,0.0274,0.2752,9.0854,6.4128,,1,8,35.506,1.0134,6.6404,0.3539,1.5803
OSR059,Indian Recipes,Coconut pickle (Nariyal ka aachar),INDB,Cooked_Recipe,517.2562,2138.8381,3.0229,11.5336,51.7101,8.9793,6.3492,,,41538.1758,3469.4797,1322.3397,0,44.7834,64.5979,32.2109,176.5425,342.2707,2.6154,0.5482,0.2391,1.7536,0,,1245.3026,2.7008,0,1.1112,17.1733,0,0.0574,0.088,0.7755,0.1967,0.1945,0.4488,19.8541,6.1032,,1,5,144.8628,0.8466,3.2301,14.4819,1.7782
OSR060,Indian Recipes,Potato pickle (Aloo ka achaar),INDB,Cooked_Recipe,369.1397,1522.1133,2.0735,7.8654,36.4563,0.8197,2.2119,,,5378.2681,7666.1035,21623.9473,0,48.4625,59.2414,34.8034,213.7333,311.2278,1.1245,0.4379,0.1433,0.5311,0,,454.0948,1.7621,0,16.2162,9.5482,0,0.0806,0.0346,0.7154,0.3169,0.1303,1.2645,17.3913,21.615,,1,4,173.1727,0.9728,3.6898,17.1026,1.0377
OSR061,Indian Recipes,Mango murabba candy,INDB,Cooked_Recipe,293.346,1249.5316,0.2682,77.3171,0.053,74.7306,0.9524,,,10.0863,5.8039,10.7675,0,16.5491,6.3628,7.6388,13.7066,56.5439,0.3252,0.1094,0.1118,0.0411,0,,150.9421,2.3766,0,0.2661,4.1981,0,0.0062,0.006,0.0792,0.0386,0.0382,0.4255,7.4958,26.1221,,1,15,222.9429,0.2038,58.761,0.0403,0.7238
OSR062,Indian Recipes,Afghani chicken,INDB,Cooked_Recipe,151.513,633.3399,15.663,1.9463,9.0698,0.8279,0.3076,,,1241.5748,1919.9955,1188.4489,42.141,35.136,151.7735,28.3558,87.0153,259.0369,1.0392,0.7851,0.2669,12.8655,10.6324,,213.3627,0.2492,0.9091,0.783,6.3276,18.3136,0.0958,0.0711,5.4009,0.8614,0.3716,3.1551,10.8144,1.8642,,1,4,287.4958,29.7206,3.693,17.21,0.5837
OSR063,Indian Recipes,Fish orly,INDB,Cooked_Recipe,563.7,2321.8628,5.8725,4.2664,58.1839,0.2374,0.3268,,,7575.9756,11930.0713,36197.3906,11.78,9.5525,90.1183,11.8507,136.3688,94.4286,0.3134,0.224,0.0322,8.3631,8.5913,,130.4314,0.2661,0.1729,28.2646,3.8958,0.2806,0.0224,0.0166,0.4652,0.36,0.0536,0.087,4.363,0.4586,,1,3,1657.2778,17.2651,12.5433,171.0606,0.9607
OSR064,Indian Recipes,Hariyali Fish Tikka,INDB,Cooked_Recipe,150.237,625.1104,14.0096,2.2052,9.4057,0.8349,0.989,,,5255.1436,2264.0244,986.0235,43.2764,34.858,162.556,33.8843,100.4499,257.7369,0.8328,0.4978,0.0772,20.9163,74.0913,,934.2226,0.8132,0.4271,1.2643,15.0089,0.6931,0.0513,0.0393,1.0851,0.8584,0.1285,0.5732,15.0011,6.2249,,1,4,268.2482,25.0141,3.9374,16.7939,1.7659
OSR065,Indian Recipes,Chicken manchurian,INDB,Cooked_Recipe,142.338,592.2631,9.5338,6.0627,11.9584,0.8953,0.4115,,,1218.8594,1867.146,4472.8047,37.8758,26.5182,96.1296,16.5704,2414.7708,179.8416,1.281,0.5311,0.1092,7.5107,13.0872,,67.0052,0.2625,0.4351,3.5413,1.0055,8.6354,0.043,0.0389,2.4216,0.4575,0.181,2.3299,10.3413,2.3326,,1,2,632.9913,42.3978,26.9616,53.18,1.8301
OSR066,Indian Recipes,Handi chicken,INDB,Cooked_Recipe,166.0197,694.8668,12.3226,1.4949,12.4633,0.7544,0.671,,,1400.085,4941.9175,1790.9441,33.7143,26.848,110.9969,18.1469,75.6447,214.6663,0.9296,0.5399,0.1704,10.2341,5.1105,,124.1175,0.2947,0.7439,0.1841,1.7407,14.9865,0.0624,0.0512,4.4246,0.6712,0.3048,2.5294,8.8234,0.6356,,1,4,384.9581,28.5729,3.4663,28.8992,1.556
OSR067,Indian Recipes,Lemon chicken,INDB,Cooked_Recipe,169.7891,709.5735,20.1983,0.5507,9.6553,0.1621,0.1597,,,1589.3752,1248.1212,404.4769,60.1535,17.4035,165.7442,19.909,79.9349,282.8299,0.9527,0.7381,0.2547,17.1625,21.4671,,20.4429,0.0493,1.2737,0.3022,0.4003,25.6586,0.0957,0.0584,7.4537,1.0714,0.4942,3.8909,10.8896,3.1197,,1,6,486.5732,57.8832,1.5783,27.6698,0.4576
OSR068,Indian Recipes,Lemon butter fish,INDB,Cooked_Recipe,160.2457,666.7169,16.3832,0.7537,10.2586,0.2283,0.3619,,,5160.7783,3187.7024,1093.0863,46.1091,18.659,183.7445,29.5667,187.7243,240.3369,0.4014,0.4975,0.0514,25.0968,74.2623,,126.1488,0.046,0.5185,1.2576,2.3739,0.8415,0.0476,0.0349,1.2148,0.9666,0.1264,0.0482,9.5484,4.351,,1,4,320.4914,32.7663,1.5074,20.5171,0.7237
OSR069,Indian Recipes,Baked eggs in tomato sauce,INDB,Cooked_Recipe,80.0496,335.9,4.9196,3.7764,5.2244,2.0262,0.0083,,,1440.9934,2049.8149,1073.6372,77.2613,71.9364,77.3759,20.5467,188.2071,321.5239,1.3109,0.5272,0.0384,9.3453,49.402,,1750.4319,0.0065,0.1688,1.599,263.4079,2.9367,0.0865,0.0836,0.8877,0.4148,0.1937,4.3215,63.8965,49.3869,,1,4,398.2466,24.4751,18.7878,25.9913,0.0415
OSR070,Indian Recipes,Egg in a pepper,INDB,Cooked_Recipe,128.7808,538.8316,12.643,0.1725,8.6758,0.0485,0.1699,,,2800.9377,3292.8564,1101.6942,345.8763,48.2471,176.6655,12.8258,183.8919,144.6667,1.7605,1.1822,0.0729,38.2549,187.1134,,288.4519,0.0709,0.7938,1.439,1.7588,13.8067,0.062,0.1813,0.1394,1.4026,0.164,17.5251,49.8696,5.7732,,1,1,749.504,73.5822,1.0042,50.4934,0.9886
OSR071,Indian Recipes,Spinach mushroom scrambled egg (Palak mushroom bhurji),INDB,Cooked_Recipe,158.8452,663.8751,13.2793,0.5878,11.5103,0.1049,0.3945,,,5247.6641,3825.7246,1016.188,276.5565,140.3138,205.7475,19.4077,227.9698,180.7565,1.6021,1.3473,0.0729,31.1864,188.9051,,734.2282,1.4025,0.6703,1.2357,22.3523,10.5388,0.0568,0.1881,0.1666,1.1655,0.1427,14.0414,46.5811,1.9502,,1,2,184.9752,15.4637,0.6845,13.4038,0.4594
OSR072,Indian Recipes,Corn omelette/omlet,INDB,Cooked_Recipe,166.9276,695.2381,11.3712,1.5704,12.8929,0.409,0.0213,,,6129.1597,4076.5271,1093.5496,253.3552,96.2246,180.0547,17.3616,166.4158,145.9241,1.3351,1.2198,0.0567,26.5406,201.4852,,131.9569,0.0165,0.5405,1.1616,0.8426,9.4015,0.0711,0.1679,0.4344,1.1271,0.1196,12.1225,42.036,1.4929,,1,4,324.2569,22.0886,3.0505,25.0444,0.0415
OSR073,Indian Recipes,Cajun chicken,INDB,Cooked_Recipe,184.9423,768.1068,12.6915,1.9432,13.9868,1.0968,0.8877,,,5143.7158,5138.3223,728.5023,39.3209,156.9839,168.9669,18.9254,1740.1311,181.5478,0.5258,1.1726,0.1286,7.4046,73.9988,,662.4059,0.2829,0.4531,0.4415,10.0722,9.1284,0.0615,0.1048,2.8539,0.5725,0.2623,3.7298,26.5981,27.1291,,1,4,309.7784,21.2583,3.2548,23.428,1.487
OSR074,Indian Recipes,Paaner do pyaza,INDB,Cooked_Recipe,127.7048,529.4882,4.2158,3.4063,10.8701,2.197,0.8371,,,3612.6011,2916.5762,3483.9607,15.0679,57.2218,82.357,17.0537,160.6638,135.2408,0.4503,0.4296,0.0742,1.8101,49.8411,,623.0477,1.1398,0,2.6844,4.1384,0,0.0438,0.0993,0.2689,0.199,0.0639,2.4271,15.3685,7.2495,,1,3,296.1133,9.7754,7.8983,25.205,1.941
OSR075,Indian Recipes,Cabbage manchurian (Pattagobhi manchurian),INDB,Cooked_Recipe,224.2626,924.1587,0.636,4.849,22.4848,0.3337,0.3719,,,2726.4971,4623.9932,14190.7227,0.1801,3.1826,8.8607,3.4972,75.0164,34.4422,0.1987,0.0732,0.0152,0.0484,0.4682,,70.4303,0.3765,0,11.0257,2.6166,0,0.0119,0.0079,0.1015,0.0688,0.0168,0.2356,4.0847,3.8341,,1,3,1660.4105,4.7091,35.9013,166.4747,2.7538
OSR076,Indian Recipes,Gobi 65,INDB,Cooked_Recipe,278.2932,1145.9792,0.5613,3.5924,29.1097,0.2891,0.571,,,3545.3708,5967.1196,18366.8438,0.2886,12.3739,13.1119,5.7537,69.2169,56.3916,0.3035,0.077,0.0206,0.2065,0.7347,,614.0076,0.5513,0,14.2541,7.4988,0,0.0105,0.0185,0.1235,0.0636,0.0245,0.2768,4.3913,3.2095,,1,2,2386.4751,4.8134,30.806,249.6276,4.8965
OSR077,Indian Recipes,Paneer lababdar,INDB,Cooked_Recipe,105.4761,437.8699,3.9838,3.3676,8.4647,1.9636,1.1575,,,1898.1274,2330.0396,3654.593,7.1932,55.56,77.5235,19.6252,142.4509,145.4969,0.5609,0.42,0.0846,1.6852,20.9257,,1467.8778,2.642,0,2.7573,11.5713,0,0.0461,0.0901,0.269,0.2122,0.0574,2.2555,14.8059,7.1876,,1,2,403.2405,15.2303,12.8744,32.3609,4.4251
OSR078,Indian Recipes,Roasted cauliflower steak,INDB,Cooked_Recipe,78.6754,325.0862,2.0477,2.0246,6.6976,0.4434,3.5324,,,1009.6717,4613.2598,719.6182,0,24.4738,44.6729,22.1991,120.1899,311.6554,0.9522,0.2949,0.0517,0.4718,0,,52.1793,1.2891,0,0.3422,17.3586,0,0.0374,0.0655,0.2915,0.5781,0.1229,2.3085,42.8449,43.9022,,1,4,84.4777,2.1987,2.1739,7.1916,3.7929
OSR079,Indian Recipes,Sauteed radishes with green beans,INDB,Cooked_Recipe,94.3246,392.9406,2.4132,6.0369,6.6086,1.7774,3.5189,,,2151.3142,2106.9336,1969.8821,7.4427,40.1981,82.0456,45.1311,65.0991,323.3263,1.013,0.5934,0.1369,0.8049,33.4748,,893.8309,1.142,0,0.4145,13.1345,0,0.0617,0.0436,0.7988,0.2414,0.2865,5.575,47.51,6.7851,,1,4,91.1058,2.3308,5.8309,6.3831,3.3988
OSR080,Indian Recipes,Garlic chutney/Poondu chutney (Lahasun ki chutney),INDB,Cooked_Recipe,255.5081,1059.366,3.3362,20.4369,17.5518,13.36,5.147,,,2120.5437,3622.9951,10862.4316,0,63.5084,90.7165,50.9684,177.621,541.6282,3.2643,0.5792,0.2434,3.8502,0,,11518.0205,9.4901,0,8.3593,34.4186,0,0.1573,0.1483,1.4257,0.2397,0.1957,0.7926,21.1903,7.1835,,1,3,202.8308,2.6484,16.2235,13.9332,4.0858
OSR081,Indian Recipes,Schezwan chutney,INDB,Cooked_Recipe,205.1857,849.3052,3.326,10.7916,17.722,5.6561,5.7224,,,2304.1343,3690.8433,10902.8027,0.7926,35.4642,66.2078,35.1727,486.2671,412.3051,1.9589,0.5978,0.1622,1.424,2.0608,,8013.813,2.2562,0,8.0164,28.4988,0,0.095,0.1645,1.466,0.4008,0.3289,0.6847,21.0142,3.4824,,1,1,1553.2561,25.1778,81.6922,134.1558,43.3186
OSR083,Indian Recipes,Onion chutney (Pyaaz ki chutney/Vengaya chutney),INDB,Cooked_Recipe,143.9381,597.2565,2.9694,13.5198,8.3805,6.805,4.6018,,,1053.9475,1665.2653,5194.2603,0,28.5041,60.1721,37.8312,256.8928,342.687,1.1861,0.5334,0.1812,3.1007,0,,6574.5142,2.7449,0,3.8673,21.8553,0,0.0801,0.0698,0.8048,0.3698,0.1326,2.1412,32.4626,5.3894,,0.5,6,75.5075,1.5577,7.0923,4.3963,2.414
OSR085,Indian Recipes,Dates chutney (Khajoor ki chutney),INDB,Cooked_Recipe,103.5724,432.8609,1.0684,21.6915,1.1224,18.6767,3.4118,,,147.9048,243.2648,628.9496,0,28.7163,29.4275,29.1563,76.7681,288.0599,1.1865,0.2644,0.1284,0.6638,0,,3224.3127,1.3544,0,0.4144,8.1397,0,0.0225,0.0277,0.5846,0.1563,0.0512,0.2579,6.5444,1.292,,1,2,273.2552,2.8188,57.2288,2.9612,9.0013
OSR086,Indian Recipes,Chicken salad,INDB,Cooked_Recipe,338.1941,1404.7297,15.3279,1.3029,30.2565,0.962,1.9957,,,2360.3257,16255.1572,6574.8833,47.6235,43.1941,168.5449,58.5335,50.6174,284.4595,1.2329,0.9808,0.3162,11.1782,21.3134,,90.4272,0.3187,0.7822,8.8325,2.3338,15.7571,0.0807,0.0957,5.1258,0.8093,0.3367,2.9651,14.3718,1.9927,,1,2,835.3393,37.8599,3.2182,74.7337,4.9295
OSR087,Indian Recipes,Macaroni salad,INDB,Cooked_Recipe,262.1926,1095.9396,5.0157,21.6285,17.7823,3.7263,0.555,,,3228.3398,9044.0527,3857.9819,58.637,35.6993,84.2889,18.7153,163.9891,147.0906,0.7738,0.5731,0.1069,10.2087,56.3519,,470.6386,0.1413,0.0869,4.0968,4.6114,1.512,0.0642,0.082,0.9165,0.4162,0.1059,3.0211,21.541,13.7541,,1,6,422.2393,8.0774,34.8308,28.637,0.8938
OSR088,Indian Recipes,Cabbage raita (Pattagobhi raita),INDB,Cooked_Recipe,84.837,355.7556,3.2444,5.2471,5.7596,4.2141,0.9256,,,3166.76,1411.4878,254.9061,16.261,118.49,93.8727,15.5475,125.313,210.132,0.189,0.3937,0.0187,1.9147,35.1066,,136.8622,0.0899,0,0.1445,36.966,0,0.0379,0.1546,0.1788,0.2846,0.0903,1.5558,23.1461,12.1872,,1,2,196.949,7.5319,12.1812,13.3709,2.1487
OSR089,Indian Recipes,Pomegranate raita (Anaar ka raita),INDB,Cooked_Recipe,72.6445,304.9948,4.0477,7.152,3.2383,7.0123,0.5999,,,1952.9749,871.8533,141.281,4.6707,138.3094,118.1539,14.7267,195.1832,208.1213,0.2483,0.4843,0.0378,1.3342,11.8891,,161.8568,16.456,0,0.1198,3.4088,0,0.0488,0.1654,0.1935,0.4205,0.1108,2.0201,16.5384,3.1914,,1,2,104.7897,5.8388,10.3167,4.6712,0.8654
OSR090,Indian Recipes,Onion raita (Pyaaz ka raita),INDB,Cooked_Recipe,71.5574,301.3259,4.8554,7.863,2.4252,7.0699,0.648,,,1513.9824,625.8895,115.7188,8.6102,163.7955,141.3097,20.5523,189.9649,269.8754,0.3048,0.628,0.028,1.6315,21.9169,,382.5112,0.2954,0,0.066,7.4594,0,0.0582,0.2176,0.2556,0.4604,0.1074,2.5655,20.5306,5.3907,,1,2,111.9874,7.5987,12.3056,3.7955,1.0141
OSR091,Indian Recipes,Green chilli raita (Hari mirch ka raita),INDB,Cooked_Recipe,77.1294,325.0648,5.5789,7.6609,2.9244,7.4932,0.2587,,,1836.5459,762.5453,127.089,10.515,193.5823,165.2455,20.124,161.3139,286.9364,0.2101,0.6918,0.0088,1.9153,26.7655,,206.1494,0.1284,0,0.0601,2.9654,0,0.0615,0.2639,0.2483,0.4917,0.1102,2.5383,18.3553,4.1905,,1,5,79.073,5.7195,7.854,2.9981,0.2652
OSR092,Indian Recipes,Kale salad,INDB,Cooked_Recipe,177.7139,737.5276,4.8551,5.0063,15.3286,3.3063,1.3593,,,2990.1475,8729.3184,2235.2581,6.1153,109.1055,97.0559,32.1991,292.0356,336.7659,1.2951,0.4781,0.1023,2.2983,19.2196,,1605.0413,0.4944,0,3.9129,307.0127,0,0.124,0.0673,0.6176,0.1441,0.2132,1.5434,65.9604,56.821,,1,8,95.3546,2.6051,2.6862,8.2247,0.7294
OSR093,Indian Recipes,Spinach and paneer souffle,INDB,Cooked_Recipe,186.1947,779.4282,7.5613,9.6406,13.4935,2.8056,1.0684,,,7830.5098,3744.2717,624.8079,76.0211,114.3158,118.6537,21.0024,434.685,197.9002,1.405,0.6518,0.0683,7.3154,145.3503,,825.9305,0.2211,0.0931,0.5916,23.1031,1.6197,0.0706,0.17,0.6532,0.3232,0.0857,3.7959,29.7,2.4002,,1,1,839.7382,34.1017,43.4793,60.8557,4.8186
OSR094,Indian Recipes,Masala souffle,INDB,Cooked_Recipe,123.5146,514.2321,6.3833,8.0205,7.365,1.8366,1.242,,,3947.2603,2134.543,484.1677,86.4541,103.6783,119.8113,18.3002,131.1411,274.7549,0.7416,0.8157,0.0688,9.2452,89.7943,,442.7459,0.2252,0.1697,0.9897,5.154,2.9522,0.05,0.1092,0.6128,0.5845,0.1568,4.9429,24.5048,25.7731,,1,1,1833.7726,94.77,119.0771,109.3452,18.4397
OSR095,Indian Recipes,Chicken and cheese souffle,INDB,Cooked_Recipe,182.3542,758.1142,9.0681,3.4661,14.7382,2.4646,0.2565,,,7728.6602,3679.3979,638.3337,89.2449,61.7091,115.1052,12.247,120.9313,160.3913,0.6347,0.5551,0.0981,10.2251,145.9097,,154.2263,0.1491,0.4427,0.5781,1.1407,8.6228,0.0497,0.1087,2.1142,0.629,0.1759,4.3818,14.7183,1.2274,,1,4,356.5026,17.7282,6.7762,28.8133,0.5015
OSR096,Indian Recipes,Tamarind chutney (Chintapandu pachadi/Puli chutney),INDB,Cooked_Recipe,109.1476,456.5388,0.8777,25.0659,0.4835,22.8494,1.6483,,,198.9476,142.1774,81.2558,0.6793,40.2951,30.3607,32.9099,75.6095,235.5965,1.9465,0.225,0.0985,0.2723,2.5461,,453.7321,2.4775,0,0.0372,1.2067,0,0.0398,0.0155,0.3571,0.104,0.1296,0.2234,4.9011,0.8071,,10,20,3.9525,0.0318,0.9077,0.0175,0.0597
OSR097,Indian Recipes,Pav bhaji masala,INDB,Cooked_Recipe,230.4664,964.6375,9.1293,29.1489,10.9644,1.4812,24.3048,,,1026.1718,4773.4668,2027.0176,0,588.9103,237.5692,269.4361,1814.6641,1258.1542,12.8434,2.5992,0.9282,4.6014,0,,4355.877,14.085,0,0.8944,76.2871,0,0.2515,0.164,2.7502,0.2173,0.1811,1.2454,18.8363,5.489,,10,10,2.6158,0.1036,0.3308,0.1244,0.2759
OSR098,Indian Recipes,Green chutney,INDB,Cooked_Recipe,79.4174,332.2905,5.4232,10.0082,1.6046,0.9184,5.8366,,,230.4898,302.7034,691.2659,0,112.7442,91.2912,73.9256,262.8096,508.9608,4.5778,0.965,0.295,8.4015,0,,7902.3486,2.8018,0,0.3361,123.5075,0,0.1088,0.0871,0.7896,0.5443,0.176,2.3739,63.6455,30.1252,,1,4,19.3759,1.3231,2.4417,0.3915,1.424
OSR099,Indian Recipes,Sago khitchdi/khichri (Sabudana khitchdi/khichri),INDB,Cooked_Recipe,187.1645,785.6497,2.7213,22.4138,10.1013,1.0335,1.8237,,,4729.7505,3056.3936,1330.9958,12.2384,15.1294,55.2769,27.7136,100.2611,189.2766,0.8593,0.3932,0.1344,1.1131,45.869,,380.0804,1.0569,0,0.8458,5.3774,0,0.0657,0.0153,1.2378,0.173,0.0481,0.4765,12.5975,4.9435,,1,3,507.8895,7.3845,60.8221,27.4108,4.9488
OSR100,Indian Recipes,Gram flour chilla/cheela (Besan chilla/cheela),INDB,Cooked_Recipe,135.9301,575.2408,7.8024,21.0289,2.8521,1.8686,4.2509,,,367.7755,552.7314,1552.4059,0,28.3808,80.1961,27.713,135.5721,168.7023,2.1869,0.6452,0.1166,1.3453,0,,701.379,1.1484,0,1.3265,9.0769,0,0.1542,0.0634,0.8223,0.4766,0.1878,3.0851,66.611,3.3208,,1,6,70.7833,4.063,10.9504,1.4852,2.2136
OSR101,Indian Recipes,Vegetable namkeen jave,INDB,Cooked_Recipe,112.2306,468.2858,2.9309,18.9772,2.506,1.0417,2.8593,,,956.9761,581.7453,718.7987,3.4093,10.3209,32.772,14.3887,32.1286,91.3612,1.0654,0.3172,0.0744,3.5686,12.7779,,510.7289,1.8949,0,0.5624,4.4931,0,0.0428,0.008,0.3212,0.1804,0.034,0.6336,7.1876,3.4077,,1,4,409.9672,10.7062,69.3218,9.1542,10.4446
OSR102,Indian Recipes,Khakhra,INDB,Cooked_Recipe,178.496,743.924,4.7753,27.6626,5.3192,0.881,5.4337,,,661.2164,1021.5015,3255.7844,0,21.274,140.34,57.1123,184.1575,166.3204,2.1411,1.292,0.223,22.8361,0,,515.6887,5.8269,0,2.3157,7.6441,0,0.1851,0.0796,1.1822,0.3916,0.14,0.3873,13.872,0.7347,,1,4,135.0991,3.6143,20.9371,4.0259,4.1127
OSR103,Indian Recipes,Moong bean dosa (Pesarattu),INDB,Cooked_Recipe,285.9557,1190.0408,12.3185,31.9061,11.6654,2.9005,6.0404,,,4867.1079,2724.4182,2968.4873,17.8649,36.4353,218.1566,86.9467,61.3568,704.2119,3.384,1.4736,0.5247,23.7742,66.9572,,514.3789,1.3935,0,2.3522,7.3003,0,0.1905,0.0711,1.2276,0.9448,0.1663,1.1878,53.9108,5.5884,,1,14,75.9396,3.2714,8.4731,3.0979,1.6041
OSR104,Indian Recipes,Methi thepla,INDB,Cooked_Recipe,346.1561,1442.6611,8.98,41.339,15.9454,2.9823,7.5603,,,2236.1221,3263.198,9358.9053,1.852,73.5103,210.8923,83.1715,543.267,298.3671,4.5213,1.8016,0.3038,22.3851,4.7143,,712.4522,5.1645,0,7.0281,24.7456,0,0.2494,0.1597,1.4632,0.6094,0.2462,1.8403,41.8815,2.9199,,1,11,126.1613,3.2729,15.0666,5.8115,2.7555
OSR105,Indian Recipes,Rice puttu (Ari puttu),INDB,Cooked_Recipe,81.9819,342.966,1.2602,11.8215,3.1259,0.3299,0.756,,,2053.7014,176.6246,44.2276,0,4.9631,28.2326,8.0033,48.2828,69.5656,0.4207,0.0672,0.0715,1.2021,0,,8.379,0,0,0.2885,0.1371,0,0.0162,0.009,0.3337,0.01,0.0357,0.0481,1.1554,0,,1,2,344.4058,5.294,49.662,13.132,3.176
OSR106,Indian Recipes,Buckwheat pancake (Khura),INDB,Cooked_Recipe,263.2983,1090.9249,2.9074,27.2773,16.4328,0.6406,0.5592,,,10115.7305,4059.7429,592.4326,41.3081,11.3244,54.8306,16.7126,69.9718,100.0503,0.6892,0.7927,0.2083,2.4646,185.7893,,1088.7469,0.4612,0,0.3826,3.3575,0,0.0872,0.0385,0.8191,0.4004,0.1236,0.2198,3.2339,0.6354,,1,6,274.9273,3.0358,28.482,17.1586,0.5839
OSR107,Indian Recipes,Quinoa khichdi/khichri,INDB,Cooked_Recipe,64.0108,267.1944,3.1788,8.8312,1.5911,0.6878,2.5767,,,692.1867,392.4395,287.2815,2.6088,24.5908,52.5767,25.296,69.6435,174.7628,1.1177,0.5163,0.1266,4.1028,9.7777,,714.8853,1.0901,0,0.2702,5.6877,0,0.102,0.0298,0.3917,0.2373,0.0689,0.7369,25.9463,2.8675,,1,4,203.7145,10.1165,28.1054,5.0637,8.2004
OSR108,Indian Recipes,Khakhra chaat,INDB,Cooked_Recipe,358.6633,1484.317,4.524,16.6423,30.6479,3.2619,3.0416,,,3698.1226,6261.6919,19256.3066,0.0589,24.4903,64.3926,27.2305,102.7837,173.4354,1.2611,0.5125,0.1152,4.1754,0.2207,,744.3478,5.9779,0,14.9741,12.8145,0,0.1094,0.0447,0.6286,0.3279,0.1306,1.6793,37.4614,5.5856,,1,2,2996.4617,37.7959,139.0389,256.0486,25.411
OSR110,Indian Recipes,Banana appam,INDB,Cooked_Recipe,469.8055,1938.6028,1.1679,20.0576,42.5276,9.9482,0.6739,,,5727.3413,8540.7959,26201.3535,0,13.7383,27.0474,19.4715,20.1353,142.9931,0.7663,0.0921,0.0678,0.4449,0,,49.7073,0.1125,0,20.4645,3.0378,0,0.0163,0.0137,0.3145,0.0839,0.1723,0.3368,4.7475,1.3879,,1,4,1364.1975,3.3912,58.2424,123.4895,1.9568
OSR111,Indian Recipes,Veg manchurian,INDB,Cooked_Recipe,585.6408,2411.0942,0.8894,6.8189,61.6521,0.7571,1.1611,,,7412.2222,12631.2637,39028.9609,0,16.7922,16.3425,7.534,65.3127,83.2953,0.3086,0.1224,0.0332,0.3314,0,,912.7807,0.4502,0,30.3321,22.8038,0,0.0205,0.0154,0.1508,0.1028,0.0526,0.704,13.6085,7.7455,,1,4,1141.6921,1.7338,13.2933,120.1892,2.2635
OSR112,Indian Recipes,Pav bhaji,INDB,Cooked_Recipe,96.5255,401.6281,2.6604,11.993,4.3176,2.0571,1.9796,,,2223.01,943.0974,629.0014,8.906,24.8601,19.1881,12.6923,163.8938,139.3012,0.9686,0.1823,0.0496,0.2724,40.056,,1629.7642,2.5128,0,0.1519,11.6267,0,0.2121,0.074,1.1439,0.1584,0.057,0.952,29.3351,13.1595,,1,5,560.9789,15.4614,69.7,25.0929,11.5049
OSR113,Indian Recipes,Rice murukku,INDB,Cooked_Recipe,593.99,2454.3079,5.4148,33.293,48.2248,0.1703,2.1828,,,6839.5381,10044.708,28886.1816,5.325,24.6287,98.6917,29.19,63.3134,224.2574,1.6957,0.5827,0.2053,7.0854,23.95,,173.2167,0.2489,0,21.9813,3.3128,0,0.0946,0.0423,1.0355,0.2521,0.1047,0.2611,26.5733,0.0009,,1,35,183.2883,1.6709,10.2733,14.8808,0.6736
OSR114,Indian Recipes,Bhel puri,INDB,Cooked_Recipe,509.887,2104.686,3.5175,16.4677,47.9116,3.4083,2.2403,,,5770.9268,9933.3926,30080.4375,0,24.221,47.0317,22.4162,93.9774,150.5637,1.2896,0.3813,0.0971,0.7171,0,,359.3364,1.198,0,23.3259,7.7856,0,0.0747,0.0338,0.5649,0.2308,0.0945,1.0407,22.4049,4.5097,,1,3,3573.6448,24.6532,115.4172,335.7978,15.7013
OSR115,Indian Recipes,Semolina dhokla (Suji/Rava dhokla),INDB,Cooked_Recipe,194.9147,814.0943,5.4356,30.865,5.2014,1.8471,5.1177,,,1593.4897,876.9913,2054.1565,0,31.1744,67.366,28.6949,443.3886,194.2788,2.5238,1.086,0.2492,5.529,0,,732.8589,4.3095,0,1.6162,12.3764,0,0.1369,0.0264,0.6551,0.382,0.0842,0.5137,15.2278,3.6471,,1,4,195.3581,5.448,30.9352,5.2132,5.1293
OSR116,Indian Recipes,Spicy corn chaat,INDB,Cooked_Recipe,479.7991,1982.0062,4.607,11.4469,46.5518,0.9481,2.1679,,,6351.3003,9680.5127,28344.5234,3.8912,17.2764,58.6814,21.1767,86.4997,124.8003,0.8397,0.3788,0.0736,0.7245,17.5015,,168.413,0.2001,0,22.0248,5.4718,0,0.11,0.0447,0.7508,0.3624,0.0892,1.4746,41.0257,2.5441,,1,2,2659.1665,25.5332,63.4417,258.002,12.0149
OSR118,Indian Recipes,Jackfruit fritters (Ponsa mulik/Kathal ka pakora),INDB,Cooked_Recipe,597.7877,2467.5474,2.3409,24.0023,54.4056,11.481,1.5007,,,7863.8838,11106.4629,32627.2441,0,24.6186,47.7433,30.8197,46.3943,176.5067,1.1477,0.2699,0.1516,1.3621,0,,25.4899,1.6326,0,25.4712,9.8999,0,0.045,0.0124,0.4226,0.1027,0.152,0.877,9.2346,1.1845,,1,35,160.1217,0.627,6.4292,14.5729,0.402
OSR119,Indian Recipes,Banana chips (Kele ke chips),INDB,Cooked_Recipe,665.6661,2739.0757,0.3668,7.3221,70.4563,4.3727,0.6486,,,8484.2256,14442.958,44622.7422,0,2.0088,6.1211,9.0359,86.8672,106.4321,0.1885,0.0442,0.0424,0,0,,76.3023,0.0587,0,34.6935,5.0829,0,0.0029,0.0117,0.1409,0.1027,0.1497,0.4519,5.2619,2.3654,,1,4,1134.1285,0.625,12.475,120.04,1.105
OSR120,Indian Recipes,Wheat cake,INDB,Cooked_Recipe,314.6292,1314.8971,4.7896,41.1334,14.9505,25.7871,2.763,,,9265.6318,3820,672.3068,40.1272,98.9134,187.8484,39.2152,82.962,183.29,1.081,1.015,0.1293,13.7729,174.6679,,179.9813,3.2664,0,0.3942,1.5748,0,0.1278,0.1781,0.6633,0.4609,0.0808,1.3239,11.3725,1.1375,,1,8,210.2116,3.2,27.4823,9.9888,1.846
OSR121,Indian Recipes,Mango cheesecake,INDB,Cooked_Recipe,152.4586,518.58,2.3884,20.0612,7.304,15.3598,1.1449,,,3705.4216,2165.2207,449.4514,16.9023,55.0951,51.8314,13.9663,107.1234,139.6412,0.5265,0.3578,0.0773,2.4525,41.1912,,620.1837,1.5974,0.2036,0.6218,2.4347,0.8235,0.0324,0.0768,0.3093,0.2838,0.0708,0.9803,39.4306,14.3122,,1,8,265.5638,4.1604,34.9442,12.7226,1.9942
OSR122,Indian Recipes,Carrot cake (Gajar ka cake),INDB,Cooked_Recipe,255.5871,1070.7358,5.5998,35.9842,10.27,23.9568,2.9346,,,3186.8604,2368.6677,4102.8447,11.6058,156.1008,239.4385,39.0659,158.74,273.1176,1.033,1.0409,0.1088,10.961,44.022,,1939.4423,2.7073,0,3.1526,4.4341,0,0.1241,0.2341,0.6095,0.6089,0.1019,2.2922,17.0679,3.124,,1,10,255.4593,5.597,35.9663,10.2649,2.9331
OSR123,Indian Recipes,Semolina cake (Suji/Rava cake),INDB,Cooked_Recipe,374.1404,1564.4161,6.5813,31.3241,25.1798,18.8615,5.3712,,,16261.6885,3745.0439,716.8701,27.064,128.2761,197.6256,39.5835,91.3602,349.4623,1.3559,1.0807,0.2942,8.7572,101.8098,,297.1704,1.5476,0,1.9502,0.9814,0,0.0937,0.1729,0.4687,0.5023,0.0829,1.8801,15.9669,1.5992,,1,9,220.7429,3.8829,18.4812,14.8561,3.169
OSR124,Indian Recipes,Finger millet cake (Ragi cake),INDB,Cooked_Recipe,279.4615,1169.7704,3.9559,38.9322,12.2669,24.7599,2.3531,,,7521.1323,3192.0352,514.9459,25.1978,118.3833,173.8377,49.5679,98.2615,191.3269,1.3458,0.9775,0.2809,6.7802,111.9973,,186.3978,6.3617,0,0.3565,1.4012,0,0.1008,0.1003,0.4609,0.2662,0.0497,1.0614,11.5697,0.7755,,1,12,275.5956,3.9012,38.3937,12.0972,2.3205
OSR125,Indian Recipes,Honey cake,INDB,Cooked_Recipe,333.5932,1395.8765,3.0777,49.0408,14.7028,33.4337,0.5058,,,2183.6384,3049.2678,8790.5791,1.5435,50.8576,95.6347,9.7302,72.5539,88.7581,0.4558,0.4451,0.0628,0.5063,3.929,,70.7589,1.2334,0,6.802,1.0493,0,0.0387,0.066,0.2049,0.2333,0.0324,0.6526,6.1482,0.3245,,1,8,546.0504,5.0377,80.2736,24.0667,0.828
OSR126,Indian Recipes,Almond cardamom cake (Badam elaichi cake),INDB,Cooked_Recipe,356.348,1488.4467,7.1775,34.5316,21.3558,18.0578,2.3486,,,8781.4775,8635.2393,2373.4451,74.3204,81.2914,207.4232,52.8959,155.3731,173.3834,1.2894,0.9356,0.2153,5.6422,157.1788,,206.2819,1.746,0.1027,3.8934,2.3572,1.7866,0.0668,0.1048,0.6895,0.5162,0.058,3.1413,15.9408,0.5395,,1,12,242.8363,4.8912,23.5318,14.5531,1.6005
OSR127,Indian Recipes,Tutti frutti cake,INDB,Cooked_Recipe,347.7216,1454.1011,4.4907,52.9368,12.6823,28.0846,0.846,,,1872.7297,2609.2383,7589.9653,2.4639,61.407,134.1226,14.1581,106.3583,109.7934,0.6171,0.4675,0.0775,0.448,6.2717,,87.4624,2.0628,0,5.8291,1.0492,0,0.0594,0.0791,0.2818,0.3328,0.047,0.7602,9.0127,0.224,,1,1,2949.5483,38.0922,449.0365,107.5772,7.176
OSR128,Indian Recipes,Ham and Bean soup,INDB,Cooked_Recipe,96.0419,401.9109,10.6074,4.1766,4.1507,1.4349,0.5431,,,865.2965,2297.7122,634.5271,25.9156,20.5166,207.4818,22.9695,378.144,309.3036,0.8765,1.1985,0.113,5.2243,0,,720.4258,0.2352,0,0.3223,7.5171,0,0.3804,0.0967,4.1527,2.3561,0.3119,2.8124,68.7752,14.7937,,1,8,144.8192,15.9946,6.2977,6.2587,0.819
OSR129,Indian Recipes,Whey soup,INDB,Cooked_Recipe,68.9105,287.3965,3.4547,6.2592,3.3378,5.8675,0.8395,,,1390.6526,993.0598,683.1389,0.8258,164.9166,116.086,19.0843,87.075,158.886,0.5456,0.81,0.0665,4.7841,1.6516,,54.2141,0.1022,0,0.4662,1.2489,0,0.0428,0.1342,0.1182,0.3888,0.0442,2.9274,15.0938,1.1405,,1,4,153.9581,7.7184,13.9841,7.4572,1.8755
OSR130,Indian Recipes,Bottle gourd soup (Ghiya/Lauki soup),INDB,Cooked_Recipe,23.0482,95.3633,0.4537,1.1609,1.7946,0.3885,0.9585,,,358.3963,1170.0784,162.3027,0.7201,15.1443,14.6778,5.9209,53.8057,61.6769,0.2564,0.1036,0.0266,0.7646,2.2875,,56.9805,0.3424,0,0.0932,2.0183,0,0.0142,0.0076,0.0773,0.24,0.0137,1.1498,17.8713,2.0346,,1,3,68.0106,1.3388,3.4256,5.2956,2.8284
OSR131,Indian Recipes,Baked potato soup,INDB,Cooked_Recipe,147.0542,611.1809,5.7321,5.8512,11.2082,3.4384,0.2988,,,6188.4526,3297.9319,657.6136,26.307,106.5628,128.1682,12.6517,268.6925,184.8744,0.2683,0.5753,0.0424,2.3638,64.9655,,167.0618,0.1383,0,0.2675,1.0007,0,0.1256,0.1067,1.0259,0.4221,0.1123,1.8963,8.1506,3.6157,,1,6,769.878,30.0092,30.6328,58.6785,1.5641
OSR132,Indian Recipes,Pumpkin soup,INDB,Cooked_Recipe,40.0455,165.553,0.4701,2.0762,3.2012,1.4695,1.1908,,,616.2796,2153.906,272.4996,0.8636,12.1716,11.8474,5.3756,45.4973,115.1869,0.1895,0.0642,0.0309,0.1791,4.5695,,614.567,0.6386,0,0.4058,36.9982,0,0.0146,0.0163,0.1853,0.0918,0.0384,0.8155,11.2199,3.6102,,1,3,127.5114,1.4969,6.6111,10.193,3.7917
OSR133,Indian Recipes,Sweet corn soup,INDB,Cooked_Recipe,32.2458,135.2654,0.9903,3.5648,1.6323,0.8957,0.3114,,,198.92,364.5397,915.4396,0,3.7212,26.1359,11.2229,22.3506,86.9209,0.4077,0.1423,0.0176,0.0147,0,,320.7069,0.1062,0,0.6556,1.0717,0,0.0433,0.0163,0.5167,0.2058,0.0256,0.1827,12.7818,2.6325,,1,3,126.4754,3.8842,13.9819,6.4023,1.2212
OSR134,Indian Recipes,Paneer soup,INDB,Cooked_Recipe,47.8508,200.0303,3.222,2.4241,2.8007,1.9773,0.2803,,,1497.1251,792.6627,294.5419,0,82.761,56.7444,6.5511,68.0322,27.6615,0.3032,0.4729,0.0256,3.9552,0,,85.7343,0.3338,0,0.1747,5.1595,0,0.0055,0.0197,0.0463,0.0957,0.0162,3.516,17.4368,1.2434,,1,2,292.2487,19.6782,14.805,17.1054,1.7118
OSR135,Indian Recipes,Curried Cauliflower soup,INDB,Cooked_Recipe,37.3232,155.4973,6.7151,3.1169,9.7733,1.791,2.3384,,,1281.9403,538.9851,179.053,4.7731,37.2512,74.4792,33.7068,7311.4385,333.5057,2.1187,0.3541,0.0591,0.2341,17.8894,,92.2747,0.5157,0,0.141,5.007,0,0.0215,0.0323,0.1867,0.2186,0.0585,0.881,15.2585,14.9079,,1,4,129.8429,23.3609,10.8433,34,8.135
OSR136,Indian Recipes,Millet soup,INDB,Cooked_Recipe,55.9933,234.3943,11.263,8.2204,12.57,1.453,2.823,,,394.3436,289.2868,480.6527,1.455,65.2061,138.8453,48.4665,10918.8311,382.1819,2.7358,0.7017,0.1148,3.9659,3.7035,,532.9749,1.0472,0,0.2641,3.8242,0,0.0463,0.059,0.2231,0.1893,0.0627,0.7216,11.3959,1.8274,,1,8,129.6441,26.0777,19.0331,29.1039,6.5362
OSR137,Indian Recipes,Lemon coriander soup,INDB,Cooked_Recipe,108.0623,450.3245,2.2683,10.3163,6.2587,2.1952,6.7693,,,682.1749,1988.9567,2993.291,0,102.5711,62.7154,54.5152,219.1745,368.8135,3.4687,0.7938,0.2335,1.0032,0,,2068.802,0.9709,0,2.2201,28.2697,0,0.0549,0.0603,0.4499,0.2281,0.1053,1.2347,25.6567,17.6854,,1,4,52.5237,1.1025,5.0142,3.042,3.2902
OSR138,Indian Recipes,Garlic soup,INDB,Cooked_Recipe,194.8584,805.1945,2.3835,6.9851,17.6192,2.3867,1.6632,,,6456.9443,9024.4297,1166.0837,22.9167,60.5498,56.6625,18.0813,179.2552,247.4653,0.7291,0.3439,0.0632,0.3103,121.25,,272.616,0.2745,0,0.7052,8.1399,0,0.0437,0.0983,0.494,0.3194,0.0942,2.0868,15.175,7.7214,,1,2,280.5961,3.4323,10.0586,25.3717,2.395
OSR139,Indian Recipes,Dal makhani,INDB,Cooked_Recipe,74.0402,291.3661,3.3152,7.9595,3.0633,0.7979,2.2711,,,1771.7468,729.7871,225.1493,7.2494,20.6212,58.3088,27.3921,41.8451,199.3994,1.2257,0.4795,0.1058,3.1496,30.8463,,621.9116,2.6502,0.0064,0.1092,6.3271,0.1146,0.0377,0.0261,0.3671,0.4114,0.0537,0.3538,21.2712,2.6001,,1,4,261.6257,11.7144,28.1254,10.8244,8.0252
OSR141,Indian Recipes,Dalma,INDB,Cooked_Recipe,118.9264,500.9732,4.9084,15.0428,4.5841,3.0963,2.1592,,,531.7787,2174.0613,1304.5247,0,54.2805,85.459,43.248,49.3531,390.3841,2.0959,0.7714,0.2445,1.3005,0,,1068.3213,4.3618,0,0.6228,6.8339,0,0.1017,0.0717,0.7084,0.4929,0.1529,0.8991,52.0933,13.8884,,1,5,313.704,12.9473,39.6798,12.0919,5.6957
OSR142,Indian Recipes,Split bengal gram dal (Channa dal),INDB,Cooked_Recipe,99.6712,415.0822,4.1515,9.9942,4.6224,0.9756,3.7171,,,2146.9167,1190.0681,646.8712,8.5251,21.9893,66.0071,29.502,46.3989,232.7166,1.9192,0.7696,0.177,8.8255,31.952,,1176.5741,2.2193,0,0.2849,5.1278,0,0.073,0.036,0.502,0.338,0.0661,0.4488,35.4069,4.5797,,1,4,291.2043,12.1293,29.1995,13.505,10.8602
OSR143,Indian Recipes,Horsegram dal (Kulthi dal),INDB,Cooked_Recipe,55.6474,232.249,2.9094,8.2067,1.1346,0.7221,1.5217,,,148.0393,239.3964,668.435,0,38.2189,42.1782,23.0143,63.6285,173.0602,1.3026,0.3933,0.1756,3.6233,0,,795.6805,1.7872,0,0.5304,5.0878,0,0.0485,0.0346,0.3399,0.2391,0.048,0.3948,23.8623,3.8736,,1,4,200.7939,10.4979,29.6123,4.0941,5.4909
OSR144,Indian Recipes,Panchmel dal,INDB,Cooked_Recipe,111.2225,462.3517,4.625,10.7089,5.3556,0.7465,3.1967,,,2900.8774,1361.4272,489.163,11.8568,23.0544,72.5314,32.4905,79.4616,269.9219,1.4193,0.658,0.195,7.5586,44.4389,,1481.1326,2.5436,0,0.3591,10.6989,0,0.0798,0.0374,0.5299,0.3882,0.0721,0.4509,26.4522,2.8214,,1,4,334.6016,13.9139,32.2167,16.1119,9.617
OSR145,Indian Recipes,Dal dhokli,INDB,Cooked_Recipe,68.7371,287.3342,2.9571,8.5452,2.4705,1.1223,1.8613,,,410.2815,823.5316,1066.8086,0,14.5396,53.601,23.6314,37.5338,152.2346,0.7921,0.4522,0.1395,3.7759,0,,505.5409,1.3465,0,0.6289,7.3869,0,0.0745,0.024,0.672,0.1753,0.0455,0.2263,13.4593,0.8225,,1,4,231.4105,9.9555,28.7684,8.3173,6.2662
OSR146,Indian Recipes,Gujarati handvo,INDB,Cooked_Recipe,207.0894,865.1173,8.2397,31.8553,4.8009,2.5108,4.9544,,,871.4636,1014.1797,2444.6509,1.9345,68.2097,151.0766,47.3241,308.5464,411.198,2.0291,1.249,0.2986,9.9371,4.9241,,1162.5533,1.3188,0,1.537,21.46,0,0.1501,0.1031,1.1826,0.7407,0.1495,1.4365,53.7061,4.5057,,1,1,1442.5437,57.3959,221.8979,33.4421,34.5115
OSR147,Indian Recipes,Sev (Omapodi/Karapusa),INDB,Cooked_Recipe,609.1428,2514.835,5.1164,12.87,60.0764,0.5255,2.347,,,7209.6797,12305.8555,37924.3984,0,13.9482,49.9788,14.5489,53.1887,71.9558,0.7211,0.3447,0.0694,0.9174,0,,30.8502,0.04,0,29.564,5.9994,0,0.1017,0.0393,0.4416,0.2792,0.1036,1.8855,43.2939,0.0012,,1,6,834.221,7.0069,17.6254,82.2747,3.2141
OSR148,Indian Recipes,Papdi,INDB,Cooked_Recipe,708.9611,2919.197,1.8295,12.8933,72.1115,0.3131,0.5641,,,8659.3223,14793.7529,45650.3945,0,6.0583,20.1,6.628,28.9094,31.0565,0.4372,0.1644,0.0399,0.0115,0,,48.2274,1.1973,0,35.4534,5.1293,0,0.0274,0.0107,0.1413,0.125,0.0149,0.1036,2.8868,0.023,,1,4,1231.3767,3.1776,22.3941,125.2486,0.9798
OSR151,Indian Recipes,Jowar dosa,INDB,Cooked_Recipe,294.347,1225.4005,8.5035,40.5322,10.2763,0.5923,5.5619,,,1254.5635,2060.9902,6285.9639,0,19.4585,166.7776,71.559,97.2454,339.7718,2.0252,1.2733,0.2879,11.2417,0,,116.3434,2.6397,0,4.7066,12.7687,0,0.1563,0.0623,1.3164,0.7666,0.1519,0.3875,29.1343,0,,1,13,97.2477,2.8094,13.3912,3.3951,1.8376
OSR152,Indian Recipes,Bread roll,INDB,Cooked_Recipe,435.4561,1800.116,2.8546,16.1175,40.2494,0.9438,1.4461,,,4777.0703,8139.6587,25156.748,0,44.8294,36.8383,12.9978,139.3428,153.4168,0.7074,0.2874,0.0702,1.9265,0,,503.4725,0.5777,0,19.573,7.9656,0,0.0774,0.0233,0.6525,0.1108,0.0485,0.4501,12.9662,5.6136,,1,10,526.9236,3.4543,19.503,48.7038,1.7499
OSR153,Indian Recipes,Soya seekh kebab,INDB,Cooked_Recipe,115.0494,478.8928,5.3954,10.0004,5.8783,0.5148,2.2374,,,707.0641,1190.3726,3393.7129,0,15.6707,69.8874,28.7747,92.2464,306.0222,1.2607,0.6119,0.1648,0.6938,0,,318.6361,1.9561,0,2.4166,8.3135,0,0.0995,0.025,0.7424,0.3123,0.1146,1.3667,25.1645,14.9841,,1,9,65.7507,3.0835,5.7152,3.3594,1.2787
OSR154,Indian Recipes,Classic seasoned black beans,INDB,Cooked_Recipe,28.7785,120.365,8.0072,7.6564,8.2833,0.4413,3.5064,,,9.4991,35.7775,26.617,0,40.1136,58.856,23.4528,7989.0732,201.4854,1.9,0.2271,0.0353,0.0446,0,,41.7452,0.0956,0,0.0798,1.1888,0,0.0059,0.0037,0.0586,0.0305,0.0187,0.1635,2.6158,4.8449,,1,6,50.7125,14.11,13.4919,14.5966,6.1789
OSR155,Indian Recipes,Maa chaane ki dal,INDB,Cooked_Recipe,344.6657,1438.2458,19.8003,43.1089,9.5042,1.054,13.4505,,,3985.9045,2188.78,1784.626,15.3608,68.6493,298.9306,123.3169,43.3055,923.9167,5.9653,3.0777,0.7075,37.7376,57.5717,,938.7654,5.793,0,0.5541,6.7209,0,0.29,0.1379,1.8377,1.7944,0.2436,0.8814,126.3164,1.7644,,1,4,279.4377,16.0531,34.9505,7.7055,10.905
OSR156,Indian Recipes,Garlic chickpea soup (Lahasun aur chane ka shoraba),INDB,Cooked_Recipe,89.5305,373.8082,4.4477,13.9179,2.0144,2.653,2.8396,,,236.1216,811.0593,650.2986,0,13.9281,55.9354,18.7891,79.7326,177.3311,0.9554,0.6053,0.1465,0.0131,0,,711.0139,1.4236,0,0.2359,5.501,0,0.1064,0.0477,0.3977,0.3665,0.1265,0.2204,119.6036,4.1619,,1,6,284.8934,14.1529,44.2881,6.41,9.036
ASC071,Indian Recipes,White sauce (thin),INDB,Cooked_Recipe,115.1687,479.0806,3.3129,6.5781,8.4078,4.5844,0.0742,,,5196.103,2203.4529,283.0173,11.0384,110.195,93.109,8.5567,23.9124,111.3263,0.1858,0.3329,0.0327,0.8752,49.6468,,223.0249,0.1808,0,0.2999,0.4104,0,0.0317,0.1066,0.0944,0.3352,0.039,1.8501,6.9134,1.8518,,,,,,,,
ASC072,Indian Recipes,White sauce (medium),INDB,Cooked_Recipe,151.2744,627.7615,3.3581,7.9772,11.7624,4.3233,0.1375,,,7322.0273,3048.5374,406.8754,20.4662,103.5288,90.1616,8.7931,22.5906,108.1886,0.2163,0.3353,0.0351,0.8114,92.0498,,242.6904,0.3353,0,0.3681,0.7609,0,0.0331,0.1037,0.1067,0.3311,0.0381,1.7392,6.8139,1.7167,,,,,,,,
ASC073,Indian Recipes,White sauce (thick),INDB,Cooked_Recipe,209.6939,868.3292,3.4313,10.2409,17.1903,3.901,0.24,,,10761.7988,4415.8945,607.2795,35.7205,92.7429,85.3925,9.1755,20.4519,103.1118,0.2657,0.3393,0.0388,0.7081,160.6584,,274.5093,0.5852,0,0.4786,1.328,0,0.0354,0.0989,0.1266,0.3244,0.0368,1.5598,6.6528,1.4981,,,,,,,,
ASC074,Indian Recipes,Cheese sauce,INDB,Cooked_Recipe,194.7616,808.6754,7.6835,7.0818,15.1248,4.5275,0.118,,,9411.8496,4033.0005,538.1545,39.7533,255.1379,293.0103,14.3255,317.3781,130.2143,0.3118,1.0151,0.0252,2.0636,145.2112,,209.4542,0.2348,0,0.4223,1.0772,0,0.0413,0.148,0.1119,0.4118,0.049,2.8928,9.2753,1.2029,,,,,,,,
ASC075,Indian Recipes,Egg sauce,INDB,Cooked_Recipe,146.853,610.6255,5.9673,5.8796,11.0789,3.1912,0.1242,,,6174.1763,3162.0759,607.3036,111.0846,89.4901,115.1748,9.7288,51.5356,117.2157,0.6481,0.5726,0.0449,11.2052,119.7797,,225.9502,0.2471,0.2203,0.6674,0.6301,3.8321,0.0403,0.1269,0.1151,0.6302,0.0715,6.0662,17.9769,1.266,,,,,,,,
ASC076,Indian Recipes,Mushroom sauce,INDB,Cooked_Recipe,137.5636,570.9683,3.3938,7.3129,10.5061,3.8556,0.4667,,,6518.0088,2711.6382,390.9399,18.1994,94.0978,89.8236,9.8461,20.9435,131.4272,0.2245,0.317,0.0411,0.7215,81.8544,,215.8101,2.5732,0,0.3285,2.0611,0,0.0305,0.0955,0.1702,0.342,0.0472,2.5689,6.9763,1.5266,,,,,,,,
ASC077,Indian Recipes,Mustard sauce,INDB,Cooked_Recipe,158.5837,658.2952,3.979,8.2864,12.1741,4.2183,0.1342,,,7180.5195,3455.6909,528.2361,19.9688,109.0333,92.3451,14.8988,22.1631,128.4062,0.4419,0.4851,0.0391,0.7917,89.8125,,236.7917,0.3272,0,0.3592,0.7424,0,0.0323,0.1011,0.1041,0.323,0.0372,1.6969,6.6483,1.675,,,,,,,,
ASC078,Indian Recipes,Brown sauce,INDB,Cooked_Recipe,109.1758,450.7034,11.9226,5.3782,23.6733,0.1296,1.6895,,,1124.3778,1912.2877,5918.2861,0,40.4428,107.2828,39.1603,14174.5947,334.0897,2.4568,0.3954,0.0552,0,0,,19.5517,0.4873,0,4.5862,0.659,0,0.0109,0.0043,0.0558,0.0521,0.0058,0.042,1.1767,0,,,,,,,,
ASC130,Indian Recipes,Classic italian pasta,INDB,Cooked_Recipe,42.12,175.2519,0.5723,4.4022,2.4532,2.9395,1.3621,,,647.5273,513.4535,1115.7469,1.6992,19.5531,13.8294,9.2067,49.0354,105.0174,0.4077,0.1158,0.0384,0.095,7.6426,,2709.146,3.8956,0,0.8936,10.0717,0,0.0214,0.0137,0.2301,0.1132,0.046,0.6517,9.6221,8.6262,,,,,,,,
ASC131,Indian Recipes,Pasta spinach sauce,INDB,Cooked_Recipe,85.4644,353.283,1.7649,1.7601,7.8963,1.0416,0.8597,,,2696.3567,4136.4175,596.3981,9.336,58.5733,45.4056,32.1502,115.7855,251.0459,1.2303,0.3055,0.0669,0.8839,41.1555,,3271.2183,0.1335,0,0.7358,111.3163,0,0.0628,0.0589,0.1721,0.1246,0.0694,1.7664,53.7454,12.783,,,,,,,,
ASC132,Indian Recipes,Pasta cheese sauce,INDB,Cooked_Recipe,149.2632,621.7614,4.3317,9.0026,10.8416,4.2161,0.1378,,,6732.6665,2866.9453,380.9763,22.224,152.6849,148.5883,10.4007,255.951,114.3862,0.2497,0.537,0.027,1.1787,92.9071,,202.4882,0.0468,0,0.3379,0.8211,0,0.031,0.1213,0.0846,0.3289,0.0401,2.1728,7.426,1.541,,,,,,,,
ASC266,Indian Recipes,Mayonnaise,INDB,Cooked_Recipe,774.8582,3188.8982,1.865,1.6494,84.5249,1.4419,0.1128,,,10737.1221,17899.4531,52047.9336,117.1156,15.3639,61.3537,3.692,272.8899,23.4728,0.5131,0.2116,0.0274,5.6878,58.6667,,33.7789,0.0873,0.3537,40.5072,5.7245,4.9132,0.0122,0.0177,0.078,0.3036,0.0325,7.1106,12.2649,0,,,,,,,,
ASC267,Indian Recipes,Low calorie quick mayonnaise,INDB,Cooked_Recipe,242.8914,1002.2222,1.4059,4.7113,24.3502,0.8264,0.0646,,,3103.614,5178.1929,14944.2031,35.6725,6.4698,19.6433,2.5468,165.9417,19.6647,0.2544,0.1593,0.014,3.9925,19.2982,,17.4834,0.0501,0.0819,11.6631,1.807,1.424,0.0068,0.0187,0.0124,0.1439,0.0161,1.7846,4.9316,0,,,,,,,,
ASC268,Indian Recipes,Thousand island dressing,INDB,Cooked_Recipe,407.8734,1681.3148,1.3656,4.4944,42.8652,3.1048,0.4563,,,3549.0994,25798.3008,11337.333,34,9.1133,17.1178,6.6704,946.0992,97.9444,0.4507,0.1667,0.0246,0.2615,49.1111,,462.0444,0.1059,0,12.7228,2.16,0,0.0317,0.068,0.3667,0.1822,0.1052,1.2444,13.5356,11.8289,,,,,,,,
ASC388,Indian Recipes,Curd dip,INDB,Cooked_Recipe,79.9542,336.8269,5.0438,7.9483,3.3587,7.1192,0.1034,,,1850.6191,1002.9796,262.8839,10.5906,167.1711,145.6008,18.0611,301.0674,279.3992,0.2503,0.6237,0.0099,1.817,27.0468,,205.2525,0.0523,0,0.3149,0.3483,0,0.0671,0.2249,0.37,0.4474,0.1065,2.337,16.3379,2.2485,,,,,,,,
ASC394,Indian Recipes,Short crust pastry,INDB,Cooked_Recipe,422.0953,1751.2745,6.106,44.716,23.9771,3.179,1.5809,,,14974.8262,6017.5503,1006.969,61.0024,16.9021,69.6158,18.3332,97.1971,92.9284,1.0241,0.5348,0.1014,0,274.3675,,328.7828,3.8549,0,0.5585,2.6921,0,0.0859,0.0544,0.4411,0.4267,0.0458,0.3895,9.3079,0,,,,,,,,
ASC406,Indian Recipes,Choux pastry,INDB,Cooked_Recipe,222.3702,922.562,5.5514,16.1954,14.9565,1.5048,0.559,,,8681.2256,4067.7246,790.9874,125.0127,19.4278,72.6203,9.7524,132.2815,69.3494,0.8251,0.5061,0.0544,10.238,195.6456,,181.2152,1.363,0.2127,0.6734,1.3266,3.6987,0.0456,0.0709,0.1838,0.5256,0.0567,4.7656,15.7772,0,,,,,,,,
ASC410,Indian Recipes,Flaky pastry,INDB,Cooked_Recipe,443.9403,1836.7422,4.6878,33.6063,31.9864,0.81,1.2489,,,3845.4978,6516.1265,20204.9766,0,9.276,49.7783,14.2308,178.5249,67.371,0.8339,0.3986,0.0805,0,0,,122.1719,3.0452,0,15.6127,2.448,0,0.0679,0.0271,0.3484,0.3258,0.0362,0.2624,7.3529,0,,,,,,,,
ASC428,Indian Recipes,Sponge cake,INDB,Cooked_Recipe,253.7711,1070.1493,9.1844,44.6323,4.7416,26.3289,0.6866,,,1496.2064,1744.4875,658.4776,182.0896,30.2239,119.6816,13.6692,64.607,108.9453,1.4707,0.8563,0.0899,20.1194,98.5075,,134.3284,1.6741,0.4179,0.7637,0.2488,7.2687,0.0672,0.1099,0.2484,0.9106,0.0996,9.2189,28.5796,0,,,,,,,,
ASC434,Indian Recipes,Glace icing,INDB,Cooked_Recipe,323.5146,1381.2739,0.0056,86.3147,0.0103,85.3505,0,,,2.7671,0.6493,4.8356,0,1.9545,0.957,0.1219,9.8796,10.589,0.4126,0.0833,0.0415,0,0,,1.1779,0.0053,0,0.0008,0.0247,0,0.0005,0.0001,0.0014,0.0016,0.0004,0.0263,0.1703,0.6597,,,,,,,,
ASC436,Indian Recipes,Royal icing,INDB,Cooked_Recipe,332.5834,1419.2494,1.7395,86.5295,0.0187,85.5721,0,,,2.4235,0.6047,4.1718,0,2.868,3.4974,1.9884,36.4989,35.4047,0.4249,0.0886,0.0467,3.3968,0,,1.0116,0.0046,0.168,0.0007,0.0212,0,0.0037,0.0262,0.0048,0.2176,0.0005,0.7202,0.9398,0.5666,,,,,,,,
ASC437,Indian Recipes,American frosting,INDB,Cooked_Recipe,257.5739,1097.9279,1.0537,67.4767,0.0085,67.4611,0,,,0.7209,0.1692,1.2598,0,7.0524,2.2123,2.4251,19.3305,18.3704,0.1357,0.0674,0.0801,2.0609,0,,0.3069,0.0014,0.1019,0.0002,0.0064,0,0.0021,0.0156,0.0013,0.1315,0.0001,0.4301,0.5258,0.1719,,,,,,,,
ASC438,Indian Recipes,Gum icing,INDB,Cooked_Recipe,223.0704,951.8733,5.9437,53.1887,0,52.631,0,,,0,0,0,0,18.6197,2.7606,1.0563,29.3239,6.0704,0.4014,0.0648,0.0289,1.338,0,,0,0,0,0,0,0,0,0,0,0,0,0,0,0,,,,,,,,
ASC475,Indian Recipes,Channa murmura premix,INDB,Cooked_Recipe,339.0922,1418.7872,10.587,72.589,3.276,1.519,8.212,,,32.788,27.839,31.36,0,21.363,106.4,45.213,206.283,344.3,4.577,1.015,0.175,0,0,,35.322,0,0,0.028,0.7,0,0.077,0.028,1.309,0.266,0.049,0.882,0,0,,,,,,,,
ASC476,Indian Recipes,Cracked wheat and green gram dal premix (Dalia moong dal premix),INDB,Cooked_Recipe,362.1578,1515.28,15.891,64.745,5.108,0.632,11.662,,,863.8,1840.87,1265.2001,0,49.026,122.3,50.7,3.249,321.5,4.28,0.816,0.286,10.369,0,,132.08,1.12,0,0.474,1.91,0,0.127,0.036,1.503,0.437,0.061,0.291,27.509,0,,,,,,,,
ASC477,Indian Recipes,Rice flakes and roasted channa,INDB,Cooked_Recipe,333.404,1394.9872,10.566,71.938,2.94,1.309,8.842,,,198.8,297.5,403.9,0,17.233,136.5,54.544,205.506,349.9,4.514,1.043,0.182,0,0,,23.527,0,0,0.035,0.7,0,0.084,0.028,1.12,0.336,0.014,0.273,5.922,0,,,,,,,,
ASC479,Indian Recipes,Spinach soup in milk,INDB,Cooked_Recipe,56.7227,237.3333,2.8867,3.9767,3.2,3.34,0.7933,,,1865.6666,823.61,190.3333,0,106.0967,75.2367,34.51,31.1567,285,1.0833,0.3733,0.0767,1.33,0,,3317.6667,0.0867,0,0.5767,108.3333,0,0.0733,0.1067,0.1633,0.3,0.0767,2.7,52.02,11.4333,,,,,,,,
ASC480,Indian Recipes,Vegetable soup,INDB,Cooked_Recipe,55.2061,230.1412,2.2173,7.6016,1.5502,1.6094,3.0137,,,865.251,352.4275,179.5372,3.3412,18.0961,34.351,20.8451,170.6784,274.6941,0.6267,0.3627,0.0926,0.5098,15.0275,,4425.8115,7.4745,0,0.2094,22.2592,0,0.0882,0.0227,0.698,0.338,0.1098,1.7816,24.5373,23.198,,,,,,,,
ASC481,Indian Recipes,Mashed banana with milk,INDB,Cooked_Recipe,95.4345,400.3226,2.5065,14.6226,2.9935,11.3484,0.7129,,,1781.9354,787.8645,131.6129,0,78.6355,69.0548,15.1548,16.9903,191.129,0.2323,0.2645,0.0619,0.6129,0,,212.9032,0.0645,0,0.171,0.7097,0,0.0226,0.0839,0.2065,0.3323,0.1903,1.7742,10.3194,3.8968,,,,,,,,
ASC484,Indian Recipes,Poha with curd (Poha aur dahi),INDB,Cooked_Recipe,173.3246,725.4109,6.0114,26.7234,4.6536,5.4605,1.0944,,,2824.3425,1233.4795,317.3972,13.3699,140.9014,172.3904,36.7178,325.0658,249.9384,1.6081,0.9092,0.0751,1.4138,45.4247,,43.174,0.1279,0,0.1186,0.5644,0,0.0744,0.1979,0.586,0.4762,0.0749,1.8984,14.7415,0.6849,,,,,,,,
ASC485,Indian Recipes,Potato with curd,INDB,Cooked_Recipe,73.1801,307.1713,3.1912,12.006,1.3327,3.2988,1.0219,,,786.988,323,116.9323,4.3825,85.4104,93.6813,22.257,190.9024,435.2151,0.3817,0.4466,0.0541,1.245,11.1554,,132.6693,0.1135,0,0.0558,1.2669,0,0.0598,0.1135,0.7012,0.4263,0.0996,1.8426,16.4402,14.2331,,,,,,,,
ASC486,Indian Recipes,Sweet wheat porridge (Sweet dalia),INDB,Cooked_Recipe,140.6631,588.5444,5.115,23.7678,2.7939,12.2339,2.365,,,1547.1378,690.2128,148.1778,0,99.1772,84.5794,36.0222,24.6267,265.9445,1.9817,0.5106,0.1061,3.6261,0,,1750.4432,0.1683,0,0.3506,54.375,0,0.0667,0.0878,0.2022,0.3244,0.1361,1.9239,31.9494,6.1633,,,,,,,,
ASC487,Indian Recipes,Vegetable khichdi/khichri,INDB,Cooked_Recipe,143.1655,597.9336,5.6107,19.5727,4.5258,3.7096,2.4539,,,2717.2527,1090.3152,316.1255,11.9188,100.5387,128.9059,41.8812,193.5542,384.8672,1.0893,0.7365,0.1582,5.0402,45.6827,,3575.4097,0.4502,0,0.3937,64.4557,0,0.11,0.1439,0.6815,0.4875,0.1314,2.1011,45.5137,7.1033,,,,,,,,
ASC489,Indian Recipes,Moong dal mixture,INDB,Cooked_Recipe,158.8358,671.9189,4.6208,33.9257,1.003,24.683,1.8973,,,494.1211,188.2162,180.5676,2.3784,70.5319,98.647,45.5465,29.5959,453.8649,1.2541,0.6043,0.1878,6.467,6.0541,,2184.27,0.3295,0,0.3292,71.6746,0,0.0995,0.0954,0.5411,0.4227,0.097,1.8714,48.2419,13.0703,,,,,,,,
ASC490,Indian Recipes,Cracked wheat khichri/khichdi (Dalia khichri/khichdi),INDB,Cooked_Recipe,167.453,699.3032,7.5566,22.3489,5.5158,3.7873,3.7448,,,3270.9067,1323.4457,270.4525,14.6154,123.0357,113.3959,35.4674,224.9453,340.8552,2.1674,0.7525,0.1262,5.8575,56.0181,,2271.8101,0.1774,0,0.4127,74.2036,0,0.0941,0.1624,0.329,0.3977,0.0955,2.2353,44.7955,7.3032,,,,,,,,
ASC492,Indian Recipes,Stewed apple,INDB,Cooked_Recipe,91.9309,389.1429,0.1657,22.4914,0.3657,20.4457,1.48,,,88,29.2171,161.1429,0,9.2457,6.1086,4.9086,1.5314,67,0.1771,0.0657,0.04,0.2686,0,,130.8571,0.8343,0,0.0857,2.0857,0,0.0171,0.0057,0.1429,0.0514,0.0229,0.1943,1.7371,2.04,,,,,,,,
ASC493,Indian Recipes,Lemon squash (Nimbu ka squash),INDB,Cooked_Recipe,184.5586,786.8348,0.1538,48.8773,0.0615,48.8773,0,,,30.7598,0,30.7598,0,9.8462,3.5377,2.7918,15.0108,30.0181,0.1847,0.0769,0.0554,0.3076,0,,1.2304,0,0,0,0,0,0.0092,0.0031,0.0308,0.0369,0.0154,0,2.1532,10.4583,,,,,,,,
ASC494,Indian Recipes,Orange squash (Santre ka squash),INDB,Cooked_Recipe,193.2587,823.1313,0.2153,50.8828,0.04,50.5568,0.3968,,,11.4149,5.9243,14.6509,0,10.6213,4.4297,4.3451,14.8477,52.7804,0.3415,0.0585,0.0646,0.0584,0,,207.6284,0.1046,0,0.0123,0.769,0,0.0215,0.0062,0.0861,0.0615,0.0123,0.8859,5.9859,13.1406,,,,,,,,
ASC495,Indian Recipes,Lichi squash,INDB,Cooked_Recipe,198.3313,844.3556,0.3045,51.9563,0.08,51.3073,0.4122,,,28.139,14.0357,24.2664,0,6.3919,7.6349,5.4309,14.5617,51.8576,0.3354,0.12,0.0892,0.1415,0,,39.6801,0.1015,0,0.0185,2.4023,0,0.0062,0.0185,0.0707,0.0584,0.0215,0.8613,4.8262,10.403,,,,,,,,
ASC496,Indian Recipes,Mango squash (Aam ka squash),INDB,Cooked_Recipe,194.6555,828.9757,0.1661,50.9628,0.1692,50.8367,0.5783,,,52.2916,41.2181,40.6029,0,9.4679,3.8668,5.0526,14.8078,46.6284,0.2492,0.0831,0.0862,0.5875,0,,438.0191,1.1412,0,0.0861,1.4672,0,0.0092,0.0123,0.08,0.0369,0.0369,0.4922,25.2384,10.1415,,,,,,,,
ASC497,Indian Recipes,Pineapple squash (Ananas ka squash),INDB,Cooked_Recipe,195.0231,830.5137,0.16,51.3442,0.0492,51.0797,1.0643,,,15.7152,9.5817,14.6909,0,7.9637,4.6327,4.8465,14.8354,46.3208,0.1785,0.0769,0.0769,0.0246,0,,26.5488,0.0646,0,0.1384,0.7382,0,0.0154,0.0092,0.0369,0.04,0.04,0.323,5.6014,11.1873,,,,,,,,
ASC498,Indian Recipes,Lemon and ginger squash (Nimbu aur adrak ka squash),INDB,Cooked_Recipe,170.3429,725.3824,0.5438,44.0608,0.2099,42.5292,1.0717,,,66.1801,13.5899,96.1712,0,11.1756,11.2689,12.9509,16.1911,101.3963,0.5199,0.138,0.074,0.1999,0,,66.58,0.8178,0,0.064,5.1085,0,0.014,0.01,0.104,0.072,0.05,0.2139,3.5629,7.8836,,,,,,,,
ASC499,Indian Recipes,Apple jam (Seb ka murabba),INDB,Cooked_Recipe,188.7895,802.5,0.145,48.555,0.32,46.765,1.295,,,77,25.565,141,0,10.84,5.62,4.845,2.715,60,0.21,0.085,0.068,0.235,0,,114.5,0.73,0,0.075,1.825,0,0.015,0.005,0.125,0.045,0.02,0.17,1.52,1.785,,,,,,,,
ASC500,Indian Recipes,Plum jam (Aloo bukhara jam),INDB,Cooked_Recipe,178.8856,760.5769,0.3077,46.2019,0.1923,45.2548,0.9952,,,9.6394,81.7308,28.4038,0,7.5048,7.0337,4.5144,2.6683,79.8077,0.1971,0.0865,0.2433,0.2692,0,,206.7308,1.5962,0,0.2404,4.0865,0,0.0096,0.0096,0.2115,0.0769,0.024,0.1442,6.8702,1.0865,,,,,,,,
ASC501,Indian Recipes,Pineapple jam,INDB,Cooked_Recipe,149.1792,633.6793,0.3217,38.267,0.1509,37.4425,2.2028,,,43.4472,22.4557,53.6377,0,10.4679,8.9623,8.5443,2.4538,93.3962,0.2434,0.0953,0.0796,0.0896,0,,70.4585,0.2566,0,0.2689,1.7028,0,0.0311,0.0179,0.0915,0.0821,0.0774,0.6264,10.5943,20.9236,,,,,,,,
ASC502,Indian Recipes,Guava jelly (Amrood ki jelly),INDB,Cooked_Recipe,115.7423,491.5385,1.1077,28.1769,0.2462,27.3846,6.6077,,,37.9231,27.4769,135.3846,0,16.5538,18.3385,12.2,3.3615,218.8462,0.2923,0.2,0.1508,1.4154,0,,766.1539,1.2923,0,0.0692,2.8308,0,0.0385,0.0308,0.4615,0.1923,0.0846,0.5692,22.8923,164.6154,,,,,,,,
ASC503,Indian Recipes,Orange marmalade (Santray ka murabba),INDB,Cooked_Recipe,104.1679,441.8044,0.6609,25.9427,0.1294,25.0871,1.967,,,31.6242,17.6915,54.813,0,17.5919,11.9902,9.8683,2.3148,148.9211,0.6327,0.0753,0.0634,0.3622,0,,587.7445,0.4447,0,0.0387,2.1757,0,0.0542,0.0187,0.2674,0.1685,0.0413,2.0649,17.0764,56.2468,,,,,,,,
ASC504,Indian Recipes,Carrot murabba (Gajar ka murabba),INDB,Cooked_Recipe,175.2403,746.3333,0.3167,45.6,0.1567,44.8267,1.3933,,,29.2367,7.0033,88.6667,0,15.8633,14.77,6.41,19.5267,93.0833,0.2833,0.125,0.0767,0.0733,0,,3125.6667,0.4533,0,0.07,6.1167,0,0.0133,0.01,0.0733,0.1,0.0367,0.5,8.0133,2.0733,,,,,,,,
ASC505,Indian Recipes,Gooseberry marmalade (Amla murabba),INDB,Cooked_Recipe,123.1608,523.9782,0.1362,32.3433,0.0272,28.6104,0,,,0,0,0,0,16.4033,5.7275,0.9591,216.8937,64.5177,0.3831,0.0278,0.0822,0,0,,2.4523,0,0,0,0,0,0.0082,0.0027,0.0545,0,0,0,0,0,,,,,,,,
ASC506,Indian Recipes,Ginger candy (Adrak ki candy),INDB,Cooked_Recipe,195.7094,833.125,0.6938,50.3812,0.2656,47.9875,1.675,,,72.1875,21.2406,119.0625,0,10.4312,14.3156,17.9875,5.4,129.4531,0.6844,0.1672,0.095,0,0,,102.8125,1.2781,0,0.1,7.9844,0,0.0125,0.0125,0.1312,0.075,0.0625,0.3344,3.3812,1.6969,,,,,,,,
ASC507,Indian Recipes,Mango pickle (Aam ka achaar),INDB,Cooked_Recipe,192.1192,804.0583,1.5959,8.1149,17.8881,1.7947,3.6766,,,2065.834,10283.0508,3861.3423,0,48.9661,34.1492,32.7542,3429.939,206.9153,1.4431,0.2992,0.1212,0.2235,0,,707.6865,5.3986,0,0.642,11.8808,0,0.0304,0.0395,0.6004,0.1104,0.1414,0.9885,19.038,61.1983,,,,,,,,
ASC509,Indian Recipes,Mixed vegetable pickle (Sabziyoon ka achaar),INDB,Cooked_Recipe,211.2047,884.1813,1.8994,7.4834,19.6821,2.7691,2.7636,,,2272.072,11262.041,4262.4512,0,42.8102,47.4445,33.0076,2488.3208,283.1516,2.1201,0.357,0.144,1.7514,0,,464.2361,2.6833,0,0.2706,14.0445,0,0.0524,0.051,0.508,0.1423,0.139,1.3969,15.9058,30.3733,,,,,,,,
ASC511,Indian Recipes,Sweet lemon pickle (Neembu ka meetha achaar),INDB,Cooked_Recipe,69.5416,295.3,1.2202,16.8696,0.2084,14.6317,2.1345,,,100.4445,12.6469,95.9413,0,42.5672,10.6803,21.9781,6415.9023,148.6482,1.0209,0.1284,0.0752,0.9833,0,,60.8903,0.7081,0,0.0342,4.6002,0,0.022,0.009,0.0885,0.0865,0.0397,0.0942,5.1793,22.1932,,,,,,,,
ASC512,Indian Recipes,Plum chutney (Aloo bukhara ki chutney),INDB,Cooked_Recipe,177.1083,752.2881,0.4656,44.9541,0.2859,43.9036,1.3683,,,27.2993,102.2771,74.9126,0,12.3842,10.4176,7.3103,216.8135,101.564,0.3428,0.1299,0.2572,0.4416,0,,303.298,1.7764,0,0.2498,5.1636,0,0.012,0.015,0.2793,0.0848,0.0357,0.1611,7.2556,1.1232,,,,,,,,
ASC513,Indian Recipes,Raw mango chutney (Kachhe aam/Kairi ki chutney),INDB,Cooked_Recipe,193.1336,821.2233,0.5148,49.9405,0.1557,45.2243,2.1697,,,37.5849,28.021,71.9651,0,25.9235,11.2567,14.0996,480.6783,105.5065,0.4841,0.1355,0.1081,0.0566,0,,394.8157,4.5123,0,0.513,9.3826,0,0.0139,0.0174,0.2172,0.08,0.0854,0.8069,14.6835,50.2309,,,,,,,,
ASC514,Indian Recipes,Tomato sauce,INDB,Cooked_Recipe,34.3276,144.7684,0.8106,7.2336,0.2737,5.6875,1.7875,,,54.8875,34.9839,128.1342,0,12.995,16.482,13.257,174.792,168.4079,0.3115,0.1347,0.0493,0.0291,0,,5288.5137,10.8295,0,0.2061,22.6119,0,0.0391,0.0206,0.4944,0.1804,0.0818,1.1005,15.2683,23.1649,,,,,,,,
ASC515,Indian Recipes,Tomato puree,INDB,Cooked_Recipe,20.6241,86.4491,0.7517,3.6845,0.2473,2.3195,1.5628,,,47.1316,30.1681,117.7052,0,8.912,15.2928,12.1919,244.9901,165.7359,0.2204,0.1099,0.0406,0,0,,5762.6113,11.7013,0,0.2176,23.8576,0,0.0396,0.0198,0.5045,0.178,0.0791,1.0781,15.2423,24.9951,,,,,,,,
BFP001,Indian Recipes,Garam masala,INDB,Cooked_Recipe,254.2149,1063.6608,9.8875,26.1955,10.9723,1.7911,35.5643,,,900.8036,5676.875,2164.4644,0,609.7679,228.0268,318.3929,58.3304,1501.8036,14.5084,3.3652,1.2275,6.6045,0,,1088.6964,19.0152,0,1.1187,85.3143,0,0.228,0.165,1.3116,0.2796,0.1734,2.4241,20.6759,9,,,,,,,,
BFP002,Indian Recipes,Chat masala,INDB,Cooked_Recipe,222.5819,931.924,8.19,23.866,9.913,0.79,18.621,,,342.8,4428.5,1949.8999,0,519.5,221.15,247.9,11873.6406,1051.15,13.271,2.492,0.768,2.238,0,,354.8,4.971,0,0.697,61.97,0,0.262,0.108,1.518,0.116,0.16,0.626,13.323,6.5,,,,,,,,
BFP003,Indian Recipes,Kashmiri masala,INDB,Cooked_Recipe,389.0206,1630.0416,8.2582,23.1606,31.0298,2.4102,12.1202,,,3480.7969,17010.9434,6389.6929,0,303.4922,199.1825,183.4448,3106.1379,1020.75,14.7169,2.0979,0.5923,5.1506,0,,8177.5522,6.2562,0,0.5108,38.3352,0,0.199,0.1707,2.4709,0.4303,0.1619,0.4985,16.7424,2.0156,,,,,,,,
BFP004,Indian Recipes,Rasam powder (Rasam masala),INDB,Cooked_Recipe,267.9609,1121.1753,12.0374,25.1866,11.8023,1.9109,35.7094,,,779.6804,6561.7466,2070.6494,0,562.149,269.7751,288.9464,38.7787,1524.8969,14.7166,3.0903,1.3999,8.9102,0,,6329.3403,8.9513,0,1.0221,88.1507,0,0.2509,0.2048,1.6718,0.3921,0.1633,1.7221,33.0852,11.6495,,,,,,,,
BFP005,Indian Recipes,Sambar powder (Sambar masala),INDB,Cooked_Recipe,297.4649,1241.4117,12.4969,23.377,15.5772,1.8712,34.5555,,,5026.3628,5878.3335,2180.9116,0,439.952,262.7273,247.0373,27.664,1350.0491,12.6261,3.004,1.2416,14.9857,0,,11008.4414,7.4081,0,0.8543,70.7659,0,0.2283,0.2365,1.7354,0.4885,0.1666,1.5582,48.8722,10.2941,,,,,,,,
BFP095,Indian Recipes,Tartare sauce,INDB,Cooked_Recipe,610.935,2515.353,1.4359,2.96,66.1176,2.1824,0.4159,,,5019.2939,40196.8203,17631.1758,50.4706,21.0588,9.6212,4.8341,256.9459,33.2941,0.5635,0.1829,0.0332,0.6729,68.8235,,390.6471,0.3265,0,19.5724,18.9412,0,0.0122,0.1023,0.0595,0.1457,0.0919,1.41,20.8824,8.0765,,,,,,,,
BFP096,Indian Recipes,Barbeque sauce,INDB,Cooked_Recipe,121.9342,512.721,0.9572,20.4623,4.5135,18.8786,0.6895,,,544.9713,971.8618,2771.1846,0,28.609,17.576,16.6987,504.9531,186.4635,1.1528,0.1603,0.0645,0.3117,0,,144,0.2042,0,2.1243,1.5837,0,0.2668,0.027,0.6354,0.0554,0.0282,0.351,5.057,5.7541,,,,,,,,
BFP097,Indian Recipes,Bread sauce,INDB,Cooked_Recipe,111.042,463.7804,3.4601,8.6924,7.0507,4.6297,0.5615,,,4241.2705,1804.1272,241.5508,8.4784,110.7202,88.4159,11.0674,88.8442,122.765,0.3141,0.355,0.048,1.3781,38.1329,,194.4021,0.2118,0,0.2629,1.3069,0,0.0461,0.0974,0.2223,0.2979,0.0458,1.803,10.3204,2.1327,,,,,,,,
BFP163,Indian Recipes,Green chilli sauce,INDB,Cooked_Recipe,46.0567,192.6481,1.2481,7.3648,0.2667,5.3593,1.7667,,,47.7778,11.9259,152.963,0,9.8889,26.7074,16.5407,1037.037,155.7593,0.6426,0.1685,0.0672,0.5185,0,,498.8889,1.1519,0,0.1,7.1037,0,0.0361,0.048,0.5185,0.0815,0.1037,0.2333,8.5741,34.8407,,,,,,,,
BFP164,Indian Recipes,Home made plain noodles,INDB,Cooked_Recipe,238.7799,997.0408,6.2079,44.5038,3.5636,1.0726,1.6538,,,503.971,2301.605,460.6591,0,12.2701,65.9184,18.7403,182.0705,89.0943,1.0744,0.5278,0.1025,0,0,,161.7884,4.0327,0,0.1886,2.3882,0,0.0899,0.036,0.4614,0.4314,0.0479,0.3475,9.7373,0,,,,,,,,
BFP166,Indian Recipes,Dal moong,INDB,Cooked_Recipe,43.6864,181.8898,2.2027,4.9206,1.6175,0.1267,1.0771,,,873.4276,401.8597,141.6215,3.5467,7.6927,39.1977,16.6204,117.739,130.1271,0.5218,0.2462,0.0933,4.3559,13.293,,113.222,0.3229,0,0.1174,1.7861,0,0.0341,0.0137,0.1944,0.155,0.0262,0.0865,8.5875,1.03,,,,,,,,
BFP167,Indian Recipes,Cumin seeds baghar (Jeera baghar/tadka),INDB,Cooked_Recipe,736.8055,3034.9231,3.3362,5.2185,78.7677,0.4892,6.0077,,,45128.3086,21181.7695,4479.3076,189.2308,177.7692,85.3077,86.4231,177.5769,420.9231,5.0854,0.9715,0.2762,0.6169,709.2308,,2215.4614,1.8615,0,4.66,26.5269,0,0.1031,0.0688,0.9838,0.0681,0.1408,0.1846,5.3523,1.2692,,,,,,,,
BFP168,Indian Recipes,Onion tomato baghar (Pyaaz tamatar ka tadka),INDB,Cooked_Recipe,137.5241,568.0244,1.2596,6.1723,11.9778,3.5053,2.1192,,,6992.207,3097.0115,697.5862,29.1677,20.4508,26.9402,16.7449,31.3333,174.1634,0.6255,0.2638,0.0879,0.166,109.3194,,2496.3005,4.6773,0,0.7956,12.1,0,0.0403,0.0237,0.4615,0.2203,0.0994,1.6505,20.1958,15.8927,,,,,,,,
BFP169,Indian Recipes,Mustard seeds baghar (Mustard seed tadka),INDB,Cooked_Recipe,552.5924,2278.8535,4.7303,10.4451,54.2978,1.1445,9.7421,,,31336.3555,14349.3848,3383.4087,130.5733,182.9317,89.9655,91.7696,8.8975,553.413,4.1355,0.7038,0.2819,9.6097,489.3843,,23706.7715,30.6713,0,3.6968,109.6507,0,0.1545,0.184,1.5345,0.2295,0.2029,0.6979,37.8838,1.2824,,,,,,,,
BFP360,Indian Recipes,Hot cherry sauce,INDB,Cooked_Recipe,252.7406,1064.6196,0.1323,67.9458,0.0713,17.6507,0,,,16.3318,6.3124,32.5988,0,24.8192,9.976,6.698,105.8082,39.9754,0.4541,0.043,0.0192,0,0,,7.0836,0.0253,0,0.0039,0.1167,0,0.0095,0.0069,0.0065,0.0202,0.0082,0.1244,0.8704,3.1212,,,,,,,,
BFP583,Indian Recipes,Apple jelly (Seb ki jelly),INDB,Cooked_Recipe,152.1263,647,0.0967,39.37,0.2133,38.1767,0.8633,,,51.3333,17.0433,94,0,7.8933,3.8133,3.3633,2.1433,40.3333,0.1533,0.0633,0.0533,0.1567,0,,76.3333,0.4867,0,0.05,1.2167,0,0.01,0.0033,0.0833,0.03,0.0133,0.1133,1.0133,1.19,,,,,,,,
BFP585,Indian Recipes,Marmalade (Murabba),INDB,Cooked_Recipe,143.7613,612,0.2333,37.64,0.0433,37.2867,0.43,,,12.37,6.42,15.8767,0,9.84,4.6333,4.35,2.1567,56.3333,0.3367,0.0467,0.05,0.0633,0,,225,0.1133,0,0.0133,0.8333,0,0.0233,0.0067,0.0933,0.0667,0.0133,0.96,6.4867,14.24,,,,,,,,
BFP589,Indian Recipes,Plum squash (Aloo bukhara squash),INDB,Cooked_Recipe,211.1677,899.2752,0.16,55.5111,0.1,55.0187,0.5174,,,5.0112,42.4894,14.7663,0,6.9033,3.9568,2.9658,12.7093,43.0115,0.1625,0.075,0.1625,0.14,0,,107.4731,0.8298,0,0.125,2.1245,0,0.005,0.005,0.11,0.04,0.0125,0.075,3.5716,0.5649,,,,,,,,
BFP595,Indian Recipes,Lemon green chilli pickle (Nimboo aur hari mirch ka achaar),INDB,Cooked_Recipe,14.0742,59.1076,0.8513,2.1418,0.2436,1.0048,1.0696,,,88.75,5.1603,130.2885,0,20.0529,14.7612,23.1907,7559.375,138,0.5461,0.1266,0.0394,0.641,0,,218.4295,0.4984,0,0.0433,3.0737,0,0.0337,0.024,0.2067,0.1122,0.0769,0.101,7.9327,36.8702,,,,,,,,
BFP597,Indian Recipes,Brinjal pickle (Baingan ka achaar),INDB,Cooked_Recipe,139.0065,581.7536,2.2393,4.2294,12.9778,1.0699,4.6162,,,1477.9492,7291.877,2951.4492,0,37.2826,62.1087,40.3551,3507.5947,305.8696,2.1608,0.4578,0.143,2.7288,0,,644.3913,2.3113,0,0.1667,12.6775,0,0.0701,0.1123,0.8076,0.2642,0.1079,1.3444,28.9346,1.5362,,,,,,,,
BFP598,Indian Recipes,Sweet and sour tomato pickle (Khatta meetha tamatar ka achaar),INDB,Cooked_Recipe,60.8769,255.4348,1.258,6.554,3.2389,4.3091,2.1954,,,370.9161,1728.599,779.1812,0,15.1756,29.3737,21.262,1281.9382,203.1248,0.537,0.2004,0.0656,1.1522,0,,6103.9961,10.4849,0,0.2228,24.3906,0,0.0509,0.0376,0.5762,0.1993,0.0969,1.006,16.3362,20.9281,,,,,,,,
BFP599,Indian Recipes,Jhatpat achar with carrot (Jhatpat achaar gajar ke saath),INDB,Cooked_Recipe,91.2141,381.7012,1.9809,6.3241,6.5488,3.0359,5.0751,,,716.4813,3409.137,1643.3195,0,54.3071,76.1577,36.5726,2067.335,341.4025,2.3158,0.5058,0.1247,3.2811,0,,8113.8799,2.8351,0,0.295,17.5884,0,0.0614,0.0544,0.5649,0.2863,0.1388,1.3207,24.6394,5.1784,,,,,,,,
BFP601,Indian Recipes,Tomato chutney (Tamatar ki chutney),INDB,Cooked_Recipe,176.0699,745.4306,0.9701,31.8453,6.0097,30.0163,1.4897,,,691.4465,3277.5234,1318.4258,0,25.3357,21.467,17.5153,823.6464,157.3522,0.9601,0.2278,0.1021,0.0227,0,,3381.1023,6.5571,0,0.128,14.9605,0,0.0341,0.029,0.4721,0.1361,0.0793,0.7667,10.8714,14.2937,,,,,,,,
BFP602,Indian Recipes,Tomato ketchup,INDB,Cooked_Recipe,33.0686,139.0197,0.905,6.4783,0.3,4.685,1.8969,,,56.8585,49.5528,133.9642,0,15.3318,18.3732,14.6634,177.969,172.5693,0.3645,0.1554,0.0587,0.1515,0,,4874.1812,10.155,0,0.1975,21.8336,0,0.0401,0.0206,0.4756,0.1859,0.0826,1.161,15.8477,21.6364,,,,,,,,
OSR082,Indian Recipes,Bengal 5 Spice Blend (Panch Phoran),INDB,Cooked_Recipe,289.7942,1212.52,18.26,19.998,22.156,1.4,18.4,,,800.2,7997.2002,3611.2,0,523,408.4,253,51.434,1026.2,13.368,3.164,0.812,17.092,0,,503.8,9.174,0,0.592,31.14,0,0.352,0.19,3.632,0.194,0.28,0.838,34.756,1.6,,,,,,,,